algoritmo,n_caracteres,tasa_error,repeticion,bits_datos,bits_trama,bits_volteados,resultado
hamming,4,0.001,0,32,48,0,exito
hamming,4,0.001,1,32,48,0,exito
hamming,4,0.001,2,32,48,0,exito
hamming,4,0.001,3,32,48,0,exito
hamming,4,0.001,4,32,48,0,exito
hamming,4,0.001,5,32,48,0,exito
hamming,4,0.001,6,32,48,0,exito
hamming,4,0.001,7,32,48,0,exito
hamming,4,0.001,8,32,48,0,exito
hamming,4,0.001,9,32,48,0,exito
hamming,4,0.001,10,32,48,1,exito
hamming,4,0.001,11,32,48,0,exito
hamming,4,0.001,12,32,48,0,exito
hamming,4,0.001,13,32,48,0,exito
hamming,4,0.001,14,32,48,0,exito
hamming,4,0.001,15,32,48,0,exito
hamming,4,0.001,16,32,48,0,exito
hamming,4,0.001,17,32,48,0,exito
hamming,4,0.001,18,32,48,0,exito
hamming,4,0.001,19,32,48,0,exito
hamming,4,0.001,20,32,48,0,exito
hamming,4,0.001,21,32,48,0,exito
hamming,4,0.001,22,32,48,0,exito
hamming,4,0.001,23,32,48,0,exito
hamming,4,0.001,24,32,48,0,exito
hamming,4,0.001,25,32,48,1,exito
hamming,4,0.001,26,32,48,0,exito
hamming,4,0.001,27,32,48,0,exito
hamming,4,0.001,28,32,48,0,exito
hamming,4,0.001,29,32,48,0,exito
hamming,4,0.001,30,32,48,0,exito
hamming,4,0.001,31,32,48,0,exito
hamming,4,0.001,32,32,48,0,exito
hamming,4,0.001,33,32,48,0,exito
hamming,4,0.001,34,32,48,0,exito
hamming,4,0.001,35,32,48,0,exito
hamming,4,0.001,36,32,48,0,exito
hamming,4,0.001,37,32,48,0,exito
hamming,4,0.001,38,32,48,0,exito
hamming,4,0.001,39,32,48,0,exito
hamming,4,0.001,40,32,48,0,exito
hamming,4,0.001,41,32,48,0,exito
hamming,4,0.001,42,32,48,0,exito
hamming,4,0.001,43,32,48,0,exito
hamming,4,0.001,44,32,48,0,exito
hamming,4,0.001,45,32,48,0,exito
hamming,4,0.001,46,32,48,0,exito
hamming,4,0.001,47,32,48,1,exito
hamming,4,0.001,48,32,48,0,exito
hamming,4,0.001,49,32,48,0,exito
hamming,4,0.001,50,32,48,0,exito
hamming,4,0.001,51,32,48,0,exito
hamming,4,0.001,52,32,48,0,exito
hamming,4,0.001,53,32,48,0,exito
hamming,4,0.001,54,32,48,0,exito
hamming,4,0.001,55,32,48,0,exito
hamming,4,0.001,56,32,48,0,exito
hamming,4,0.001,57,32,48,0,exito
hamming,4,0.001,58,32,48,0,exito
hamming,4,0.001,59,32,48,0,exito
hamming,4,0.001,60,32,48,0,exito
hamming,4,0.001,61,32,48,0,exito
hamming,4,0.001,62,32,48,0,exito
hamming,4,0.001,63,32,48,0,exito
hamming,4,0.001,64,32,48,0,exito
hamming,4,0.001,65,32,48,0,exito
hamming,4,0.001,66,32,48,0,exito
hamming,4,0.001,67,32,48,0,exito
hamming,4,0.001,68,32,48,0,exito
hamming,4,0.001,69,32,48,0,exito
hamming,4,0.001,70,32,48,0,exito
hamming,4,0.001,71,32,48,0,exito
hamming,4,0.001,72,32,48,0,exito
hamming,4,0.001,73,32,48,0,exito
hamming,4,0.001,74,32,48,0,exito
hamming,4,0.001,75,32,48,0,exito
hamming,4,0.001,76,32,48,0,exito
hamming,4,0.001,77,32,48,0,exito
hamming,4,0.001,78,32,48,0,exito
hamming,4,0.001,79,32,48,0,exito
hamming,4,0.001,80,32,48,0,exito
hamming,4,0.001,81,32,48,0,exito
hamming,4,0.001,82,32,48,0,exito
hamming,4,0.001,83,32,48,1,exito
hamming,4,0.001,84,32,48,0,exito
hamming,4,0.001,85,32,48,0,exito
hamming,4,0.001,86,32,48,0,exito
hamming,4,0.001,87,32,48,0,exito
hamming,4,0.001,88,32,48,0,exito
hamming,4,0.001,89,32,48,0,exito
hamming,4,0.001,90,32,48,0,exito
hamming,4,0.001,91,32,48,0,exito
hamming,4,0.001,92,32,48,0,exito
hamming,4,0.001,93,32,48,0,exito
hamming,4,0.001,94,32,48,0,exito
hamming,4,0.001,95,32,48,0,exito
hamming,4,0.001,96,32,48,0,exito
hamming,4,0.001,97,32,48,0,exito
hamming,4,0.001,98,32,48,0,exito
hamming,4,0.001,99,32,48,0,exito
hamming,4,0.001,100,32,48,0,exito
hamming,4,0.001,101,32,48,0,exito
hamming,4,0.001,102,32,48,0,exito
hamming,4,0.001,103,32,48,0,exito
hamming,4,0.001,104,32,48,0,exito
hamming,4,0.001,105,32,48,0,exito
hamming,4,0.001,106,32,48,0,exito
hamming,4,0.001,107,32,48,0,exito
hamming,4,0.001,108,32,48,0,exito
hamming,4,0.001,109,32,48,0,exito
hamming,4,0.001,110,32,48,0,exito
hamming,4,0.001,111,32,48,0,exito
hamming,4,0.001,112,32,48,0,exito
hamming,4,0.001,113,32,48,0,exito
hamming,4,0.001,114,32,48,0,exito
hamming,4,0.001,115,32,48,0,exito
hamming,4,0.001,116,32,48,0,exito
hamming,4,0.001,117,32,48,0,exito
hamming,4,0.001,118,32,48,0,exito
hamming,4,0.001,119,32,48,0,exito
hamming,4,0.001,120,32,48,0,exito
hamming,4,0.001,121,32,48,0,exito
hamming,4,0.001,122,32,48,0,exito
hamming,4,0.001,123,32,48,1,exito
hamming,4,0.001,124,32,48,0,exito
hamming,4,0.001,125,32,48,0,exito
hamming,4,0.001,126,32,48,0,exito
hamming,4,0.001,127,32,48,0,exito
hamming,4,0.001,128,32,48,0,exito
hamming,4,0.001,129,32,48,0,exito
hamming,4,0.001,130,32,48,0,exito
hamming,4,0.001,131,32,48,0,exito
hamming,4,0.001,132,32,48,0,exito
hamming,4,0.001,133,32,48,0,exito
hamming,4,0.001,134,32,48,0,exito
hamming,4,0.001,135,32,48,0,exito
hamming,4,0.001,136,32,48,0,exito
hamming,4,0.001,137,32,48,0,exito
hamming,4,0.001,138,32,48,0,exito
hamming,4,0.001,139,32,48,0,exito
hamming,4,0.001,140,32,48,0,exito
hamming,4,0.001,141,32,48,0,exito
hamming,4,0.001,142,32,48,0,exito
hamming,4,0.001,143,32,48,0,exito
hamming,4,0.001,144,32,48,0,exito
hamming,4,0.001,145,32,48,0,exito
hamming,4,0.001,146,32,48,0,exito
hamming,4,0.001,147,32,48,0,exito
hamming,4,0.001,148,32,48,1,exito
hamming,4,0.001,149,32,48,0,exito
hamming,4,0.001,150,32,48,0,exito
hamming,4,0.001,151,32,48,0,exito
hamming,4,0.001,152,32,48,0,exito
hamming,4,0.001,153,32,48,0,exito
hamming,4,0.001,154,32,48,0,exito
hamming,4,0.001,155,32,48,0,exito
hamming,4,0.001,156,32,48,0,exito
hamming,4,0.001,157,32,48,0,exito
hamming,4,0.001,158,32,48,0,exito
hamming,4,0.001,159,32,48,0,exito
hamming,4,0.001,160,32,48,0,exito
hamming,4,0.001,161,32,48,0,exito
hamming,4,0.001,162,32,48,0,exito
hamming,4,0.001,163,32,48,0,exito
hamming,4,0.001,164,32,48,0,exito
hamming,4,0.001,165,32,48,0,exito
hamming,4,0.001,166,32,48,0,exito
hamming,4,0.001,167,32,48,0,exito
hamming,4,0.001,168,32,48,0,exito
hamming,4,0.001,169,32,48,0,exito
hamming,4,0.001,170,32,48,0,exito
hamming,4,0.001,171,32,48,0,exito
hamming,4,0.001,172,32,48,0,exito
hamming,4,0.001,173,32,48,0,exito
hamming,4,0.001,174,32,48,0,exito
hamming,4,0.001,175,32,48,0,exito
hamming,4,0.001,176,32,48,0,exito
hamming,4,0.001,177,32,48,0,exito
hamming,4,0.001,178,32,48,0,exito
hamming,4,0.001,179,32,48,0,exito
hamming,4,0.001,180,32,48,0,exito
hamming,4,0.001,181,32,48,0,exito
hamming,4,0.001,182,32,48,0,exito
hamming,4,0.001,183,32,48,0,exito
hamming,4,0.001,184,32,48,0,exito
hamming,4,0.001,185,32,48,0,exito
hamming,4,0.001,186,32,48,0,exito
hamming,4,0.001,187,32,48,0,exito
hamming,4,0.001,188,32,48,0,exito
hamming,4,0.001,189,32,48,0,exito
hamming,4,0.001,190,32,48,0,exito
hamming,4,0.001,191,32,48,0,exito
hamming,4,0.001,192,32,48,0,exito
hamming,4,0.001,193,32,48,0,exito
hamming,4,0.001,194,32,48,0,exito
hamming,4,0.001,195,32,48,0,exito
hamming,4,0.001,196,32,48,0,exito
hamming,4,0.001,197,32,48,0,exito
hamming,4,0.001,198,32,48,0,exito
hamming,4,0.001,199,32,48,0,exito
hamming,4,0.002,0,32,48,0,exito
hamming,4,0.002,1,32,48,0,exito
hamming,4,0.002,2,32,48,0,exito
hamming,4,0.002,3,32,48,0,exito
hamming,4,0.002,4,32,48,0,exito
hamming,4,0.002,5,32,48,0,exito
hamming,4,0.002,6,32,48,0,exito
hamming,4,0.002,7,32,48,0,exito
hamming,4,0.002,8,32,48,1,exito
hamming,4,0.002,9,32,48,0,exito
hamming,4,0.002,10,32,48,0,exito
hamming,4,0.002,11,32,48,0,exito
hamming,4,0.002,12,32,48,0,exito
hamming,4,0.002,13,32,48,0,exito
hamming,4,0.002,14,32,48,0,exito
hamming,4,0.002,15,32,48,0,exito
hamming,4,0.002,16,32,48,1,exito
hamming,4,0.002,17,32,48,0,exito
hamming,4,0.002,18,32,48,1,exito
hamming,4,0.002,19,32,48,0,exito
hamming,4,0.002,20,32,48,0,exito
hamming,4,0.002,21,32,48,0,exito
hamming,4,0.002,22,32,48,0,exito
hamming,4,0.002,23,32,48,0,exito
hamming,4,0.002,24,32,48,0,exito
hamming,4,0.002,25,32,48,0,exito
hamming,4,0.002,26,32,48,1,exito
hamming,4,0.002,27,32,48,1,exito
hamming,4,0.002,28,32,48,0,exito
hamming,4,0.002,29,32,48,0,exito
hamming,4,0.002,30,32,48,0,exito
hamming,4,0.002,31,32,48,0,exito
hamming,4,0.002,32,32,48,0,exito
hamming,4,0.002,33,32,48,0,exito
hamming,4,0.002,34,32,48,0,exito
hamming,4,0.002,35,32,48,0,exito
hamming,4,0.002,36,32,48,0,exito
hamming,4,0.002,37,32,48,0,exito
hamming,4,0.002,38,32,48,0,exito
hamming,4,0.002,39,32,48,0,exito
hamming,4,0.002,40,32,48,0,exito
hamming,4,0.002,41,32,48,0,exito
hamming,4,0.002,42,32,48,0,exito
hamming,4,0.002,43,32,48,0,exito
hamming,4,0.002,44,32,48,0,exito
hamming,4,0.002,45,32,48,0,exito
hamming,4,0.002,46,32,48,0,exito
hamming,4,0.002,47,32,48,0,exito
hamming,4,0.002,48,32,48,0,exito
hamming,4,0.002,49,32,48,0,exito
hamming,4,0.002,50,32,48,0,exito
hamming,4,0.002,51,32,48,0,exito
hamming,4,0.002,52,32,48,0,exito
hamming,4,0.002,53,32,48,0,exito
hamming,4,0.002,54,32,48,0,exito
hamming,4,0.002,55,32,48,0,exito
hamming,4,0.002,56,32,48,0,exito
hamming,4,0.002,57,32,48,0,exito
hamming,4,0.002,58,32,48,0,exito
hamming,4,0.002,59,32,48,1,exito
hamming,4,0.002,60,32,48,0,exito
hamming,4,0.002,61,32,48,0,exito
hamming,4,0.002,62,32,48,0,exito
hamming,4,0.002,63,32,48,0,exito
hamming,4,0.002,64,32,48,0,exito
hamming,4,0.002,65,32,48,0,exito
hamming,4,0.002,66,32,48,0,exito
hamming,4,0.002,67,32,48,0,exito
hamming,4,0.002,68,32,48,0,exito
hamming,4,0.002,69,32,48,0,exito
hamming,4,0.002,70,32,48,0,exito
hamming,4,0.002,71,32,48,0,exito
hamming,4,0.002,72,32,48,0,exito
hamming,4,0.002,73,32,48,1,exito
hamming,4,0.002,74,32,48,0,exito
hamming,4,0.002,75,32,48,0,exito
hamming,4,0.002,76,32,48,0,exito
hamming,4,0.002,77,32,48,1,exito
hamming,4,0.002,78,32,48,0,exito
hamming,4,0.002,79,32,48,0,exito
hamming,4,0.002,80,32,48,0,exito
hamming,4,0.002,81,32,48,0,exito
hamming,4,0.002,82,32,48,0,exito
hamming,4,0.002,83,32,48,0,exito
hamming,4,0.002,84,32,48,0,exito
hamming,4,0.002,85,32,48,1,exito
hamming,4,0.002,86,32,48,0,exito
hamming,4,0.002,87,32,48,0,exito
hamming,4,0.002,88,32,48,0,exito
hamming,4,0.002,89,32,48,0,exito
hamming,4,0.002,90,32,48,0,exito
hamming,4,0.002,91,32,48,0,exito
hamming,4,0.002,92,32,48,0,exito
hamming,4,0.002,93,32,48,0,exito
hamming,4,0.002,94,32,48,0,exito
hamming,4,0.002,95,32,48,1,exito
hamming,4,0.002,96,32,48,0,exito
hamming,4,0.002,97,32,48,0,exito
hamming,4,0.002,98,32,48,0,exito
hamming,4,0.002,99,32,48,0,exito
hamming,4,0.002,100,32,48,0,exito
hamming,4,0.002,101,32,48,0,exito
hamming,4,0.002,102,32,48,0,exito
hamming,4,0.002,103,32,48,1,exito
hamming,4,0.002,104,32,48,0,exito
hamming,4,0.002,105,32,48,0,exito
hamming,4,0.002,106,32,48,0,exito
hamming,4,0.002,107,32,48,0,exito
hamming,4,0.002,108,32,48,0,exito
hamming,4,0.002,109,32,48,0,exito
hamming,4,0.002,110,32,48,0,exito
hamming,4,0.002,111,32,48,0,exito
hamming,4,0.002,112,32,48,0,exito
hamming,4,0.002,113,32,48,0,exito
hamming,4,0.002,114,32,48,1,exito
hamming,4,0.002,115,32,48,0,exito
hamming,4,0.002,116,32,48,0,exito
hamming,4,0.002,117,32,48,1,exito
hamming,4,0.002,118,32,48,0,exito
hamming,4,0.002,119,32,48,0,exito
hamming,4,0.002,120,32,48,0,exito
hamming,4,0.002,121,32,48,0,exito
hamming,4,0.002,122,32,48,1,exito
hamming,4,0.002,123,32,48,0,exito
hamming,4,0.002,124,32,48,0,exito
hamming,4,0.002,125,32,48,0,exito
hamming,4,0.002,126,32,48,0,exito
hamming,4,0.002,127,32,48,0,exito
hamming,4,0.002,128,32,48,0,exito
hamming,4,0.002,129,32,48,1,exito
hamming,4,0.002,130,32,48,1,exito
hamming,4,0.002,131,32,48,0,exito
hamming,4,0.002,132,32,48,0,exito
hamming,4,0.002,133,32,48,0,exito
hamming,4,0.002,134,32,48,0,exito
hamming,4,0.002,135,32,48,0,exito
hamming,4,0.002,136,32,48,0,exito
hamming,4,0.002,137,32,48,0,exito
hamming,4,0.002,138,32,48,0,exito
hamming,4,0.002,139,32,48,0,exito
hamming,4,0.002,140,32,48,0,exito
hamming,4,0.002,141,32,48,0,exito
hamming,4,0.002,142,32,48,0,exito
hamming,4,0.002,143,32,48,0,exito
hamming,4,0.002,144,32,48,0,exito
hamming,4,0.002,145,32,48,0,exito
hamming,4,0.002,146,32,48,0,exito
hamming,4,0.002,147,32,48,0,exito
hamming,4,0.002,148,32,48,0,exito
hamming,4,0.002,149,32,48,0,exito
hamming,4,0.002,150,32,48,0,exito
hamming,4,0.002,151,32,48,0,exito
hamming,4,0.002,152,32,48,0,exito
hamming,4,0.002,153,32,48,0,exito
hamming,4,0.002,154,32,48,0,exito
hamming,4,0.002,155,32,48,1,exito
hamming,4,0.002,156,32,48,0,exito
hamming,4,0.002,157,32,48,0,exito
hamming,4,0.002,158,32,48,0,exito
hamming,4,0.002,159,32,48,0,exito
hamming,4,0.002,160,32,48,0,exito
hamming,4,0.002,161,32,48,0,exito
hamming,4,0.002,162,32,48,1,exito
hamming,4,0.002,163,32,48,0,exito
hamming,4,0.002,164,32,48,0,exito
hamming,4,0.002,165,32,48,1,exito
hamming,4,0.002,166,32,48,0,exito
hamming,4,0.002,167,32,48,0,exito
hamming,4,0.002,168,32,48,0,exito
hamming,4,0.002,169,32,48,0,exito
hamming,4,0.002,170,32,48,0,exito
hamming,4,0.002,171,32,48,0,exito
hamming,4,0.002,172,32,48,0,exito
hamming,4,0.002,173,32,48,0,exito
hamming,4,0.002,174,32,48,0,exito
hamming,4,0.002,175,32,48,0,exito
hamming,4,0.002,176,32,48,0,exito
hamming,4,0.002,177,32,48,0,exito
hamming,4,0.002,178,32,48,0,exito
hamming,4,0.002,179,32,48,0,exito
hamming,4,0.002,180,32,48,0,exito
hamming,4,0.002,181,32,48,0,exito
hamming,4,0.002,182,32,48,0,exito
hamming,4,0.002,183,32,48,0,exito
hamming,4,0.002,184,32,48,0,exito
hamming,4,0.002,185,32,48,0,exito
hamming,4,0.002,186,32,48,0,exito
hamming,4,0.002,187,32,48,0,exito
hamming,4,0.002,188,32,48,1,exito
hamming,4,0.002,189,32,48,0,exito
hamming,4,0.002,190,32,48,0,exito
hamming,4,0.002,191,32,48,0,exito
hamming,4,0.002,192,32,48,0,exito
hamming,4,0.002,193,32,48,0,exito
hamming,4,0.002,194,32,48,0,exito
hamming,4,0.002,195,32,48,1,exito
hamming,4,0.002,196,32,48,0,exito
hamming,4,0.002,197,32,48,0,exito
hamming,4,0.002,198,32,48,0,exito
hamming,4,0.002,199,32,48,0,exito
hamming,4,0.005,0,32,48,1,exito
hamming,4,0.005,1,32,48,0,exito
hamming,4,0.005,2,32,48,0,exito
hamming,4,0.005,3,32,48,0,exito
hamming,4,0.005,4,32,48,0,exito
hamming,4,0.005,5,32,48,0,exito
hamming,4,0.005,6,32,48,0,exito
hamming,4,0.005,7,32,48,0,exito
hamming,4,0.005,8,32,48,0,exito
hamming,4,0.005,9,32,48,1,exito
hamming,4,0.005,10,32,48,0,exito
hamming,4,0.005,11,32,48,0,exito
hamming,4,0.005,12,32,48,0,exito
hamming,4,0.005,13,32,48,0,exito
hamming,4,0.005,14,32,48,0,exito
hamming,4,0.005,15,32,48,1,exito
hamming,4,0.005,16,32,48,0,exito
hamming,4,0.005,17,32,48,1,exito
hamming,4,0.005,18,32,48,0,exito
hamming,4,0.005,19,32,48,0,exito
hamming,4,0.005,20,32,48,1,exito
hamming,4,0.005,21,32,48,0,exito
hamming,4,0.005,22,32,48,0,exito
hamming,4,0.005,23,32,48,0,exito
hamming,4,0.005,24,32,48,0,exito
hamming,4,0.005,25,32,48,1,exito
hamming,4,0.005,26,32,48,0,exito
hamming,4,0.005,27,32,48,0,exito
hamming,4,0.005,28,32,48,1,exito
hamming,4,0.005,29,32,48,0,exito
hamming,4,0.005,30,32,48,0,exito
hamming,4,0.005,31,32,48,0,exito
hamming,4,0.005,32,32,48,0,exito
hamming,4,0.005,33,32,48,0,exito
hamming,4,0.005,34,32,48,1,exito
hamming,4,0.005,35,32,48,0,exito
hamming,4,0.005,36,32,48,0,exito
hamming,4,0.005,37,32,48,0,exito
hamming,4,0.005,38,32,48,0,exito
hamming,4,0.005,39,32,48,0,exito
hamming,4,0.005,40,32,48,2,exito
hamming,4,0.005,41,32,48,0,exito
hamming,4,0.005,42,32,48,1,exito
hamming,4,0.005,43,32,48,0,exito
hamming,4,0.005,44,32,48,0,exito
hamming,4,0.005,45,32,48,0,exito
hamming,4,0.005,46,32,48,0,exito
hamming,4,0.005,47,32,48,0,exito
hamming,4,0.005,48,32,48,0,exito
hamming,4,0.005,49,32,48,1,exito
hamming,4,0.005,50,32,48,0,exito
hamming,4,0.005,51,32,48,0,exito
hamming,4,0.005,52,32,48,1,exito
hamming,4,0.005,53,32,48,1,exito
hamming,4,0.005,54,32,48,0,exito
hamming,4,0.005,55,32,48,0,exito
hamming,4,0.005,56,32,48,0,exito
hamming,4,0.005,57,32,48,0,exito
hamming,4,0.005,58,32,48,1,exito
hamming,4,0.005,59,32,48,0,exito
hamming,4,0.005,60,32,48,0,exito
hamming,4,0.005,61,32,48,0,exito
hamming,4,0.005,62,32,48,1,exito
hamming,4,0.005,63,32,48,0,exito
hamming,4,0.005,64,32,48,0,exito
hamming,4,0.005,65,32,48,0,exito
hamming,4,0.005,66,32,48,1,exito
hamming,4,0.005,67,32,48,0,exito
hamming,4,0.005,68,32,48,0,exito
hamming,4,0.005,69,32,48,1,exito
hamming,4,0.005,70,32,48,0,exito
hamming,4,0.005,71,32,48,0,exito
hamming,4,0.005,72,32,48,0,exito
hamming,4,0.005,73,32,48,0,exito
hamming,4,0.005,74,32,48,0,exito
hamming,4,0.005,75,32,48,0,exito
hamming,4,0.005,76,32,48,0,exito
hamming,4,0.005,77,32,48,0,exito
hamming,4,0.005,78,32,48,0,exito
hamming,4,0.005,79,32,48,0,exito
hamming,4,0.005,80,32,48,0,exito
hamming,4,0.005,81,32,48,0,exito
hamming,4,0.005,82,32,48,0,exito
hamming,4,0.005,83,32,48,2,exito
hamming,4,0.005,84,32,48,0,exito
hamming,4,0.005,85,32,48,0,exito
hamming,4,0.005,86,32,48,0,exito
hamming,4,0.005,87,32,48,1,exito
hamming,4,0.005,88,32,48,1,exito
hamming,4,0.005,89,32,48,0,exito
hamming,4,0.005,90,32,48,0,exito
hamming,4,0.005,91,32,48,0,exito
hamming,4,0.005,92,32,48,0,exito
hamming,4,0.005,93,32,48,0,exito
hamming,4,0.005,94,32,48,0,exito
hamming,4,0.005,95,32,48,0,exito
hamming,4,0.005,96,32,48,0,exito
hamming,4,0.005,97,32,48,1,exito
hamming,4,0.005,98,32,48,0,exito
hamming,4,0.005,99,32,48,0,exito
hamming,4,0.005,100,32,48,0,exito
hamming,4,0.005,101,32,48,0,exito
hamming,4,0.005,102,32,48,0,exito
hamming,4,0.005,103,32,48,1,exito
hamming,4,0.005,104,32,48,0,exito
hamming,4,0.005,105,32,48,0,exito
hamming,4,0.005,106,32,48,0,exito
hamming,4,0.005,107,32,48,0,exito
hamming,4,0.005,108,32,48,1,exito
hamming,4,0.005,109,32,48,0,exito
hamming,4,0.005,110,32,48,0,exito
hamming,4,0.005,111,32,48,0,exito
hamming,4,0.005,112,32,48,0,exito
hamming,4,0.005,113,32,48,0,exito
hamming,4,0.005,114,32,48,0,exito
hamming,4,0.005,115,32,48,1,exito
hamming,4,0.005,116,32,48,0,exito
hamming,4,0.005,117,32,48,0,exito
hamming,4,0.005,118,32,48,1,exito
hamming,4,0.005,119,32,48,0,exito
hamming,4,0.005,120,32,48,0,exito
hamming,4,0.005,121,32,48,0,exito
hamming,4,0.005,122,32,48,0,exito
hamming,4,0.005,123,32,48,0,exito
hamming,4,0.005,124,32,48,0,exito
hamming,4,0.005,125,32,48,1,exito
hamming,4,0.005,126,32,48,1,exito
hamming,4,0.005,127,32,48,1,exito
hamming,4,0.005,128,32,48,1,exito
hamming,4,0.005,129,32,48,0,exito
hamming,4,0.005,130,32,48,0,exito
hamming,4,0.005,131,32,48,0,exito
hamming,4,0.005,132,32,48,0,exito
hamming,4,0.005,133,32,48,0,exito
hamming,4,0.005,134,32,48,0,exito
hamming,4,0.005,135,32,48,0,exito
hamming,4,0.005,136,32,48,0,exito
hamming,4,0.005,137,32,48,0,exito
hamming,4,0.005,138,32,48,1,exito
hamming,4,0.005,139,32,48,0,exito
hamming,4,0.005,140,32,48,0,exito
hamming,4,0.005,141,32,48,0,exito
hamming,4,0.005,142,32,48,0,exito
hamming,4,0.005,143,32,48,0,exito
hamming,4,0.005,144,32,48,0,exito
hamming,4,0.005,145,32,48,0,exito
hamming,4,0.005,146,32,48,1,exito
hamming,4,0.005,147,32,48,0,exito
hamming,4,0.005,148,32,48,0,exito
hamming,4,0.005,149,32,48,1,exito
hamming,4,0.005,150,32,48,0,exito
hamming,4,0.005,151,32,48,0,exito
hamming,4,0.005,152,32,48,0,exito
hamming,4,0.005,153,32,48,0,exito
hamming,4,0.005,154,32,48,0,exito
hamming,4,0.005,155,32,48,0,exito
hamming,4,0.005,156,32,48,0,exito
hamming,4,0.005,157,32,48,0,exito
hamming,4,0.005,158,32,48,1,exito
hamming,4,0.005,159,32,48,0,exito
hamming,4,0.005,160,32,48,0,exito
hamming,4,0.005,161,32,48,1,exito
hamming,4,0.005,162,32,48,1,exito
hamming,4,0.005,163,32,48,0,exito
hamming,4,0.005,164,32,48,0,exito
hamming,4,0.005,165,32,48,0,exito
hamming,4,0.005,166,32,48,0,exito
hamming,4,0.005,167,32,48,0,exito
hamming,4,0.005,168,32,48,0,exito
hamming,4,0.005,169,32,48,0,exito
hamming,4,0.005,170,32,48,0,exito
hamming,4,0.005,171,32,48,0,exito
hamming,4,0.005,172,32,48,0,exito
hamming,4,0.005,173,32,48,0,exito
hamming,4,0.005,174,32,48,0,exito
hamming,4,0.005,175,32,48,0,exito
hamming,4,0.005,176,32,48,1,exito
hamming,4,0.005,177,32,48,0,exito
hamming,4,0.005,178,32,48,0,exito
hamming,4,0.005,179,32,48,1,exito
hamming,4,0.005,180,32,48,0,exito
hamming,4,0.005,181,32,48,0,exito
hamming,4,0.005,182,32,48,0,exito
hamming,4,0.005,183,32,48,0,exito
hamming,4,0.005,184,32,48,0,exito
hamming,4,0.005,185,32,48,1,exito
hamming,4,0.005,186,32,48,0,exito
hamming,4,0.005,187,32,48,1,exito
hamming,4,0.005,188,32,48,0,exito
hamming,4,0.005,189,32,48,0,exito
hamming,4,0.005,190,32,48,0,exito
hamming,4,0.005,191,32,48,0,exito
hamming,4,0.005,192,32,48,0,exito
hamming,4,0.005,193,32,48,0,exito
hamming,4,0.005,194,32,48,0,exito
hamming,4,0.005,195,32,48,0,exito
hamming,4,0.005,196,32,48,1,exito
hamming,4,0.005,197,32,48,2,exito
hamming,4,0.005,198,32,48,0,exito
hamming,4,0.005,199,32,48,0,exito
hamming,4,0.01,0,32,48,0,exito
hamming,4,0.01,1,32,48,1,exito
hamming,4,0.01,2,32,48,0,exito
hamming,4,0.01,3,32,48,0,exito
hamming,4,0.01,4,32,48,1,exito
hamming,4,0.01,5,32,48,0,exito
hamming,4,0.01,6,32,48,0,exito
hamming,4,0.01,7,32,48,1,exito
hamming,4,0.01,8,32,48,0,exito
hamming,4,0.01,9,32,48,1,exito
hamming,4,0.01,10,32,48,0,exito
hamming,4,0.01,11,32,48,1,exito
hamming,4,0.01,12,32,48,0,exito
hamming,4,0.01,13,32,48,1,exito
hamming,4,0.01,14,32,48,1,exito
hamming,4,0.01,15,32,48,0,exito
hamming,4,0.01,16,32,48,0,exito
hamming,4,0.01,17,32,48,1,exito
hamming,4,0.01,18,32,48,1,exito
hamming,4,0.01,19,32,48,0,exito
hamming,4,0.01,20,32,48,0,exito
hamming,4,0.01,21,32,48,0,exito
hamming,4,0.01,22,32,48,1,exito
hamming,4,0.01,23,32,48,0,exito
hamming,4,0.01,24,32,48,1,exito
hamming,4,0.01,25,32,48,0,exito
hamming,4,0.01,26,32,48,0,exito
hamming,4,0.01,27,32,48,1,exito
hamming,4,0.01,28,32,48,1,exito
hamming,4,0.01,29,32,48,0,exito
hamming,4,0.01,30,32,48,1,exito
hamming,4,0.01,31,32,48,1,exito
hamming,4,0.01,32,32,48,1,exito
hamming,4,0.01,33,32,48,1,exito
hamming,4,0.01,34,32,48,1,exito
hamming,4,0.01,35,32,48,0,exito
hamming,4,0.01,36,32,48,0,exito
hamming,4,0.01,37,32,48,1,exito
hamming,4,0.01,38,32,48,0,exito
hamming,4,0.01,39,32,48,1,exito
hamming,4,0.01,40,32,48,0,exito
hamming,4,0.01,41,32,48,0,exito
hamming,4,0.01,42,32,48,1,exito
hamming,4,0.01,43,32,48,1,exito
hamming,4,0.01,44,32,48,0,exito
hamming,4,0.01,45,32,48,1,exito
hamming,4,0.01,46,32,48,0,exito
hamming,4,0.01,47,32,48,0,exito
hamming,4,0.01,48,32,48,0,exito
hamming,4,0.01,49,32,48,4,no_detectado
hamming,4,0.01,50,32,48,1,exito
hamming,4,0.01,51,32,48,1,exito
hamming,4,0.01,52,32,48,0,exito
hamming,4,0.01,53,32,48,1,exito
hamming,4,0.01,54,32,48,0,exito
hamming,4,0.01,55,32,48,1,exito
hamming,4,0.01,56,32,48,0,exito
hamming,4,0.01,57,32,48,2,no_detectado
hamming,4,0.01,58,32,48,0,exito
hamming,4,0.01,59,32,48,1,exito
hamming,4,0.01,60,32,48,2,no_detectado
hamming,4,0.01,61,32,48,0,exito
hamming,4,0.01,62,32,48,1,exito
hamming,4,0.01,63,32,48,0,exito
hamming,4,0.01,64,32,48,0,exito
hamming,4,0.01,65,32,48,1,exito
hamming,4,0.01,66,32,48,0,exito
hamming,4,0.01,67,32,48,0,exito
hamming,4,0.01,68,32,48,1,exito
hamming,4,0.01,69,32,48,0,exito
hamming,4,0.01,70,32,48,0,exito
hamming,4,0.01,71,32,48,0,exito
hamming,4,0.01,72,32,48,0,exito
hamming,4,0.01,73,32,48,0,exito
hamming,4,0.01,74,32,48,1,exito
hamming,4,0.01,75,32,48,0,exito
hamming,4,0.01,76,32,48,0,exito
hamming,4,0.01,77,32,48,0,exito
hamming,4,0.01,78,32,48,2,exito
hamming,4,0.01,79,32,48,0,exito
hamming,4,0.01,80,32,48,0,exito
hamming,4,0.01,81,32,48,1,exito
hamming,4,0.01,82,32,48,0,exito
hamming,4,0.01,83,32,48,1,exito
hamming,4,0.01,84,32,48,0,exito
hamming,4,0.01,85,32,48,0,exito
hamming,4,0.01,86,32,48,0,exito
hamming,4,0.01,87,32,48,0,exito
hamming,4,0.01,88,32,48,1,exito
hamming,4,0.01,89,32,48,1,exito
hamming,4,0.01,90,32,48,0,exito
hamming,4,0.01,91,32,48,0,exito
hamming,4,0.01,92,32,48,0,exito
hamming,4,0.01,93,32,48,0,exito
hamming,4,0.01,94,32,48,1,exito
hamming,4,0.01,95,32,48,2,exito
hamming,4,0.01,96,32,48,0,exito
hamming,4,0.01,97,32,48,0,exito
hamming,4,0.01,98,32,48,1,exito
hamming,4,0.01,99,32,48,1,exito
hamming,4,0.01,100,32,48,0,exito
hamming,4,0.01,101,32,48,1,exito
hamming,4,0.01,102,32,48,0,exito
hamming,4,0.01,103,32,48,0,exito
hamming,4,0.01,104,32,48,1,exito
hamming,4,0.01,105,32,48,0,exito
hamming,4,0.01,106,32,48,0,exito
hamming,4,0.01,107,32,48,0,exito
hamming,4,0.01,108,32,48,0,exito
hamming,4,0.01,109,32,48,0,exito
hamming,4,0.01,110,32,48,0,exito
hamming,4,0.01,111,32,48,1,exito
hamming,4,0.01,112,32,48,1,exito
hamming,4,0.01,113,32,48,0,exito
hamming,4,0.01,114,32,48,0,exito
hamming,4,0.01,115,32,48,0,exito
hamming,4,0.01,116,32,48,1,exito
hamming,4,0.01,117,32,48,0,exito
hamming,4,0.01,118,32,48,1,exito
hamming,4,0.01,119,32,48,2,exito
hamming,4,0.01,120,32,48,0,exito
hamming,4,0.01,121,32,48,1,exito
hamming,4,0.01,122,32,48,0,exito
hamming,4,0.01,123,32,48,1,exito
hamming,4,0.01,124,32,48,2,exito
hamming,4,0.01,125,32,48,1,exito
hamming,4,0.01,126,32,48,0,exito
hamming,4,0.01,127,32,48,0,exito
hamming,4,0.01,128,32,48,0,exito
hamming,4,0.01,129,32,48,0,exito
hamming,4,0.01,130,32,48,1,exito
hamming,4,0.01,131,32,48,0,exito
hamming,4,0.01,132,32,48,1,exito
hamming,4,0.01,133,32,48,2,exito
hamming,4,0.01,134,32,48,0,exito
hamming,4,0.01,135,32,48,2,exito
hamming,4,0.01,136,32,48,0,exito
hamming,4,0.01,137,32,48,2,exito
hamming,4,0.01,138,32,48,1,exito
hamming,4,0.01,139,32,48,2,exito
hamming,4,0.01,140,32,48,0,exito
hamming,4,0.01,141,32,48,0,exito
hamming,4,0.01,142,32,48,0,exito
hamming,4,0.01,143,32,48,1,exito
hamming,4,0.01,144,32,48,1,exito
hamming,4,0.01,145,32,48,1,exito
hamming,4,0.01,146,32,48,1,exito
hamming,4,0.01,147,32,48,0,exito
hamming,4,0.01,148,32,48,1,exito
hamming,4,0.01,149,32,48,0,exito
hamming,4,0.01,150,32,48,1,exito
hamming,4,0.01,151,32,48,1,exito
hamming,4,0.01,152,32,48,0,exito
hamming,4,0.01,153,32,48,0,exito
hamming,4,0.01,154,32,48,1,exito
hamming,4,0.01,155,32,48,0,exito
hamming,4,0.01,156,32,48,1,exito
hamming,4,0.01,157,32,48,0,exito
hamming,4,0.01,158,32,48,0,exito
hamming,4,0.01,159,32,48,0,exito
hamming,4,0.01,160,32,48,0,exito
hamming,4,0.01,161,32,48,0,exito
hamming,4,0.01,162,32,48,2,no_detectado
hamming,4,0.01,163,32,48,0,exito
hamming,4,0.01,164,32,48,0,exito
hamming,4,0.01,165,32,48,1,exito
hamming,4,0.01,166,32,48,0,exito
hamming,4,0.01,167,32,48,1,exito
hamming,4,0.01,168,32,48,1,exito
hamming,4,0.01,169,32,48,1,exito
hamming,4,0.01,170,32,48,1,exito
hamming,4,0.01,171,32,48,0,exito
hamming,4,0.01,172,32,48,0,exito
hamming,4,0.01,173,32,48,1,exito
hamming,4,0.01,174,32,48,0,exito
hamming,4,0.01,175,32,48,0,exito
hamming,4,0.01,176,32,48,0,exito
hamming,4,0.01,177,32,48,1,exito
hamming,4,0.01,178,32,48,0,exito
hamming,4,0.01,179,32,48,1,exito
hamming,4,0.01,180,32,48,0,exito
hamming,4,0.01,181,32,48,0,exito
hamming,4,0.01,182,32,48,0,exito
hamming,4,0.01,183,32,48,0,exito
hamming,4,0.01,184,32,48,1,exito
hamming,4,0.01,185,32,48,2,exito
hamming,4,0.01,186,32,48,1,exito
hamming,4,0.01,187,32,48,1,exito
hamming,4,0.01,188,32,48,1,exito
hamming,4,0.01,189,32,48,0,exito
hamming,4,0.01,190,32,48,3,no_detectado
hamming,4,0.01,191,32,48,0,exito
hamming,4,0.01,192,32,48,0,exito
hamming,4,0.01,193,32,48,0,exito
hamming,4,0.01,194,32,48,0,exito
hamming,4,0.01,195,32,48,0,exito
hamming,4,0.01,196,32,48,2,exito
hamming,4,0.01,197,32,48,0,exito
hamming,4,0.01,198,32,48,0,exito
hamming,4,0.01,199,32,48,1,exito
hamming,4,0.02,0,32,48,3,exito
hamming,4,0.02,1,32,48,0,exito
hamming,4,0.02,2,32,48,1,exito
hamming,4,0.02,3,32,48,4,no_detectado
hamming,4,0.02,4,32,48,1,exito
hamming,4,0.02,5,32,48,1,exito
hamming,4,0.02,6,32,48,1,exito
hamming,4,0.02,7,32,48,3,no_detectado
hamming,4,0.02,8,32,48,0,exito
hamming,4,0.02,9,32,48,2,exito
hamming,4,0.02,10,32,48,2,exito
hamming,4,0.02,11,32,48,1,exito
hamming,4,0.02,12,32,48,0,exito
hamming,4,0.02,13,32,48,0,exito
hamming,4,0.02,14,32,48,0,exito
hamming,4,0.02,15,32,48,0,exito
hamming,4,0.02,16,32,48,1,exito
hamming,4,0.02,17,32,48,0,exito
hamming,4,0.02,18,32,48,1,exito
hamming,4,0.02,19,32,48,0,exito
hamming,4,0.02,20,32,48,3,no_detectado
hamming,4,0.02,21,32,48,2,exito
hamming,4,0.02,22,32,48,2,exito
hamming,4,0.02,23,32,48,1,exito
hamming,4,0.02,24,32,48,4,no_detectado
hamming,4,0.02,25,32,48,2,no_detectado
hamming,4,0.02,26,32,48,1,exito
hamming,4,0.02,27,32,48,0,exito
hamming,4,0.02,28,32,48,0,exito
hamming,4,0.02,29,32,48,1,exito
hamming,4,0.02,30,32,48,0,exito
hamming,4,0.02,31,32,48,1,exito
hamming,4,0.02,32,32,48,1,exito
hamming,4,0.02,33,32,48,0,exito
hamming,4,0.02,34,32,48,1,exito
hamming,4,0.02,35,32,48,2,exito
hamming,4,0.02,36,32,48,1,exito
hamming,4,0.02,37,32,48,1,exito
hamming,4,0.02,38,32,48,1,exito
hamming,4,0.02,39,32,48,1,exito
hamming,4,0.02,40,32,48,1,exito
hamming,4,0.02,41,32,48,0,exito
hamming,4,0.02,42,32,48,2,exito
hamming,4,0.02,43,32,48,3,no_detectado
hamming,4,0.02,44,32,48,0,exito
hamming,4,0.02,45,32,48,2,exito
hamming,4,0.02,46,32,48,2,exito
hamming,4,0.02,47,32,48,1,exito
hamming,4,0.02,48,32,48,2,exito
hamming,4,0.02,49,32,48,2,no_detectado
hamming,4,0.02,50,32,48,0,exito
hamming,4,0.02,51,32,48,2,exito
hamming,4,0.02,52,32,48,1,exito
hamming,4,0.02,53,32,48,1,exito
hamming,4,0.02,54,32,48,0,exito
hamming,4,0.02,55,32,48,0,exito
hamming,4,0.02,56,32,48,1,exito
hamming,4,0.02,57,32,48,0,exito
hamming,4,0.02,58,32,48,0,exito
hamming,4,0.02,59,32,48,2,exito
hamming,4,0.02,60,32,48,0,exito
hamming,4,0.02,61,32,48,0,exito
hamming,4,0.02,62,32,48,0,exito
hamming,4,0.02,63,32,48,2,exito
hamming,4,0.02,64,32,48,0,exito
hamming,4,0.02,65,32,48,0,exito
hamming,4,0.02,66,32,48,1,exito
hamming,4,0.02,67,32,48,1,exito
hamming,4,0.02,68,32,48,3,detectado
hamming,4,0.02,69,32,48,1,exito
hamming,4,0.02,70,32,48,4,no_detectado
hamming,4,0.02,71,32,48,1,exito
hamming,4,0.02,72,32,48,1,exito
hamming,4,0.02,73,32,48,2,exito
hamming,4,0.02,74,32,48,1,exito
hamming,4,0.02,75,32,48,1,exito
hamming,4,0.02,76,32,48,0,exito
hamming,4,0.02,77,32,48,0,exito
hamming,4,0.02,78,32,48,1,exito
hamming,4,0.02,79,32,48,2,detectado
hamming,4,0.02,80,32,48,1,exito
hamming,4,0.02,81,32,48,1,exito
hamming,4,0.02,82,32,48,0,exito
hamming,4,0.02,83,32,48,0,exito
hamming,4,0.02,84,32,48,0,exito
hamming,4,0.02,85,32,48,1,exito
hamming,4,0.02,86,32,48,2,exito
hamming,4,0.02,87,32,48,1,exito
hamming,4,0.02,88,32,48,1,exito
hamming,4,0.02,89,32,48,0,exito
hamming,4,0.02,90,32,48,0,exito
hamming,4,0.02,91,32,48,0,exito
hamming,4,0.02,92,32,48,0,exito
hamming,4,0.02,93,32,48,1,exito
hamming,4,0.02,94,32,48,1,exito
hamming,4,0.02,95,32,48,1,exito
hamming,4,0.02,96,32,48,0,exito
hamming,4,0.02,97,32,48,5,no_detectado
hamming,4,0.02,98,32,48,2,no_detectado
hamming,4,0.02,99,32,48,2,exito
hamming,4,0.02,100,32,48,0,exito
hamming,4,0.02,101,32,48,0,exito
hamming,4,0.02,102,32,48,1,exito
hamming,4,0.02,103,32,48,0,exito
hamming,4,0.02,104,32,48,0,exito
hamming,4,0.02,105,32,48,2,no_detectado
hamming,4,0.02,106,32,48,0,exito
hamming,4,0.02,107,32,48,3,no_detectado
hamming,4,0.02,108,32,48,1,exito
hamming,4,0.02,109,32,48,0,exito
hamming,4,0.02,110,32,48,0,exito
hamming,4,0.02,111,32,48,1,exito
hamming,4,0.02,112,32,48,1,exito
hamming,4,0.02,113,32,48,0,exito
hamming,4,0.02,114,32,48,0,exito
hamming,4,0.02,115,32,48,2,detectado
hamming,4,0.02,116,32,48,1,exito
hamming,4,0.02,117,32,48,1,exito
hamming,4,0.02,118,32,48,1,exito
hamming,4,0.02,119,32,48,4,no_detectado
hamming,4,0.02,120,32,48,0,exito
hamming,4,0.02,121,32,48,2,exito
hamming,4,0.02,122,32,48,2,exito
hamming,4,0.02,123,32,48,2,exito
hamming,4,0.02,124,32,48,2,exito
hamming,4,0.02,125,32,48,1,exito
hamming,4,0.02,126,32,48,1,exito
hamming,4,0.02,127,32,48,0,exito
hamming,4,0.02,128,32,48,1,exito
hamming,4,0.02,129,32,48,0,exito
hamming,4,0.02,130,32,48,1,exito
hamming,4,0.02,131,32,48,1,exito
hamming,4,0.02,132,32,48,2,no_detectado
hamming,4,0.02,133,32,48,0,exito
hamming,4,0.02,134,32,48,1,exito
hamming,4,0.02,135,32,48,1,exito
hamming,4,0.02,136,32,48,0,exito
hamming,4,0.02,137,32,48,1,exito
hamming,4,0.02,138,32,48,0,exito
hamming,4,0.02,139,32,48,0,exito
hamming,4,0.02,140,32,48,2,exito
hamming,4,0.02,141,32,48,0,exito
hamming,4,0.02,142,32,48,1,exito
hamming,4,0.02,143,32,48,0,exito
hamming,4,0.02,144,32,48,0,exito
hamming,4,0.02,145,32,48,1,exito
hamming,4,0.02,146,32,48,0,exito
hamming,4,0.02,147,32,48,2,exito
hamming,4,0.02,148,32,48,2,exito
hamming,4,0.02,149,32,48,1,exito
hamming,4,0.02,150,32,48,1,exito
hamming,4,0.02,151,32,48,1,exito
hamming,4,0.02,152,32,48,0,exito
hamming,4,0.02,153,32,48,1,exito
hamming,4,0.02,154,32,48,0,exito
hamming,4,0.02,155,32,48,1,exito
hamming,4,0.02,156,32,48,1,exito
hamming,4,0.02,157,32,48,3,exito
hamming,4,0.02,158,32,48,1,exito
hamming,4,0.02,159,32,48,1,exito
hamming,4,0.02,160,32,48,0,exito
hamming,4,0.02,161,32,48,3,exito
hamming,4,0.02,162,32,48,0,exito
hamming,4,0.02,163,32,48,2,no_detectado
hamming,4,0.02,164,32,48,3,no_detectado
hamming,4,0.02,165,32,48,1,exito
hamming,4,0.02,166,32,48,1,exito
hamming,4,0.02,167,32,48,2,exito
hamming,4,0.02,168,32,48,1,exito
hamming,4,0.02,169,32,48,0,exito
hamming,4,0.02,170,32,48,1,exito
hamming,4,0.02,171,32,48,0,exito
hamming,4,0.02,172,32,48,1,exito
hamming,4,0.02,173,32,48,3,detectado
hamming,4,0.02,174,32,48,0,exito
hamming,4,0.02,175,32,48,2,exito
hamming,4,0.02,176,32,48,1,exito
hamming,4,0.02,177,32,48,0,exito
hamming,4,0.02,178,32,48,1,exito
hamming,4,0.02,179,32,48,0,exito
hamming,4,0.02,180,32,48,2,exito
hamming,4,0.02,181,32,48,0,exito
hamming,4,0.02,182,32,48,0,exito
hamming,4,0.02,183,32,48,1,exito
hamming,4,0.02,184,32,48,0,exito
hamming,4,0.02,185,32,48,0,exito
hamming,4,0.02,186,32,48,0,exito
hamming,4,0.02,187,32,48,2,no_detectado
hamming,4,0.02,188,32,48,0,exito
hamming,4,0.02,189,32,48,1,exito
hamming,4,0.02,190,32,48,1,exito
hamming,4,0.02,191,32,48,1,exito
hamming,4,0.02,192,32,48,0,exito
hamming,4,0.02,193,32,48,3,no_detectado
hamming,4,0.02,194,32,48,1,exito
hamming,4,0.02,195,32,48,2,detectado
hamming,4,0.02,196,32,48,0,exito
hamming,4,0.02,197,32,48,1,exito
hamming,4,0.02,198,32,48,3,no_detectado
hamming,4,0.02,199,32,48,1,exito
hamming,4,0.05,0,32,48,1,exito
hamming,4,0.05,1,32,48,0,exito
hamming,4,0.05,2,32,48,0,exito
hamming,4,0.05,3,32,48,1,exito
hamming,4,0.05,4,32,48,3,exito
hamming,4,0.05,5,32,48,2,exito
hamming,4,0.05,6,32,48,3,exito
hamming,4,0.05,7,32,48,1,exito
hamming,4,0.05,8,32,48,2,exito
hamming,4,0.05,9,32,48,2,exito
hamming,4,0.05,10,32,48,1,exito
hamming,4,0.05,11,32,48,1,exito
hamming,4,0.05,12,32,48,3,no_detectado
hamming,4,0.05,13,32,48,3,no_detectado
hamming,4,0.05,14,32,48,5,detectado
hamming,4,0.05,15,32,48,1,exito
hamming,4,0.05,16,32,48,3,exito
hamming,4,0.05,17,32,48,1,exito
hamming,4,0.05,18,32,48,1,exito
hamming,4,0.05,19,32,48,3,no_detectado
hamming,4,0.05,20,32,48,5,no_detectado
hamming,4,0.05,21,32,48,2,exito
hamming,4,0.05,22,32,48,1,exito
hamming,4,0.05,23,32,48,2,exito
hamming,4,0.05,24,32,48,2,exito
hamming,4,0.05,25,32,48,1,exito
hamming,4,0.05,26,32,48,2,exito
hamming,4,0.05,27,32,48,3,exito
hamming,4,0.05,28,32,48,7,no_detectado
hamming,4,0.05,29,32,48,3,no_detectado
hamming,4,0.05,30,32,48,2,exito
hamming,4,0.05,31,32,48,2,no_detectado
hamming,4,0.05,32,32,48,0,exito
hamming,4,0.05,33,32,48,1,exito
hamming,4,0.05,34,32,48,1,exito
hamming,4,0.05,35,32,48,2,exito
hamming,4,0.05,36,32,48,5,detectado
hamming,4,0.05,37,32,48,3,exito
hamming,4,0.05,38,32,48,0,exito
hamming,4,0.05,39,32,48,4,exito
hamming,4,0.05,40,32,48,3,no_detectado
hamming,4,0.05,41,32,48,2,exito
hamming,4,0.05,42,32,48,4,detectado
hamming,4,0.05,43,32,48,0,exito
hamming,4,0.05,44,32,48,2,exito
hamming,4,0.05,45,32,48,1,exito
hamming,4,0.05,46,32,48,4,detectado
hamming,4,0.05,47,32,48,4,exito
hamming,4,0.05,48,32,48,3,detectado
hamming,4,0.05,49,32,48,1,exito
hamming,4,0.05,50,32,48,2,exito
hamming,4,0.05,51,32,48,1,exito
hamming,4,0.05,52,32,48,1,exito
hamming,4,0.05,53,32,48,2,exito
hamming,4,0.05,54,32,48,2,exito
hamming,4,0.05,55,32,48,1,exito
hamming,4,0.05,56,32,48,1,exito
hamming,4,0.05,57,32,48,1,exito
hamming,4,0.05,58,32,48,1,exito
hamming,4,0.05,59,32,48,2,no_detectado
hamming,4,0.05,60,32,48,3,detectado
hamming,4,0.05,61,32,48,2,exito
hamming,4,0.05,62,32,48,1,exito
hamming,4,0.05,63,32,48,4,no_detectado
hamming,4,0.05,64,32,48,2,exito
hamming,4,0.05,65,32,48,3,exito
hamming,4,0.05,66,32,48,3,no_detectado
hamming,4,0.05,67,32,48,7,no_detectado
hamming,4,0.05,68,32,48,1,exito
hamming,4,0.05,69,32,48,1,exito
hamming,4,0.05,70,32,48,3,no_detectado
hamming,4,0.05,71,32,48,0,exito
hamming,4,0.05,72,32,48,2,exito
hamming,4,0.05,73,32,48,2,no_detectado
hamming,4,0.05,74,32,48,0,exito
hamming,4,0.05,75,32,48,2,exito
hamming,4,0.05,76,32,48,2,no_detectado
hamming,4,0.05,77,32,48,3,no_detectado
hamming,4,0.05,78,32,48,8,detectado
hamming,4,0.05,79,32,48,2,detectado
hamming,4,0.05,80,32,48,2,no_detectado
hamming,4,0.05,81,32,48,3,detectado
hamming,4,0.05,82,32,48,2,exito
hamming,4,0.05,83,32,48,0,exito
hamming,4,0.05,84,32,48,1,exito
hamming,4,0.05,85,32,48,3,exito
hamming,4,0.05,86,32,48,3,detectado
hamming,4,0.05,87,32,48,1,exito
hamming,4,0.05,88,32,48,4,no_detectado
hamming,4,0.05,89,32,48,4,no_detectado
hamming,4,0.05,90,32,48,2,exito
hamming,4,0.05,91,32,48,4,no_detectado
hamming,4,0.05,92,32,48,1,exito
hamming,4,0.05,93,32,48,4,detectado
hamming,4,0.05,94,32,48,5,no_detectado
hamming,4,0.05,95,32,48,2,exito
hamming,4,0.05,96,32,48,1,exito
hamming,4,0.05,97,32,48,2,exito
hamming,4,0.05,98,32,48,3,no_detectado
hamming,4,0.05,99,32,48,3,detectado
hamming,4,0.05,100,32,48,2,exito
hamming,4,0.05,101,32,48,5,detectado
hamming,4,0.05,102,32,48,2,exito
hamming,4,0.05,103,32,48,1,exito
hamming,4,0.05,104,32,48,5,no_detectado
hamming,4,0.05,105,32,48,2,exito
hamming,4,0.05,106,32,48,3,no_detectado
hamming,4,0.05,107,32,48,1,exito
hamming,4,0.05,108,32,48,2,exito
hamming,4,0.05,109,32,48,1,exito
hamming,4,0.05,110,32,48,6,no_detectado
hamming,4,0.05,111,32,48,6,no_detectado
hamming,4,0.05,112,32,48,3,exito
hamming,4,0.05,113,32,48,0,exito
hamming,4,0.05,114,32,48,2,detectado
hamming,4,0.05,115,32,48,2,exito
hamming,4,0.05,116,32,48,0,exito
hamming,4,0.05,117,32,48,4,no_detectado
hamming,4,0.05,118,32,48,0,exito
hamming,4,0.05,119,32,48,2,no_detectado
hamming,4,0.05,120,32,48,5,no_detectado
hamming,4,0.05,121,32,48,1,exito
hamming,4,0.05,122,32,48,1,exito
hamming,4,0.05,123,32,48,3,exito
hamming,4,0.05,124,32,48,3,no_detectado
hamming,4,0.05,125,32,48,3,exito
hamming,4,0.05,126,32,48,1,exito
hamming,4,0.05,127,32,48,0,exito
hamming,4,0.05,128,32,48,5,no_detectado
hamming,4,0.05,129,32,48,1,exito
hamming,4,0.05,130,32,48,1,exito
hamming,4,0.05,131,32,48,1,exito
hamming,4,0.05,132,32,48,2,exito
hamming,4,0.05,133,32,48,3,no_detectado
hamming,4,0.05,134,32,48,4,no_detectado
hamming,4,0.05,135,32,48,6,detectado
hamming,4,0.05,136,32,48,6,no_detectado
hamming,4,0.05,137,32,48,4,no_detectado
hamming,4,0.05,138,32,48,6,no_detectado
hamming,4,0.05,139,32,48,5,no_detectado
hamming,4,0.05,140,32,48,3,no_detectado
hamming,4,0.05,141,32,48,1,exito
hamming,4,0.05,142,32,48,3,no_detectado
hamming,4,0.05,143,32,48,1,exito
hamming,4,0.05,144,32,48,1,exito
hamming,4,0.05,145,32,48,1,exito
hamming,4,0.05,146,32,48,3,detectado
hamming,4,0.05,147,32,48,0,exito
hamming,4,0.05,148,32,48,2,exito
hamming,4,0.05,149,32,48,1,exito
hamming,4,0.05,150,32,48,2,exito
hamming,4,0.05,151,32,48,2,exito
hamming,4,0.05,152,32,48,0,exito
hamming,4,0.05,153,32,48,4,no_detectado
hamming,4,0.05,154,32,48,0,exito
hamming,4,0.05,155,32,48,0,exito
hamming,4,0.05,156,32,48,1,exito
hamming,4,0.05,157,32,48,2,exito
hamming,4,0.05,158,32,48,2,no_detectado
hamming,4,0.05,159,32,48,1,exito
hamming,4,0.05,160,32,48,3,exito
hamming,4,0.05,161,32,48,2,exito
hamming,4,0.05,162,32,48,4,no_detectado
hamming,4,0.05,163,32,48,0,exito
hamming,4,0.05,164,32,48,4,exito
hamming,4,0.05,165,32,48,3,detectado
hamming,4,0.05,166,32,48,1,exito
hamming,4,0.05,167,32,48,1,exito
hamming,4,0.05,168,32,48,3,no_detectado
hamming,4,0.05,169,32,48,1,exito
hamming,4,0.05,170,32,48,2,exito
hamming,4,0.05,171,32,48,3,exito
hamming,4,0.05,172,32,48,1,exito
hamming,4,0.05,173,32,48,3,exito
hamming,4,0.05,174,32,48,3,exito
hamming,4,0.05,175,32,48,4,no_detectado
hamming,4,0.05,176,32,48,3,detectado
hamming,4,0.05,177,32,48,2,exito
hamming,4,0.05,178,32,48,3,no_detectado
hamming,4,0.05,179,32,48,1,exito
hamming,4,0.05,180,32,48,0,exito
hamming,4,0.05,181,32,48,3,no_detectado
hamming,4,0.05,182,32,48,2,no_detectado
hamming,4,0.05,183,32,48,5,no_detectado
hamming,4,0.05,184,32,48,3,no_detectado
hamming,4,0.05,185,32,48,2,exito
hamming,4,0.05,186,32,48,5,no_detectado
hamming,4,0.05,187,32,48,2,exito
hamming,4,0.05,188,32,48,3,exito
hamming,4,0.05,189,32,48,2,no_detectado
hamming,4,0.05,190,32,48,3,detectado
hamming,4,0.05,191,32,48,4,no_detectado
hamming,4,0.05,192,32,48,2,exito
hamming,4,0.05,193,32,48,4,no_detectado
hamming,4,0.05,194,32,48,2,exito
hamming,4,0.05,195,32,48,4,exito
hamming,4,0.05,196,32,48,0,exito
hamming,4,0.05,197,32,48,0,exito
hamming,4,0.05,198,32,48,5,detectado
hamming,4,0.05,199,32,48,1,exito
hamming,4,0.1,0,32,48,4,no_detectado
hamming,4,0.1,1,32,48,5,detectado
hamming,4,0.1,2,32,48,4,exito
hamming,4,0.1,3,32,48,6,no_detectado
hamming,4,0.1,4,32,48,3,exito
hamming,4,0.1,5,32,48,3,no_detectado
hamming,4,0.1,6,32,48,2,exito
hamming,4,0.1,7,32,48,5,no_detectado
hamming,4,0.1,8,32,48,5,no_detectado
hamming,4,0.1,9,32,48,6,no_detectado
hamming,4,0.1,10,32,48,5,no_detectado
hamming,4,0.1,11,32,48,4,detectado
hamming,4,0.1,12,32,48,3,no_detectado
hamming,4,0.1,13,32,48,7,no_detectado
hamming,4,0.1,14,32,48,5,detectado
hamming,4,0.1,15,32,48,8,no_detectado
hamming,4,0.1,16,32,48,5,detectado
hamming,4,0.1,17,32,48,4,no_detectado
hamming,4,0.1,18,32,48,6,detectado
hamming,4,0.1,19,32,48,5,no_detectado
hamming,4,0.1,20,32,48,7,no_detectado
hamming,4,0.1,21,32,48,3,detectado
hamming,4,0.1,22,32,48,5,no_detectado
hamming,4,0.1,23,32,48,7,no_detectado
hamming,4,0.1,24,32,48,8,detectado
hamming,4,0.1,25,32,48,5,detectado
hamming,4,0.1,26,32,48,3,no_detectado
hamming,4,0.1,27,32,48,3,exito
hamming,4,0.1,28,32,48,4,no_detectado
hamming,4,0.1,29,32,48,4,no_detectado
hamming,4,0.1,30,32,48,6,detectado
hamming,4,0.1,31,32,48,7,no_detectado
hamming,4,0.1,32,32,48,6,detectado
hamming,4,0.1,33,32,48,6,no_detectado
hamming,4,0.1,34,32,48,5,detectado
hamming,4,0.1,35,32,48,8,no_detectado
hamming,4,0.1,36,32,48,5,detectado
hamming,4,0.1,37,32,48,3,no_detectado
hamming,4,0.1,38,32,48,2,exito
hamming,4,0.1,39,32,48,4,detectado
hamming,4,0.1,40,32,48,6,detectado
hamming,4,0.1,41,32,48,7,detectado
hamming,4,0.1,42,32,48,6,detectado
hamming,4,0.1,43,32,48,5,no_detectado
hamming,4,0.1,44,32,48,8,no_detectado
hamming,4,0.1,45,32,48,6,no_detectado
hamming,4,0.1,46,32,48,4,no_detectado
hamming,4,0.1,47,32,48,5,no_detectado
hamming,4,0.1,48,32,48,2,exito
hamming,4,0.1,49,32,48,7,no_detectado
hamming,4,0.1,50,32,48,5,no_detectado
hamming,4,0.1,51,32,48,7,no_detectado
hamming,4,0.1,52,32,48,6,no_detectado
hamming,4,0.1,53,32,48,7,no_detectado
hamming,4,0.1,54,32,48,3,no_detectado
hamming,4,0.1,55,32,48,6,no_detectado
hamming,4,0.1,56,32,48,6,no_detectado
hamming,4,0.1,57,32,48,3,detectado
hamming,4,0.1,58,32,48,6,no_detectado
hamming,4,0.1,59,32,48,3,no_detectado
hamming,4,0.1,60,32,48,3,no_detectado
hamming,4,0.1,61,32,48,7,detectado
hamming,4,0.1,62,32,48,4,no_detectado
hamming,4,0.1,63,32,48,5,no_detectado
hamming,4,0.1,64,32,48,3,detectado
hamming,4,0.1,65,32,48,1,exito
hamming,4,0.1,66,32,48,3,no_detectado
hamming,4,0.1,67,32,48,2,exito
hamming,4,0.1,68,32,48,3,no_detectado
hamming,4,0.1,69,32,48,4,no_detectado
hamming,4,0.1,70,32,48,5,no_detectado
hamming,4,0.1,71,32,48,1,exito
hamming,4,0.1,72,32,48,5,no_detectado
hamming,4,0.1,73,32,48,6,no_detectado
hamming,4,0.1,74,32,48,4,no_detectado
hamming,4,0.1,75,32,48,6,no_detectado
hamming,4,0.1,76,32,48,7,detectado
hamming,4,0.1,77,32,48,6,no_detectado
hamming,4,0.1,78,32,48,5,no_detectado
hamming,4,0.1,79,32,48,4,detectado
hamming,4,0.1,80,32,48,4,exito
hamming,4,0.1,81,32,48,6,no_detectado
hamming,4,0.1,82,32,48,4,no_detectado
hamming,4,0.1,83,32,48,8,no_detectado
hamming,4,0.1,84,32,48,5,no_detectado
hamming,4,0.1,85,32,48,7,no_detectado
hamming,4,0.1,86,32,48,7,detectado
hamming,4,0.1,87,32,48,2,no_detectado
hamming,4,0.1,88,32,48,5,no_detectado
hamming,4,0.1,89,32,48,3,exito
hamming,4,0.1,90,32,48,8,detectado
hamming,4,0.1,91,32,48,2,exito
hamming,4,0.1,92,32,48,3,exito
hamming,4,0.1,93,32,48,5,no_detectado
hamming,4,0.1,94,32,48,9,detectado
hamming,4,0.1,95,32,48,8,detectado
hamming,4,0.1,96,32,48,4,no_detectado
hamming,4,0.1,97,32,48,2,detectado
hamming,4,0.1,98,32,48,5,detectado
hamming,4,0.1,99,32,48,4,no_detectado
hamming,4,0.1,100,32,48,7,no_detectado
hamming,4,0.1,101,32,48,4,exito
hamming,4,0.1,102,32,48,2,detectado
hamming,4,0.1,103,32,48,5,no_detectado
hamming,4,0.1,104,32,48,9,detectado
hamming,4,0.1,105,32,48,5,no_detectado
hamming,4,0.1,106,32,48,6,no_detectado
hamming,4,0.1,107,32,48,6,detectado
hamming,4,0.1,108,32,48,3,exito
hamming,4,0.1,109,32,48,5,no_detectado
hamming,4,0.1,110,32,48,9,no_detectado
hamming,4,0.1,111,32,48,6,detectado
hamming,4,0.1,112,32,48,4,detectado
hamming,4,0.1,113,32,48,3,no_detectado
hamming,4,0.1,114,32,48,6,no_detectado
hamming,4,0.1,115,32,48,1,exito
hamming,4,0.1,116,32,48,3,exito
hamming,4,0.1,117,32,48,5,no_detectado
hamming,4,0.1,118,32,48,4,no_detectado
hamming,4,0.1,119,32,48,10,no_detectado
hamming,4,0.1,120,32,48,6,no_detectado
hamming,4,0.1,121,32,48,4,detectado
hamming,4,0.1,122,32,48,4,no_detectado
hamming,4,0.1,123,32,48,8,no_detectado
hamming,4,0.1,124,32,48,3,no_detectado
hamming,4,0.1,125,32,48,7,detectado
hamming,4,0.1,126,32,48,6,detectado
hamming,4,0.1,127,32,48,6,no_detectado
hamming,4,0.1,128,32,48,3,no_detectado
hamming,4,0.1,129,32,48,5,detectado
hamming,4,0.1,130,32,48,2,exito
hamming,4,0.1,131,32,48,3,no_detectado
hamming,4,0.1,132,32,48,2,exito
hamming,4,0.1,133,32,48,5,no_detectado
hamming,4,0.1,134,32,48,6,no_detectado
hamming,4,0.1,135,32,48,6,no_detectado
hamming,4,0.1,136,32,48,2,exito
hamming,4,0.1,137,32,48,4,no_detectado
hamming,4,0.1,138,32,48,7,no_detectado
hamming,4,0.1,139,32,48,4,no_detectado
hamming,4,0.1,140,32,48,9,no_detectado
hamming,4,0.1,141,32,48,4,detectado
hamming,4,0.1,142,32,48,7,no_detectado
hamming,4,0.1,143,32,48,9,detectado
hamming,4,0.1,144,32,48,5,detectado
hamming,4,0.1,145,32,48,3,exito
hamming,4,0.1,146,32,48,2,exito
hamming,4,0.1,147,32,48,2,exito
hamming,4,0.1,148,32,48,5,no_detectado
hamming,4,0.1,149,32,48,4,exito
hamming,4,0.1,150,32,48,3,exito
hamming,4,0.1,151,32,48,4,exito
hamming,4,0.1,152,32,48,6,detectado
hamming,4,0.1,153,32,48,5,no_detectado
hamming,4,0.1,154,32,48,6,no_detectado
hamming,4,0.1,155,32,48,4,no_detectado
hamming,4,0.1,156,32,48,1,exito
hamming,4,0.1,157,32,48,4,detectado
hamming,4,0.1,158,32,48,4,no_detectado
hamming,4,0.1,159,32,48,4,no_detectado
hamming,4,0.1,160,32,48,7,detectado
hamming,4,0.1,161,32,48,6,detectado
hamming,4,0.1,162,32,48,4,no_detectado
hamming,4,0.1,163,32,48,6,no_detectado
hamming,4,0.1,164,32,48,3,no_detectado
hamming,4,0.1,165,32,48,6,no_detectado
hamming,4,0.1,166,32,48,6,detectado
hamming,4,0.1,167,32,48,4,no_detectado
hamming,4,0.1,168,32,48,6,detectado
hamming,4,0.1,169,32,48,6,detectado
hamming,4,0.1,170,32,48,4,no_detectado
hamming,4,0.1,171,32,48,5,no_detectado
hamming,4,0.1,172,32,48,3,no_detectado
hamming,4,0.1,173,32,48,6,detectado
hamming,4,0.1,174,32,48,2,exito
hamming,4,0.1,175,32,48,4,no_detectado
hamming,4,0.1,176,32,48,4,no_detectado
hamming,4,0.1,177,32,48,6,detectado
hamming,4,0.1,178,32,48,3,no_detectado
hamming,4,0.1,179,32,48,5,no_detectado
hamming,4,0.1,180,32,48,3,no_detectado
hamming,4,0.1,181,32,48,3,exito
hamming,4,0.1,182,32,48,4,no_detectado
hamming,4,0.1,183,32,48,1,exito
hamming,4,0.1,184,32,48,6,detectado
hamming,4,0.1,185,32,48,7,no_detectado
hamming,4,0.1,186,32,48,2,exito
hamming,4,0.1,187,32,48,4,detectado
hamming,4,0.1,188,32,48,4,no_detectado
hamming,4,0.1,189,32,48,2,exito
hamming,4,0.1,190,32,48,8,no_detectado
hamming,4,0.1,191,32,48,2,no_detectado
hamming,4,0.1,192,32,48,4,detectado
hamming,4,0.1,193,32,48,5,detectado
hamming,4,0.1,194,32,48,3,no_detectado
hamming,4,0.1,195,32,48,7,detectado
hamming,4,0.1,196,32,48,2,exito
hamming,4,0.1,197,32,48,2,exito
hamming,4,0.1,198,32,48,3,exito
hamming,4,0.1,199,32,48,7,detectado
hamming,16,0.001,0,128,192,1,exito
hamming,16,0.001,1,128,192,0,exito
hamming,16,0.001,2,128,192,0,exito
hamming,16,0.001,3,128,192,0,exito
hamming,16,0.001,4,128,192,0,exito
hamming,16,0.001,5,128,192,0,exito
hamming,16,0.001,6,128,192,0,exito
hamming,16,0.001,7,128,192,0,exito
hamming,16,0.001,8,128,192,0,exito
hamming,16,0.001,9,128,192,0,exito
hamming,16,0.001,10,128,192,0,exito
hamming,16,0.001,11,128,192,0,exito
hamming,16,0.001,12,128,192,0,exito
hamming,16,0.001,13,128,192,0,exito
hamming,16,0.001,14,128,192,0,exito
hamming,16,0.001,15,128,192,0,exito
hamming,16,0.001,16,128,192,0,exito
hamming,16,0.001,17,128,192,0,exito
hamming,16,0.001,18,128,192,0,exito
hamming,16,0.001,19,128,192,0,exito
hamming,16,0.001,20,128,192,0,exito
hamming,16,0.001,21,128,192,0,exito
hamming,16,0.001,22,128,192,0,exito
hamming,16,0.001,23,128,192,0,exito
hamming,16,0.001,24,128,192,0,exito
hamming,16,0.001,25,128,192,0,exito
hamming,16,0.001,26,128,192,0,exito
hamming,16,0.001,27,128,192,0,exito
hamming,16,0.001,28,128,192,1,exito
hamming,16,0.001,29,128,192,0,exito
hamming,16,0.001,30,128,192,0,exito
hamming,16,0.001,31,128,192,0,exito
hamming,16,0.001,32,128,192,0,exito
hamming,16,0.001,33,128,192,0,exito
hamming,16,0.001,34,128,192,0,exito
hamming,16,0.001,35,128,192,0,exito
hamming,16,0.001,36,128,192,0,exito
hamming,16,0.001,37,128,192,0,exito
hamming,16,0.001,38,128,192,0,exito
hamming,16,0.001,39,128,192,1,exito
hamming,16,0.001,40,128,192,0,exito
hamming,16,0.001,41,128,192,0,exito
hamming,16,0.001,42,128,192,0,exito
hamming,16,0.001,43,128,192,0,exito
hamming,16,0.001,44,128,192,0,exito
hamming,16,0.001,45,128,192,0,exito
hamming,16,0.001,46,128,192,0,exito
hamming,16,0.001,47,128,192,0,exito
hamming,16,0.001,48,128,192,0,exito
hamming,16,0.001,49,128,192,0,exito
hamming,16,0.001,50,128,192,0,exito
hamming,16,0.001,51,128,192,0,exito
hamming,16,0.001,52,128,192,0,exito
hamming,16,0.001,53,128,192,0,exito
hamming,16,0.001,54,128,192,1,exito
hamming,16,0.001,55,128,192,1,exito
hamming,16,0.001,56,128,192,0,exito
hamming,16,0.001,57,128,192,0,exito
hamming,16,0.001,58,128,192,0,exito
hamming,16,0.001,59,128,192,0,exito
hamming,16,0.001,60,128,192,0,exito
hamming,16,0.001,61,128,192,0,exito
hamming,16,0.001,62,128,192,0,exito
hamming,16,0.001,63,128,192,2,exito
hamming,16,0.001,64,128,192,0,exito
hamming,16,0.001,65,128,192,0,exito
hamming,16,0.001,66,128,192,1,exito
hamming,16,0.001,67,128,192,0,exito
hamming,16,0.001,68,128,192,0,exito
hamming,16,0.001,69,128,192,1,exito
hamming,16,0.001,70,128,192,0,exito
hamming,16,0.001,71,128,192,1,exito
hamming,16,0.001,72,128,192,0,exito
hamming,16,0.001,73,128,192,0,exito
hamming,16,0.001,74,128,192,1,exito
hamming,16,0.001,75,128,192,0,exito
hamming,16,0.001,76,128,192,0,exito
hamming,16,0.001,77,128,192,0,exito
hamming,16,0.001,78,128,192,0,exito
hamming,16,0.001,79,128,192,0,exito
hamming,16,0.001,80,128,192,0,exito
hamming,16,0.001,81,128,192,0,exito
hamming,16,0.001,82,128,192,0,exito
hamming,16,0.001,83,128,192,0,exito
hamming,16,0.001,84,128,192,1,exito
hamming,16,0.001,85,128,192,0,exito
hamming,16,0.001,86,128,192,0,exito
hamming,16,0.001,87,128,192,0,exito
hamming,16,0.001,88,128,192,1,exito
hamming,16,0.001,89,128,192,0,exito
hamming,16,0.001,90,128,192,0,exito
hamming,16,0.001,91,128,192,0,exito
hamming,16,0.001,92,128,192,0,exito
hamming,16,0.001,93,128,192,0,exito
hamming,16,0.001,94,128,192,0,exito
hamming,16,0.001,95,128,192,0,exito
hamming,16,0.001,96,128,192,0,exito
hamming,16,0.001,97,128,192,0,exito
hamming,16,0.001,98,128,192,0,exito
hamming,16,0.001,99,128,192,0,exito
hamming,16,0.001,100,128,192,1,exito
hamming,16,0.001,101,128,192,0,exito
hamming,16,0.001,102,128,192,0,exito
hamming,16,0.001,103,128,192,1,exito
hamming,16,0.001,104,128,192,0,exito
hamming,16,0.001,105,128,192,1,exito
hamming,16,0.001,106,128,192,0,exito
hamming,16,0.001,107,128,192,0,exito
hamming,16,0.001,108,128,192,0,exito
hamming,16,0.001,109,128,192,0,exito
hamming,16,0.001,110,128,192,0,exito
hamming,16,0.001,111,128,192,0,exito
hamming,16,0.001,112,128,192,0,exito
hamming,16,0.001,113,128,192,0,exito
hamming,16,0.001,114,128,192,0,exito
hamming,16,0.001,115,128,192,0,exito
hamming,16,0.001,116,128,192,1,exito
hamming,16,0.001,117,128,192,0,exito
hamming,16,0.001,118,128,192,1,exito
hamming,16,0.001,119,128,192,0,exito
hamming,16,0.001,120,128,192,0,exito
hamming,16,0.001,121,128,192,1,exito
hamming,16,0.001,122,128,192,0,exito
hamming,16,0.001,123,128,192,0,exito
hamming,16,0.001,124,128,192,0,exito
hamming,16,0.001,125,128,192,0,exito
hamming,16,0.001,126,128,192,1,exito
hamming,16,0.001,127,128,192,0,exito
hamming,16,0.001,128,128,192,0,exito
hamming,16,0.001,129,128,192,0,exito
hamming,16,0.001,130,128,192,0,exito
hamming,16,0.001,131,128,192,0,exito
hamming,16,0.001,132,128,192,1,exito
hamming,16,0.001,133,128,192,0,exito
hamming,16,0.001,134,128,192,0,exito
hamming,16,0.001,135,128,192,0,exito
hamming,16,0.001,136,128,192,0,exito
hamming,16,0.001,137,128,192,0,exito
hamming,16,0.001,138,128,192,0,exito
hamming,16,0.001,139,128,192,0,exito
hamming,16,0.001,140,128,192,0,exito
hamming,16,0.001,141,128,192,0,exito
hamming,16,0.001,142,128,192,0,exito
hamming,16,0.001,143,128,192,0,exito
hamming,16,0.001,144,128,192,0,exito
hamming,16,0.001,145,128,192,0,exito
hamming,16,0.001,146,128,192,0,exito
hamming,16,0.001,147,128,192,1,exito
hamming,16,0.001,148,128,192,1,exito
hamming,16,0.001,149,128,192,0,exito
hamming,16,0.001,150,128,192,0,exito
hamming,16,0.001,151,128,192,0,exito
hamming,16,0.001,152,128,192,0,exito
hamming,16,0.001,153,128,192,0,exito
hamming,16,0.001,154,128,192,0,exito
hamming,16,0.001,155,128,192,0,exito
hamming,16,0.001,156,128,192,0,exito
hamming,16,0.001,157,128,192,0,exito
hamming,16,0.001,158,128,192,0,exito
hamming,16,0.001,159,128,192,0,exito
hamming,16,0.001,160,128,192,0,exito
hamming,16,0.001,161,128,192,0,exito
hamming,16,0.001,162,128,192,2,exito
hamming,16,0.001,163,128,192,0,exito
hamming,16,0.001,164,128,192,0,exito
hamming,16,0.001,165,128,192,0,exito
hamming,16,0.001,166,128,192,0,exito
hamming,16,0.001,167,128,192,0,exito
hamming,16,0.001,168,128,192,0,exito
hamming,16,0.001,169,128,192,0,exito
hamming,16,0.001,170,128,192,0,exito
hamming,16,0.001,171,128,192,1,exito
hamming,16,0.001,172,128,192,0,exito
hamming,16,0.001,173,128,192,0,exito
hamming,16,0.001,174,128,192,0,exito
hamming,16,0.001,175,128,192,0,exito
hamming,16,0.001,176,128,192,0,exito
hamming,16,0.001,177,128,192,0,exito
hamming,16,0.001,178,128,192,1,exito
hamming,16,0.001,179,128,192,0,exito
hamming,16,0.001,180,128,192,0,exito
hamming,16,0.001,181,128,192,0,exito
hamming,16,0.001,182,128,192,0,exito
hamming,16,0.001,183,128,192,0,exito
hamming,16,0.001,184,128,192,0,exito
hamming,16,0.001,185,128,192,0,exito
hamming,16,0.001,186,128,192,0,exito
hamming,16,0.001,187,128,192,0,exito
hamming,16,0.001,188,128,192,0,exito
hamming,16,0.001,189,128,192,0,exito
hamming,16,0.001,190,128,192,1,exito
hamming,16,0.001,191,128,192,0,exito
hamming,16,0.001,192,128,192,0,exito
hamming,16,0.001,193,128,192,0,exito
hamming,16,0.001,194,128,192,0,exito
hamming,16,0.001,195,128,192,1,exito
hamming,16,0.001,196,128,192,0,exito
hamming,16,0.001,197,128,192,0,exito
hamming,16,0.001,198,128,192,1,exito
hamming,16,0.001,199,128,192,0,exito
hamming,16,0.002,0,128,192,0,exito
hamming,16,0.002,1,128,192,1,exito
hamming,16,0.002,2,128,192,0,exito
hamming,16,0.002,3,128,192,1,exito
hamming,16,0.002,4,128,192,0,exito
hamming,16,0.002,5,128,192,0,exito
hamming,16,0.002,6,128,192,0,exito
hamming,16,0.002,7,128,192,0,exito
hamming,16,0.002,8,128,192,0,exito
hamming,16,0.002,9,128,192,0,exito
hamming,16,0.002,10,128,192,0,exito
hamming,16,0.002,11,128,192,0,exito
hamming,16,0.002,12,128,192,0,exito
hamming,16,0.002,13,128,192,0,exito
hamming,16,0.002,14,128,192,0,exito
hamming,16,0.002,15,128,192,0,exito
hamming,16,0.002,16,128,192,0,exito
hamming,16,0.002,17,128,192,0,exito
hamming,16,0.002,18,128,192,1,exito
hamming,16,0.002,19,128,192,0,exito
hamming,16,0.002,20,128,192,0,exito
hamming,16,0.002,21,128,192,0,exito
hamming,16,0.002,22,128,192,2,exito
hamming,16,0.002,23,128,192,0,exito
hamming,16,0.002,24,128,192,1,exito
hamming,16,0.002,25,128,192,0,exito
hamming,16,0.002,26,128,192,0,exito
hamming,16,0.002,27,128,192,0,exito
hamming,16,0.002,28,128,192,0,exito
hamming,16,0.002,29,128,192,1,exito
hamming,16,0.002,30,128,192,0,exito
hamming,16,0.002,31,128,192,0,exito
hamming,16,0.002,32,128,192,1,exito
hamming,16,0.002,33,128,192,0,exito
hamming,16,0.002,34,128,192,1,exito
hamming,16,0.002,35,128,192,1,exito
hamming,16,0.002,36,128,192,0,exito
hamming,16,0.002,37,128,192,0,exito
hamming,16,0.002,38,128,192,1,exito
hamming,16,0.002,39,128,192,0,exito
hamming,16,0.002,40,128,192,0,exito
hamming,16,0.002,41,128,192,0,exito
hamming,16,0.002,42,128,192,0,exito
hamming,16,0.002,43,128,192,0,exito
hamming,16,0.002,44,128,192,0,exito
hamming,16,0.002,45,128,192,0,exito
hamming,16,0.002,46,128,192,1,exito
hamming,16,0.002,47,128,192,1,exito
hamming,16,0.002,48,128,192,0,exito
hamming,16,0.002,49,128,192,0,exito
hamming,16,0.002,50,128,192,0,exito
hamming,16,0.002,51,128,192,0,exito
hamming,16,0.002,52,128,192,1,exito
hamming,16,0.002,53,128,192,0,exito
hamming,16,0.002,54,128,192,0,exito
hamming,16,0.002,55,128,192,0,exito
hamming,16,0.002,56,128,192,0,exito
hamming,16,0.002,57,128,192,1,exito
hamming,16,0.002,58,128,192,0,exito
hamming,16,0.002,59,128,192,0,exito
hamming,16,0.002,60,128,192,0,exito
hamming,16,0.002,61,128,192,0,exito
hamming,16,0.002,62,128,192,0,exito
hamming,16,0.002,63,128,192,0,exito
hamming,16,0.002,64,128,192,0,exito
hamming,16,0.002,65,128,192,0,exito
hamming,16,0.002,66,128,192,1,exito
hamming,16,0.002,67,128,192,0,exito
hamming,16,0.002,68,128,192,0,exito
hamming,16,0.002,69,128,192,1,exito
hamming,16,0.002,70,128,192,1,exito
hamming,16,0.002,71,128,192,1,exito
hamming,16,0.002,72,128,192,0,exito
hamming,16,0.002,73,128,192,1,exito
hamming,16,0.002,74,128,192,0,exito
hamming,16,0.002,75,128,192,2,exito
hamming,16,0.002,76,128,192,1,exito
hamming,16,0.002,77,128,192,1,exito
hamming,16,0.002,78,128,192,0,exito
hamming,16,0.002,79,128,192,0,exito
hamming,16,0.002,80,128,192,0,exito
hamming,16,0.002,81,128,192,1,exito
hamming,16,0.002,82,128,192,0,exito
hamming,16,0.002,83,128,192,0,exito
hamming,16,0.002,84,128,192,0,exito
hamming,16,0.002,85,128,192,0,exito
hamming,16,0.002,86,128,192,2,exito
hamming,16,0.002,87,128,192,0,exito
hamming,16,0.002,88,128,192,0,exito
hamming,16,0.002,89,128,192,0,exito
hamming,16,0.002,90,128,192,1,exito
hamming,16,0.002,91,128,192,1,exito
hamming,16,0.002,92,128,192,0,exito
hamming,16,0.002,93,128,192,0,exito
hamming,16,0.002,94,128,192,0,exito
hamming,16,0.002,95,128,192,0,exito
hamming,16,0.002,96,128,192,0,exito
hamming,16,0.002,97,128,192,2,no_detectado
hamming,16,0.002,98,128,192,0,exito
hamming,16,0.002,99,128,192,0,exito
hamming,16,0.002,100,128,192,0,exito
hamming,16,0.002,101,128,192,1,exito
hamming,16,0.002,102,128,192,0,exito
hamming,16,0.002,103,128,192,0,exito
hamming,16,0.002,104,128,192,0,exito
hamming,16,0.002,105,128,192,0,exito
hamming,16,0.002,106,128,192,0,exito
hamming,16,0.002,107,128,192,1,exito
hamming,16,0.002,108,128,192,0,exito
hamming,16,0.002,109,128,192,1,exito
hamming,16,0.002,110,128,192,0,exito
hamming,16,0.002,111,128,192,0,exito
hamming,16,0.002,112,128,192,0,exito
hamming,16,0.002,113,128,192,0,exito
hamming,16,0.002,114,128,192,0,exito
hamming,16,0.002,115,128,192,0,exito
hamming,16,0.002,116,128,192,1,exito
hamming,16,0.002,117,128,192,0,exito
hamming,16,0.002,118,128,192,0,exito
hamming,16,0.002,119,128,192,0,exito
hamming,16,0.002,120,128,192,0,exito
hamming,16,0.002,121,128,192,0,exito
hamming,16,0.002,122,128,192,0,exito
hamming,16,0.002,123,128,192,0,exito
hamming,16,0.002,124,128,192,1,exito
hamming,16,0.002,125,128,192,1,exito
hamming,16,0.002,126,128,192,1,exito
hamming,16,0.002,127,128,192,1,exito
hamming,16,0.002,128,128,192,0,exito
hamming,16,0.002,129,128,192,0,exito
hamming,16,0.002,130,128,192,0,exito
hamming,16,0.002,131,128,192,0,exito
hamming,16,0.002,132,128,192,1,exito
hamming,16,0.002,133,128,192,1,exito
hamming,16,0.002,134,128,192,1,exito
hamming,16,0.002,135,128,192,0,exito
hamming,16,0.002,136,128,192,0,exito
hamming,16,0.002,137,128,192,1,exito
hamming,16,0.002,138,128,192,0,exito
hamming,16,0.002,139,128,192,0,exito
hamming,16,0.002,140,128,192,1,exito
hamming,16,0.002,141,128,192,0,exito
hamming,16,0.002,142,128,192,0,exito
hamming,16,0.002,143,128,192,1,exito
hamming,16,0.002,144,128,192,0,exito
hamming,16,0.002,145,128,192,0,exito
hamming,16,0.002,146,128,192,0,exito
hamming,16,0.002,147,128,192,2,exito
hamming,16,0.002,148,128,192,0,exito
hamming,16,0.002,149,128,192,1,exito
hamming,16,0.002,150,128,192,0,exito
hamming,16,0.002,151,128,192,1,exito
hamming,16,0.002,152,128,192,0,exito
hamming,16,0.002,153,128,192,1,exito
hamming,16,0.002,154,128,192,0,exito
hamming,16,0.002,155,128,192,1,exito
hamming,16,0.002,156,128,192,0,exito
hamming,16,0.002,157,128,192,0,exito
hamming,16,0.002,158,128,192,0,exito
hamming,16,0.002,159,128,192,1,exito
hamming,16,0.002,160,128,192,0,exito
hamming,16,0.002,161,128,192,0,exito
hamming,16,0.002,162,128,192,0,exito
hamming,16,0.002,163,128,192,0,exito
hamming,16,0.002,164,128,192,1,exito
hamming,16,0.002,165,128,192,0,exito
hamming,16,0.002,166,128,192,0,exito
hamming,16,0.002,167,128,192,0,exito
hamming,16,0.002,168,128,192,0,exito
hamming,16,0.002,169,128,192,0,exito
hamming,16,0.002,170,128,192,0,exito
hamming,16,0.002,171,128,192,2,exito
hamming,16,0.002,172,128,192,0,exito
hamming,16,0.002,173,128,192,1,exito
hamming,16,0.002,174,128,192,0,exito
hamming,16,0.002,175,128,192,1,exito
hamming,16,0.002,176,128,192,0,exito
hamming,16,0.002,177,128,192,0,exito
hamming,16,0.002,178,128,192,0,exito
hamming,16,0.002,179,128,192,1,exito
hamming,16,0.002,180,128,192,1,exito
hamming,16,0.002,181,128,192,0,exito
hamming,16,0.002,182,128,192,0,exito
hamming,16,0.002,183,128,192,0,exito
hamming,16,0.002,184,128,192,0,exito
hamming,16,0.002,185,128,192,1,exito
hamming,16,0.002,186,128,192,0,exito
hamming,16,0.002,187,128,192,0,exito
hamming,16,0.002,188,128,192,1,exito
hamming,16,0.002,189,128,192,1,exito
hamming,16,0.002,190,128,192,1,exito
hamming,16,0.002,191,128,192,0,exito
hamming,16,0.002,192,128,192,1,exito
hamming,16,0.002,193,128,192,1,exito
hamming,16,0.002,194,128,192,0,exito
hamming,16,0.002,195,128,192,0,exito
hamming,16,0.002,196,128,192,0,exito
hamming,16,0.002,197,128,192,1,exito
hamming,16,0.002,198,128,192,0,exito
hamming,16,0.002,199,128,192,2,exito
hamming,16,0.005,0,128,192,1,exito
hamming,16,0.005,1,128,192,0,exito
hamming,16,0.005,2,128,192,2,no_detectado
hamming,16,0.005,3,128,192,1,exito
hamming,16,0.005,4,128,192,0,exito
hamming,16,0.005,5,128,192,0,exito
hamming,16,0.005,6,128,192,1,exito
hamming,16,0.005,7,128,192,1,exito
hamming,16,0.005,8,128,192,0,exito
hamming,16,0.005,9,128,192,0,exito
hamming,16,0.005,10,128,192,0,exito
hamming,16,0.005,11,128,192,1,exito
hamming,16,0.005,12,128,192,2,exito
hamming,16,0.005,13,128,192,1,exito
hamming,16,0.005,14,128,192,0,exito
hamming,16,0.005,15,128,192,0,exito
hamming,16,0.005,16,128,192,1,exito
hamming,16,0.005,17,128,192,0,exito
hamming,16,0.005,18,128,192,0,exito
hamming,16,0.005,19,128,192,1,exito
hamming,16,0.005,20,128,192,2,exito
hamming,16,0.005,21,128,192,0,exito
hamming,16,0.005,22,128,192,0,exito
hamming,16,0.005,23,128,192,0,exito
hamming,16,0.005,24,128,192,1,exito
hamming,16,0.005,25,128,192,1,exito
hamming,16,0.005,26,128,192,2,exito
hamming,16,0.005,27,128,192,0,exito
hamming,16,0.005,28,128,192,0,exito
hamming,16,0.005,29,128,192,1,exito
hamming,16,0.005,30,128,192,1,exito
hamming,16,0.005,31,128,192,1,exito
hamming,16,0.005,32,128,192,0,exito
hamming,16,0.005,33,128,192,2,exito
hamming,16,0.005,34,128,192,1,exito
hamming,16,0.005,35,128,192,0,exito
hamming,16,0.005,36,128,192,1,exito
hamming,16,0.005,37,128,192,2,exito
hamming,16,0.005,38,128,192,2,exito
hamming,16,0.005,39,128,192,0,exito
hamming,16,0.005,40,128,192,0,exito
hamming,16,0.005,41,128,192,0,exito
hamming,16,0.005,42,128,192,1,exito
hamming,16,0.005,43,128,192,0,exito
hamming,16,0.005,44,128,192,1,exito
hamming,16,0.005,45,128,192,0,exito
hamming,16,0.005,46,128,192,0,exito
hamming,16,0.005,47,128,192,0,exito
hamming,16,0.005,48,128,192,0,exito
hamming,16,0.005,49,128,192,1,exito
hamming,16,0.005,50,128,192,0,exito
hamming,16,0.005,51,128,192,1,exito
hamming,16,0.005,52,128,192,0,exito
hamming,16,0.005,53,128,192,2,exito
hamming,16,0.005,54,128,192,1,exito
hamming,16,0.005,55,128,192,2,exito
hamming,16,0.005,56,128,192,0,exito
hamming,16,0.005,57,128,192,3,exito
hamming,16,0.005,58,128,192,1,exito
hamming,16,0.005,59,128,192,0,exito
hamming,16,0.005,60,128,192,1,exito
hamming,16,0.005,61,128,192,0,exito
hamming,16,0.005,62,128,192,1,exito
hamming,16,0.005,63,128,192,1,exito
hamming,16,0.005,64,128,192,2,exito
hamming,16,0.005,65,128,192,0,exito
hamming,16,0.005,66,128,192,0,exito
hamming,16,0.005,67,128,192,0,exito
hamming,16,0.005,68,128,192,0,exito
hamming,16,0.005,69,128,192,0,exito
hamming,16,0.005,70,128,192,2,exito
hamming,16,0.005,71,128,192,1,exito
hamming,16,0.005,72,128,192,0,exito
hamming,16,0.005,73,128,192,2,exito
hamming,16,0.005,74,128,192,2,exito
hamming,16,0.005,75,128,192,1,exito
hamming,16,0.005,76,128,192,1,exito
hamming,16,0.005,77,128,192,0,exito
hamming,16,0.005,78,128,192,1,exito
hamming,16,0.005,79,128,192,1,exito
hamming,16,0.005,80,128,192,1,exito
hamming,16,0.005,81,128,192,0,exito
hamming,16,0.005,82,128,192,1,exito
hamming,16,0.005,83,128,192,0,exito
hamming,16,0.005,84,128,192,1,exito
hamming,16,0.005,85,128,192,0,exito
hamming,16,0.005,86,128,192,0,exito
hamming,16,0.005,87,128,192,0,exito
hamming,16,0.005,88,128,192,0,exito
hamming,16,0.005,89,128,192,1,exito
hamming,16,0.005,90,128,192,2,exito
hamming,16,0.005,91,128,192,2,exito
hamming,16,0.005,92,128,192,1,exito
hamming,16,0.005,93,128,192,2,exito
hamming,16,0.005,94,128,192,1,exito
hamming,16,0.005,95,128,192,0,exito
hamming,16,0.005,96,128,192,2,exito
hamming,16,0.005,97,128,192,0,exito
hamming,16,0.005,98,128,192,0,exito
hamming,16,0.005,99,128,192,1,exito
hamming,16,0.005,100,128,192,3,exito
hamming,16,0.005,101,128,192,0,exito
hamming,16,0.005,102,128,192,0,exito
hamming,16,0.005,103,128,192,1,exito
hamming,16,0.005,104,128,192,2,exito
hamming,16,0.005,105,128,192,0,exito
hamming,16,0.005,106,128,192,0,exito
hamming,16,0.005,107,128,192,2,exito
hamming,16,0.005,108,128,192,2,exito
hamming,16,0.005,109,128,192,2,exito
hamming,16,0.005,110,128,192,1,exito
hamming,16,0.005,111,128,192,1,exito
hamming,16,0.005,112,128,192,1,exito
hamming,16,0.005,113,128,192,1,exito
hamming,16,0.005,114,128,192,1,exito
hamming,16,0.005,115,128,192,2,exito
hamming,16,0.005,116,128,192,0,exito
hamming,16,0.005,117,128,192,1,exito
hamming,16,0.005,118,128,192,0,exito
hamming,16,0.005,119,128,192,2,exito
hamming,16,0.005,120,128,192,0,exito
hamming,16,0.005,121,128,192,2,exito
hamming,16,0.005,122,128,192,0,exito
hamming,16,0.005,123,128,192,2,exito
hamming,16,0.005,124,128,192,0,exito
hamming,16,0.005,125,128,192,0,exito
hamming,16,0.005,126,128,192,1,exito
hamming,16,0.005,127,128,192,0,exito
hamming,16,0.005,128,128,192,1,exito
hamming,16,0.005,129,128,192,1,exito
hamming,16,0.005,130,128,192,1,exito
hamming,16,0.005,131,128,192,0,exito
hamming,16,0.005,132,128,192,0,exito
hamming,16,0.005,133,128,192,2,exito
hamming,16,0.005,134,128,192,0,exito
hamming,16,0.005,135,128,192,1,exito
hamming,16,0.005,136,128,192,0,exito
hamming,16,0.005,137,128,192,0,exito
hamming,16,0.005,138,128,192,1,exito
hamming,16,0.005,139,128,192,1,exito
hamming,16,0.005,140,128,192,1,exito
hamming,16,0.005,141,128,192,2,exito
hamming,16,0.005,142,128,192,0,exito
hamming,16,0.005,143,128,192,1,exito
hamming,16,0.005,144,128,192,0,exito
hamming,16,0.005,145,128,192,2,exito
hamming,16,0.005,146,128,192,3,exito
hamming,16,0.005,147,128,192,3,exito
hamming,16,0.005,148,128,192,2,exito
hamming,16,0.005,149,128,192,1,exito
hamming,16,0.005,150,128,192,0,exito
hamming,16,0.005,151,128,192,4,exito
hamming,16,0.005,152,128,192,0,exito
hamming,16,0.005,153,128,192,3,exito
hamming,16,0.005,154,128,192,0,exito
hamming,16,0.005,155,128,192,2,exito
hamming,16,0.005,156,128,192,0,exito
hamming,16,0.005,157,128,192,2,exito
hamming,16,0.005,158,128,192,1,exito
hamming,16,0.005,159,128,192,0,exito
hamming,16,0.005,160,128,192,0,exito
hamming,16,0.005,161,128,192,2,exito
hamming,16,0.005,162,128,192,0,exito
hamming,16,0.005,163,128,192,0,exito
hamming,16,0.005,164,128,192,1,exito
hamming,16,0.005,165,128,192,1,exito
hamming,16,0.005,166,128,192,3,exito
hamming,16,0.005,167,128,192,0,exito
hamming,16,0.005,168,128,192,0,exito
hamming,16,0.005,169,128,192,1,exito
hamming,16,0.005,170,128,192,2,exito
hamming,16,0.005,171,128,192,0,exito
hamming,16,0.005,172,128,192,0,exito
hamming,16,0.005,173,128,192,1,exito
hamming,16,0.005,174,128,192,0,exito
hamming,16,0.005,175,128,192,3,exito
hamming,16,0.005,176,128,192,0,exito
hamming,16,0.005,177,128,192,0,exito
hamming,16,0.005,178,128,192,0,exito
hamming,16,0.005,179,128,192,0,exito
hamming,16,0.005,180,128,192,2,exito
hamming,16,0.005,181,128,192,1,exito
hamming,16,0.005,182,128,192,1,exito
hamming,16,0.005,183,128,192,0,exito
hamming,16,0.005,184,128,192,0,exito
hamming,16,0.005,185,128,192,0,exito
hamming,16,0.005,186,128,192,3,exito
hamming,16,0.005,187,128,192,0,exito
hamming,16,0.005,188,128,192,0,exito
hamming,16,0.005,189,128,192,0,exito
hamming,16,0.005,190,128,192,1,exito
hamming,16,0.005,191,128,192,3,exito
hamming,16,0.005,192,128,192,0,exito
hamming,16,0.005,193,128,192,2,exito
hamming,16,0.005,194,128,192,1,exito
hamming,16,0.005,195,128,192,0,exito
hamming,16,0.005,196,128,192,0,exito
hamming,16,0.005,197,128,192,1,exito
hamming,16,0.005,198,128,192,3,detectado
hamming,16,0.005,199,128,192,0,exito
hamming,16,0.01,0,128,192,0,exito
hamming,16,0.01,1,128,192,2,exito
hamming,16,0.01,2,128,192,1,exito
hamming,16,0.01,3,128,192,3,exito
hamming,16,0.01,4,128,192,4,exito
hamming,16,0.01,5,128,192,2,exito
hamming,16,0.01,6,128,192,2,exito
hamming,16,0.01,7,128,192,1,exito
hamming,16,0.01,8,128,192,1,exito
hamming,16,0.01,9,128,192,0,exito
hamming,16,0.01,10,128,192,1,exito
hamming,16,0.01,11,128,192,0,exito
hamming,16,0.01,12,128,192,1,exito
hamming,16,0.01,13,128,192,0,exito
hamming,16,0.01,14,128,192,2,exito
hamming,16,0.01,15,128,192,2,exito
hamming,16,0.01,16,128,192,5,exito
hamming,16,0.01,17,128,192,1,exito
hamming,16,0.01,18,128,192,2,exito
hamming,16,0.01,19,128,192,3,exito
hamming,16,0.01,20,128,192,2,exito
hamming,16,0.01,21,128,192,0,exito
hamming,16,0.01,22,128,192,3,exito
hamming,16,0.01,23,128,192,1,exito
hamming,16,0.01,24,128,192,2,exito
hamming,16,0.01,25,128,192,2,exito
hamming,16,0.01,26,128,192,2,exito
hamming,16,0.01,27,128,192,2,no_detectado
hamming,16,0.01,28,128,192,2,exito
hamming,16,0.01,29,128,192,2,exito
hamming,16,0.01,30,128,192,0,exito
hamming,16,0.01,31,128,192,3,exito
hamming,16,0.01,32,128,192,2,exito
hamming,16,0.01,33,128,192,2,exito
hamming,16,0.01,34,128,192,2,exito
hamming,16,0.01,35,128,192,2,exito
hamming,16,0.01,36,128,192,1,exito
hamming,16,0.01,37,128,192,3,no_detectado
hamming,16,0.01,38,128,192,1,exito
hamming,16,0.01,39,128,192,3,exito
hamming,16,0.01,40,128,192,2,exito
hamming,16,0.01,41,128,192,0,exito
hamming,16,0.01,42,128,192,0,exito
hamming,16,0.01,43,128,192,1,exito
hamming,16,0.01,44,128,192,3,exito
hamming,16,0.01,45,128,192,1,exito
hamming,16,0.01,46,128,192,2,exito
hamming,16,0.01,47,128,192,3,exito
hamming,16,0.01,48,128,192,3,exito
hamming,16,0.01,49,128,192,2,exito
hamming,16,0.01,50,128,192,2,exito
hamming,16,0.01,51,128,192,2,exito
hamming,16,0.01,52,128,192,0,exito
hamming,16,0.01,53,128,192,3,exito
hamming,16,0.01,54,128,192,0,exito
hamming,16,0.01,55,128,192,4,exito
hamming,16,0.01,56,128,192,5,exito
hamming,16,0.01,57,128,192,0,exito
hamming,16,0.01,58,128,192,4,no_detectado
hamming,16,0.01,59,128,192,2,exito
hamming,16,0.01,60,128,192,3,exito
hamming,16,0.01,61,128,192,0,exito
hamming,16,0.01,62,128,192,3,exito
hamming,16,0.01,63,128,192,4,exito
hamming,16,0.01,64,128,192,0,exito
hamming,16,0.01,65,128,192,2,exito
hamming,16,0.01,66,128,192,3,exito
hamming,16,0.01,67,128,192,0,exito
hamming,16,0.01,68,128,192,2,exito
hamming,16,0.01,69,128,192,2,exito
hamming,16,0.01,70,128,192,0,exito
hamming,16,0.01,71,128,192,2,exito
hamming,16,0.01,72,128,192,1,exito
hamming,16,0.01,73,128,192,2,exito
hamming,16,0.01,74,128,192,1,exito
hamming,16,0.01,75,128,192,2,exito
hamming,16,0.01,76,128,192,2,exito
hamming,16,0.01,77,128,192,2,exito
hamming,16,0.01,78,128,192,2,exito
hamming,16,0.01,79,128,192,1,exito
hamming,16,0.01,80,128,192,2,exito
hamming,16,0.01,81,128,192,2,exito
hamming,16,0.01,82,128,192,2,exito
hamming,16,0.01,83,128,192,3,exito
hamming,16,0.01,84,128,192,1,exito
hamming,16,0.01,85,128,192,1,exito
hamming,16,0.01,86,128,192,1,exito
hamming,16,0.01,87,128,192,2,exito
hamming,16,0.01,88,128,192,1,exito
hamming,16,0.01,89,128,192,0,exito
hamming,16,0.01,90,128,192,2,exito
hamming,16,0.01,91,128,192,4,exito
hamming,16,0.01,92,128,192,2,exito
hamming,16,0.01,93,128,192,0,exito
hamming,16,0.01,94,128,192,1,exito
hamming,16,0.01,95,128,192,2,exito
hamming,16,0.01,96,128,192,1,exito
hamming,16,0.01,97,128,192,3,exito
hamming,16,0.01,98,128,192,3,no_detectado
hamming,16,0.01,99,128,192,3,exito
hamming,16,0.01,100,128,192,2,exito
hamming,16,0.01,101,128,192,2,exito
hamming,16,0.01,102,128,192,2,exito
hamming,16,0.01,103,128,192,1,exito
hamming,16,0.01,104,128,192,1,exito
hamming,16,0.01,105,128,192,1,exito
hamming,16,0.01,106,128,192,2,exito
hamming,16,0.01,107,128,192,1,exito
hamming,16,0.01,108,128,192,2,exito
hamming,16,0.01,109,128,192,2,exito
hamming,16,0.01,110,128,192,2,exito
hamming,16,0.01,111,128,192,1,exito
hamming,16,0.01,112,128,192,0,exito
hamming,16,0.01,113,128,192,2,exito
hamming,16,0.01,114,128,192,1,exito
hamming,16,0.01,115,128,192,0,exito
hamming,16,0.01,116,128,192,3,exito
hamming,16,0.01,117,128,192,3,exito
hamming,16,0.01,118,128,192,3,exito
hamming,16,0.01,119,128,192,0,exito
hamming,16,0.01,120,128,192,2,exito
hamming,16,0.01,121,128,192,1,exito
hamming,16,0.01,122,128,192,2,exito
hamming,16,0.01,123,128,192,3,exito
hamming,16,0.01,124,128,192,2,exito
hamming,16,0.01,125,128,192,3,exito
hamming,16,0.01,126,128,192,2,exito
hamming,16,0.01,127,128,192,2,exito
hamming,16,0.01,128,128,192,0,exito
hamming,16,0.01,129,128,192,0,exito
hamming,16,0.01,130,128,192,4,exito
hamming,16,0.01,131,128,192,0,exito
hamming,16,0.01,132,128,192,1,exito
hamming,16,0.01,133,128,192,3,no_detectado
hamming,16,0.01,134,128,192,0,exito
hamming,16,0.01,135,128,192,2,exito
hamming,16,0.01,136,128,192,4,exito
hamming,16,0.01,137,128,192,2,exito
hamming,16,0.01,138,128,192,4,no_detectado
hamming,16,0.01,139,128,192,0,exito
hamming,16,0.01,140,128,192,1,exito
hamming,16,0.01,141,128,192,1,exito
hamming,16,0.01,142,128,192,1,exito
hamming,16,0.01,143,128,192,2,exito
hamming,16,0.01,144,128,192,2,exito
hamming,16,0.01,145,128,192,1,exito
hamming,16,0.01,146,128,192,2,exito
hamming,16,0.01,147,128,192,2,no_detectado
hamming,16,0.01,148,128,192,0,exito
hamming,16,0.01,149,128,192,2,detectado
hamming,16,0.01,150,128,192,1,exito
hamming,16,0.01,151,128,192,3,no_detectado
hamming,16,0.01,152,128,192,4,exito
hamming,16,0.01,153,128,192,1,exito
hamming,16,0.01,154,128,192,0,exito
hamming,16,0.01,155,128,192,3,exito
hamming,16,0.01,156,128,192,3,exito
hamming,16,0.01,157,128,192,2,exito
hamming,16,0.01,158,128,192,1,exito
hamming,16,0.01,159,128,192,2,exito
hamming,16,0.01,160,128,192,1,exito
hamming,16,0.01,161,128,192,3,exito
hamming,16,0.01,162,128,192,3,no_detectado
hamming,16,0.01,163,128,192,0,exito
hamming,16,0.01,164,128,192,1,exito
hamming,16,0.01,165,128,192,2,exito
hamming,16,0.01,166,128,192,0,exito
hamming,16,0.01,167,128,192,2,no_detectado
hamming,16,0.01,168,128,192,1,exito
hamming,16,0.01,169,128,192,4,detectado
hamming,16,0.01,170,128,192,1,exito
hamming,16,0.01,171,128,192,4,no_detectado
hamming,16,0.01,172,128,192,5,exito
hamming,16,0.01,173,128,192,2,exito
hamming,16,0.01,174,128,192,2,exito
hamming,16,0.01,175,128,192,5,no_detectado
hamming,16,0.01,176,128,192,0,exito
hamming,16,0.01,177,128,192,0,exito
hamming,16,0.01,178,128,192,0,exito
hamming,16,0.01,179,128,192,1,exito
hamming,16,0.01,180,128,192,3,exito
hamming,16,0.01,181,128,192,1,exito
hamming,16,0.01,182,128,192,2,exito
hamming,16,0.01,183,128,192,1,exito
hamming,16,0.01,184,128,192,3,exito
hamming,16,0.01,185,128,192,2,exito
hamming,16,0.01,186,128,192,2,exito
hamming,16,0.01,187,128,192,1,exito
hamming,16,0.01,188,128,192,1,exito
hamming,16,0.01,189,128,192,0,exito
hamming,16,0.01,190,128,192,2,exito
hamming,16,0.01,191,128,192,5,exito
hamming,16,0.01,192,128,192,0,exito
hamming,16,0.01,193,128,192,1,exito
hamming,16,0.01,194,128,192,5,detectado
hamming,16,0.01,195,128,192,1,exito
hamming,16,0.01,196,128,192,1,exito
hamming,16,0.01,197,128,192,1,exito
hamming,16,0.01,198,128,192,1,exito
hamming,16,0.01,199,128,192,0,exito
hamming,16,0.02,0,128,192,4,no_detectado
hamming,16,0.02,1,128,192,7,no_detectado
hamming,16,0.02,2,128,192,1,exito
hamming,16,0.02,3,128,192,3,exito
hamming,16,0.02,4,128,192,3,exito
hamming,16,0.02,5,128,192,5,no_detectado
hamming,16,0.02,6,128,192,5,no_detectado
hamming,16,0.02,7,128,192,4,exito
hamming,16,0.02,8,128,192,3,exito
hamming,16,0.02,9,128,192,4,exito
hamming,16,0.02,10,128,192,9,no_detectado
hamming,16,0.02,11,128,192,6,no_detectado
hamming,16,0.02,12,128,192,3,exito
hamming,16,0.02,13,128,192,6,exito
hamming,16,0.02,14,128,192,2,exito
hamming,16,0.02,15,128,192,3,exito
hamming,16,0.02,16,128,192,3,exito
hamming,16,0.02,17,128,192,2,exito
hamming,16,0.02,18,128,192,3,exito
hamming,16,0.02,19,128,192,4,exito
hamming,16,0.02,20,128,192,3,exito
hamming,16,0.02,21,128,192,2,exito
hamming,16,0.02,22,128,192,3,exito
hamming,16,0.02,23,128,192,4,exito
hamming,16,0.02,24,128,192,2,exito
hamming,16,0.02,25,128,192,1,exito
hamming,16,0.02,26,128,192,4,exito
hamming,16,0.02,27,128,192,6,no_detectado
hamming,16,0.02,28,128,192,4,no_detectado
hamming,16,0.02,29,128,192,4,exito
hamming,16,0.02,30,128,192,2,exito
hamming,16,0.02,31,128,192,3,no_detectado
hamming,16,0.02,32,128,192,6,detectado
hamming,16,0.02,33,128,192,2,exito
hamming,16,0.02,34,128,192,4,exito
hamming,16,0.02,35,128,192,3,exito
hamming,16,0.02,36,128,192,2,exito
hamming,16,0.02,37,128,192,7,no_detectado
hamming,16,0.02,38,128,192,3,exito
hamming,16,0.02,39,128,192,5,no_detectado
hamming,16,0.02,40,128,192,2,no_detectado
hamming,16,0.02,41,128,192,1,exito
hamming,16,0.02,42,128,192,5,exito
hamming,16,0.02,43,128,192,2,no_detectado
hamming,16,0.02,44,128,192,2,exito
hamming,16,0.02,45,128,192,2,exito
hamming,16,0.02,46,128,192,2,exito
hamming,16,0.02,47,128,192,2,exito
hamming,16,0.02,48,128,192,3,exito
hamming,16,0.02,49,128,192,6,exito
hamming,16,0.02,50,128,192,2,exito
hamming,16,0.02,51,128,192,4,exito
hamming,16,0.02,52,128,192,2,exito
hamming,16,0.02,53,128,192,4,detectado
hamming,16,0.02,54,128,192,3,exito
hamming,16,0.02,55,128,192,6,exito
hamming,16,0.02,56,128,192,8,no_detectado
hamming,16,0.02,57,128,192,6,exito
hamming,16,0.02,58,128,192,3,exito
hamming,16,0.02,59,128,192,4,no_detectado
hamming,16,0.02,60,128,192,3,exito
hamming,16,0.02,61,128,192,3,exito
hamming,16,0.02,62,128,192,7,no_detectado
hamming,16,0.02,63,128,192,1,exito
hamming,16,0.02,64,128,192,3,exito
hamming,16,0.02,65,128,192,4,exito
hamming,16,0.02,66,128,192,1,exito
hamming,16,0.02,67,128,192,5,exito
hamming,16,0.02,68,128,192,7,no_detectado
hamming,16,0.02,69,128,192,8,no_detectado
hamming,16,0.02,70,128,192,2,exito
hamming,16,0.02,71,128,192,1,exito
hamming,16,0.02,72,128,192,5,exito
hamming,16,0.02,73,128,192,2,exito
hamming,16,0.02,74,128,192,3,exito
hamming,16,0.02,75,128,192,3,exito
hamming,16,0.02,76,128,192,6,no_detectado
hamming,16,0.02,77,128,192,1,exito
hamming,16,0.02,78,128,192,3,detectado
hamming,16,0.02,79,128,192,3,exito
hamming,16,0.02,80,128,192,6,no_detectado
hamming,16,0.02,81,128,192,3,exito
hamming,16,0.02,82,128,192,2,exito
hamming,16,0.02,83,128,192,7,detectado
hamming,16,0.02,84,128,192,3,exito
hamming,16,0.02,85,128,192,5,no_detectado
hamming,16,0.02,86,128,192,4,no_detectado
hamming,16,0.02,87,128,192,2,exito
hamming,16,0.02,88,128,192,3,exito
hamming,16,0.02,89,128,192,3,no_detectado
hamming,16,0.02,90,128,192,6,no_detectado
hamming,16,0.02,91,128,192,5,exito
hamming,16,0.02,92,128,192,6,exito
hamming,16,0.02,93,128,192,3,exito
hamming,16,0.02,94,128,192,3,exito
hamming,16,0.02,95,128,192,9,detectado
hamming,16,0.02,96,128,192,1,exito
hamming,16,0.02,97,128,192,4,exito
hamming,16,0.02,98,128,192,2,exito
hamming,16,0.02,99,128,192,1,exito
hamming,16,0.02,100,128,192,3,no_detectado
hamming,16,0.02,101,128,192,2,exito
hamming,16,0.02,102,128,192,4,exito
hamming,16,0.02,103,128,192,5,no_detectado
hamming,16,0.02,104,128,192,4,exito
hamming,16,0.02,105,128,192,2,exito
hamming,16,0.02,106,128,192,3,exito
hamming,16,0.02,107,128,192,2,exito
hamming,16,0.02,108,128,192,3,detectado
hamming,16,0.02,109,128,192,1,exito
hamming,16,0.02,110,128,192,4,exito
hamming,16,0.02,111,128,192,4,no_detectado
hamming,16,0.02,112,128,192,5,exito
hamming,16,0.02,113,128,192,5,exito
hamming,16,0.02,114,128,192,3,exito
hamming,16,0.02,115,128,192,2,exito
hamming,16,0.02,116,128,192,2,exito
hamming,16,0.02,117,128,192,2,exito
hamming,16,0.02,118,128,192,6,exito
hamming,16,0.02,119,128,192,6,no_detectado
hamming,16,0.02,120,128,192,4,exito
hamming,16,0.02,121,128,192,5,exito
hamming,16,0.02,122,128,192,4,exito
hamming,16,0.02,123,128,192,0,exito
hamming,16,0.02,124,128,192,3,exito
hamming,16,0.02,125,128,192,2,exito
hamming,16,0.02,126,128,192,3,exito
hamming,16,0.02,127,128,192,5,detectado
hamming,16,0.02,128,128,192,5,no_detectado
hamming,16,0.02,129,128,192,7,no_detectado
hamming,16,0.02,130,128,192,4,no_detectado
hamming,16,0.02,131,128,192,2,exito
hamming,16,0.02,132,128,192,6,exito
hamming,16,0.02,133,128,192,5,no_detectado
hamming,16,0.02,134,128,192,3,exito
hamming,16,0.02,135,128,192,4,exito
hamming,16,0.02,136,128,192,7,no_detectado
hamming,16,0.02,137,128,192,4,no_detectado
hamming,16,0.02,138,128,192,3,exito
hamming,16,0.02,139,128,192,3,exito
hamming,16,0.02,140,128,192,1,exito
hamming,16,0.02,141,128,192,6,no_detectado
hamming,16,0.02,142,128,192,1,exito
hamming,16,0.02,143,128,192,3,exito
hamming,16,0.02,144,128,192,4,no_detectado
hamming,16,0.02,145,128,192,3,exito
hamming,16,0.02,146,128,192,1,exito
hamming,16,0.02,147,128,192,5,detectado
hamming,16,0.02,148,128,192,6,no_detectado
hamming,16,0.02,149,128,192,5,exito
hamming,16,0.02,150,128,192,2,exito
hamming,16,0.02,151,128,192,3,no_detectado
hamming,16,0.02,152,128,192,5,detectado
hamming,16,0.02,153,128,192,5,no_detectado
hamming,16,0.02,154,128,192,6,exito
hamming,16,0.02,155,128,192,4,exito
hamming,16,0.02,156,128,192,6,no_detectado
hamming,16,0.02,157,128,192,4,exito
hamming,16,0.02,158,128,192,5,exito
hamming,16,0.02,159,128,192,8,detectado
hamming,16,0.02,160,128,192,5,exito
hamming,16,0.02,161,128,192,4,no_detectado
hamming,16,0.02,162,128,192,7,detectado
hamming,16,0.02,163,128,192,5,exito
hamming,16,0.02,164,128,192,0,exito
hamming,16,0.02,165,128,192,3,exito
hamming,16,0.02,166,128,192,5,exito
hamming,16,0.02,167,128,192,1,exito
hamming,16,0.02,168,128,192,5,detectado
hamming,16,0.02,169,128,192,2,exito
hamming,16,0.02,170,128,192,3,no_detectado
hamming,16,0.02,171,128,192,2,exito
hamming,16,0.02,172,128,192,4,exito
hamming,16,0.02,173,128,192,5,detectado
hamming,16,0.02,174,128,192,3,exito
hamming,16,0.02,175,128,192,4,no_detectado
hamming,16,0.02,176,128,192,4,exito
hamming,16,0.02,177,128,192,7,exito
hamming,16,0.02,178,128,192,4,exito
hamming,16,0.02,179,128,192,3,exito
hamming,16,0.02,180,128,192,7,no_detectado
hamming,16,0.02,181,128,192,3,exito
hamming,16,0.02,182,128,192,3,exito
hamming,16,0.02,183,128,192,2,exito
hamming,16,0.02,184,128,192,4,exito
hamming,16,0.02,185,128,192,5,exito
hamming,16,0.02,186,128,192,4,no_detectado
hamming,16,0.02,187,128,192,3,exito
hamming,16,0.02,188,128,192,0,exito
hamming,16,0.02,189,128,192,6,no_detectado
hamming,16,0.02,190,128,192,4,exito
hamming,16,0.02,191,128,192,2,exito
hamming,16,0.02,192,128,192,6,exito
hamming,16,0.02,193,128,192,3,exito
hamming,16,0.02,194,128,192,2,exito
hamming,16,0.02,195,128,192,5,exito
hamming,16,0.02,196,128,192,4,detectado
hamming,16,0.02,197,128,192,5,no_detectado
hamming,16,0.02,198,128,192,9,detectado
hamming,16,0.02,199,128,192,0,exito
hamming,16,0.05,0,128,192,12,detectado
hamming,16,0.05,1,128,192,7,detectado
hamming,16,0.05,2,128,192,6,exito
hamming,16,0.05,3,128,192,15,detectado
hamming,16,0.05,4,128,192,10,detectado
hamming,16,0.05,5,128,192,9,no_detectado
hamming,16,0.05,6,128,192,6,detectado
hamming,16,0.05,7,128,192,11,no_detectado
hamming,16,0.05,8,128,192,11,no_detectado
hamming,16,0.05,9,128,192,13,no_detectado
hamming,16,0.05,10,128,192,12,no_detectado
hamming,16,0.05,11,128,192,15,detectado
hamming,16,0.05,12,128,192,12,detectado
hamming,16,0.05,13,128,192,13,no_detectado
hamming,16,0.05,14,128,192,8,no_detectado
hamming,16,0.05,15,128,192,11,detectado
hamming,16,0.05,16,128,192,11,detectado
hamming,16,0.05,17,128,192,12,detectado
hamming,16,0.05,18,128,192,4,exito
hamming,16,0.05,19,128,192,10,no_detectado
hamming,16,0.05,20,128,192,11,detectado
hamming,16,0.05,21,128,192,6,no_detectado
hamming,16,0.05,22,128,192,6,exito
hamming,16,0.05,23,128,192,6,no_detectado
hamming,16,0.05,24,128,192,9,detectado
hamming,16,0.05,25,128,192,8,no_detectado
hamming,16,0.05,26,128,192,10,no_detectado
hamming,16,0.05,27,128,192,15,detectado
hamming,16,0.05,28,128,192,11,detectado
hamming,16,0.05,29,128,192,9,no_detectado
hamming,16,0.05,30,128,192,10,no_detectado
hamming,16,0.05,31,128,192,12,no_detectado
hamming,16,0.05,32,128,192,11,no_detectado
hamming,16,0.05,33,128,192,9,exito
hamming,16,0.05,34,128,192,8,exito
hamming,16,0.05,35,128,192,11,detectado
hamming,16,0.05,36,128,192,8,no_detectado
hamming,16,0.05,37,128,192,7,no_detectado
hamming,16,0.05,38,128,192,8,detectado
hamming,16,0.05,39,128,192,7,no_detectado
hamming,16,0.05,40,128,192,6,exito
hamming,16,0.05,41,128,192,14,detectado
hamming,16,0.05,42,128,192,9,no_detectado
hamming,16,0.05,43,128,192,7,no_detectado
hamming,16,0.05,44,128,192,9,exito
hamming,16,0.05,45,128,192,4,exito
hamming,16,0.05,46,128,192,10,detectado
hamming,16,0.05,47,128,192,11,detectado
hamming,16,0.05,48,128,192,4,exito
hamming,16,0.05,49,128,192,13,detectado
hamming,16,0.05,50,128,192,4,exito
hamming,16,0.05,51,128,192,10,no_detectado
hamming,16,0.05,52,128,192,12,detectado
hamming,16,0.05,53,128,192,9,no_detectado
hamming,16,0.05,54,128,192,13,detectado
hamming,16,0.05,55,128,192,11,detectado
hamming,16,0.05,56,128,192,10,no_detectado
hamming,16,0.05,57,128,192,10,detectado
hamming,16,0.05,58,128,192,12,detectado
hamming,16,0.05,59,128,192,4,no_detectado
hamming,16,0.05,60,128,192,12,detectado
hamming,16,0.05,61,128,192,6,exito
hamming,16,0.05,62,128,192,8,no_detectado
hamming,16,0.05,63,128,192,11,no_detectado
hamming,16,0.05,64,128,192,10,no_detectado
hamming,16,0.05,65,128,192,7,detectado
hamming,16,0.05,66,128,192,4,no_detectado
hamming,16,0.05,67,128,192,9,no_detectado
hamming,16,0.05,68,128,192,8,detectado
hamming,16,0.05,69,128,192,6,no_detectado
hamming,16,0.05,70,128,192,4,detectado
hamming,16,0.05,71,128,192,7,exito
hamming,16,0.05,72,128,192,9,no_detectado
hamming,16,0.05,73,128,192,11,detectado
hamming,16,0.05,74,128,192,8,detectado
hamming,16,0.05,75,128,192,8,no_detectado
hamming,16,0.05,76,128,192,13,detectado
hamming,16,0.05,77,128,192,12,detectado
hamming,16,0.05,78,128,192,9,detectado
hamming,16,0.05,79,128,192,5,exito
hamming,16,0.05,80,128,192,8,detectado
hamming,16,0.05,81,128,192,16,detectado
hamming,16,0.05,82,128,192,11,no_detectado
hamming,16,0.05,83,128,192,16,no_detectado
hamming,16,0.05,84,128,192,8,detectado
hamming,16,0.05,85,128,192,7,no_detectado
hamming,16,0.05,86,128,192,9,detectado
hamming,16,0.05,87,128,192,7,exito
hamming,16,0.05,88,128,192,10,detectado
hamming,16,0.05,89,128,192,6,exito
hamming,16,0.05,90,128,192,10,detectado
hamming,16,0.05,91,128,192,3,exito
hamming,16,0.05,92,128,192,14,no_detectado
hamming,16,0.05,93,128,192,15,detectado
hamming,16,0.05,94,128,192,11,no_detectado
hamming,16,0.05,95,128,192,13,detectado
hamming,16,0.05,96,128,192,7,exito
hamming,16,0.05,97,128,192,12,no_detectado
hamming,16,0.05,98,128,192,7,exito
hamming,16,0.05,99,128,192,7,no_detectado
hamming,16,0.05,100,128,192,7,exito
hamming,16,0.05,101,128,192,5,exito
hamming,16,0.05,102,128,192,15,detectado
hamming,16,0.05,103,128,192,12,no_detectado
hamming,16,0.05,104,128,192,14,detectado
hamming,16,0.05,105,128,192,13,detectado
hamming,16,0.05,106,128,192,13,detectado
hamming,16,0.05,107,128,192,11,no_detectado
hamming,16,0.05,108,128,192,14,no_detectado
hamming,16,0.05,109,128,192,11,detectado
hamming,16,0.05,110,128,192,6,detectado
hamming,16,0.05,111,128,192,15,detectado
hamming,16,0.05,112,128,192,9,no_detectado
hamming,16,0.05,113,128,192,10,detectado
hamming,16,0.05,114,128,192,6,no_detectado
hamming,16,0.05,115,128,192,11,no_detectado
hamming,16,0.05,116,128,192,11,detectado
hamming,16,0.05,117,128,192,10,no_detectado
hamming,16,0.05,118,128,192,11,no_detectado
hamming,16,0.05,119,128,192,9,no_detectado
hamming,16,0.05,120,128,192,8,exito
hamming,16,0.05,121,128,192,7,exito
hamming,16,0.05,122,128,192,9,detectado
hamming,16,0.05,123,128,192,5,no_detectado
hamming,16,0.05,124,128,192,14,detectado
hamming,16,0.05,125,128,192,11,detectado
hamming,16,0.05,126,128,192,11,no_detectado
hamming,16,0.05,127,128,192,11,no_detectado
hamming,16,0.05,128,128,192,14,detectado
hamming,16,0.05,129,128,192,10,no_detectado
hamming,16,0.05,130,128,192,8,no_detectado
hamming,16,0.05,131,128,192,7,no_detectado
hamming,16,0.05,132,128,192,8,no_detectado
hamming,16,0.05,133,128,192,9,detectado
hamming,16,0.05,134,128,192,9,detectado
hamming,16,0.05,135,128,192,8,no_detectado
hamming,16,0.05,136,128,192,6,exito
hamming,16,0.05,137,128,192,8,detectado
hamming,16,0.05,138,128,192,10,detectado
hamming,16,0.05,139,128,192,17,detectado
hamming,16,0.05,140,128,192,11,no_detectado
hamming,16,0.05,141,128,192,14,detectado
hamming,16,0.05,142,128,192,5,exito
hamming,16,0.05,143,128,192,7,no_detectado
hamming,16,0.05,144,128,192,14,detectado
hamming,16,0.05,145,128,192,13,no_detectado
hamming,16,0.05,146,128,192,12,detectado
hamming,16,0.05,147,128,192,13,no_detectado
hamming,16,0.05,148,128,192,11,no_detectado
hamming,16,0.05,149,128,192,11,no_detectado
hamming,16,0.05,150,128,192,12,no_detectado
hamming,16,0.05,151,128,192,9,detectado
hamming,16,0.05,152,128,192,12,detectado
hamming,16,0.05,153,128,192,8,no_detectado
hamming,16,0.05,154,128,192,11,detectado
hamming,16,0.05,155,128,192,8,detectado
hamming,16,0.05,156,128,192,7,detectado
hamming,16,0.05,157,128,192,13,detectado
hamming,16,0.05,158,128,192,5,no_detectado
hamming,16,0.05,159,128,192,11,detectado
hamming,16,0.05,160,128,192,7,detectado
hamming,16,0.05,161,128,192,12,no_detectado
hamming,16,0.05,162,128,192,10,no_detectado
hamming,16,0.05,163,128,192,13,detectado
hamming,16,0.05,164,128,192,8,detectado
hamming,16,0.05,165,128,192,10,no_detectado
hamming,16,0.05,166,128,192,8,no_detectado
hamming,16,0.05,167,128,192,10,detectado
hamming,16,0.05,168,128,192,7,no_detectado
hamming,16,0.05,169,128,192,5,detectado
hamming,16,0.05,170,128,192,11,detectado
hamming,16,0.05,171,128,192,9,detectado
hamming,16,0.05,172,128,192,10,no_detectado
hamming,16,0.05,173,128,192,11,detectado
hamming,16,0.05,174,128,192,10,no_detectado
hamming,16,0.05,175,128,192,7,no_detectado
hamming,16,0.05,176,128,192,6,no_detectado
hamming,16,0.05,177,128,192,10,detectado
hamming,16,0.05,178,128,192,10,no_detectado
hamming,16,0.05,179,128,192,13,no_detectado
hamming,16,0.05,180,128,192,8,detectado
hamming,16,0.05,181,128,192,11,no_detectado
hamming,16,0.05,182,128,192,10,no_detectado
hamming,16,0.05,183,128,192,14,detectado
hamming,16,0.05,184,128,192,14,detectado
hamming,16,0.05,185,128,192,15,detectado
hamming,16,0.05,186,128,192,13,detectado
hamming,16,0.05,187,128,192,7,no_detectado
hamming,16,0.05,188,128,192,7,exito
hamming,16,0.05,189,128,192,15,detectado
hamming,16,0.05,190,128,192,13,detectado
hamming,16,0.05,191,128,192,11,no_detectado
hamming,16,0.05,192,128,192,8,no_detectado
hamming,16,0.05,193,128,192,9,no_detectado
hamming,16,0.05,194,128,192,4,exito
hamming,16,0.05,195,128,192,9,no_detectado
hamming,16,0.05,196,128,192,7,detectado
hamming,16,0.05,197,128,192,5,detectado
hamming,16,0.05,198,128,192,11,no_detectado
hamming,16,0.05,199,128,192,7,exito
hamming,16,0.1,0,128,192,14,no_detectado
hamming,16,0.1,1,128,192,26,no_detectado
hamming,16,0.1,2,128,192,17,detectado
hamming,16,0.1,3,128,192,16,detectado
hamming,16,0.1,4,128,192,20,no_detectado
hamming,16,0.1,5,128,192,22,detectado
hamming,16,0.1,6,128,192,12,no_detectado
hamming,16,0.1,7,128,192,18,detectado
hamming,16,0.1,8,128,192,22,no_detectado
hamming,16,0.1,9,128,192,18,detectado
hamming,16,0.1,10,128,192,21,detectado
hamming,16,0.1,11,128,192,17,no_detectado
hamming,16,0.1,12,128,192,14,no_detectado
hamming,16,0.1,13,128,192,17,detectado
hamming,16,0.1,14,128,192,18,detectado
hamming,16,0.1,15,128,192,19,detectado
hamming,16,0.1,16,128,192,22,detectado
hamming,16,0.1,17,128,192,21,no_detectado
hamming,16,0.1,18,128,192,17,detectado
hamming,16,0.1,19,128,192,16,detectado
hamming,16,0.1,20,128,192,22,detectado
hamming,16,0.1,21,128,192,14,no_detectado
hamming,16,0.1,22,128,192,17,detectado
hamming,16,0.1,23,128,192,20,detectado
hamming,16,0.1,24,128,192,22,no_detectado
hamming,16,0.1,25,128,192,18,detectado
hamming,16,0.1,26,128,192,19,detectado
hamming,16,0.1,27,128,192,9,detectado
hamming,16,0.1,28,128,192,21,no_detectado
hamming,16,0.1,29,128,192,21,detectado
hamming,16,0.1,30,128,192,13,no_detectado
hamming,16,0.1,31,128,192,25,detectado
hamming,16,0.1,32,128,192,25,detectado
hamming,16,0.1,33,128,192,22,no_detectado
hamming,16,0.1,34,128,192,24,detectado
hamming,16,0.1,35,128,192,21,detectado
hamming,16,0.1,36,128,192,11,detectado
hamming,16,0.1,37,128,192,22,detectado
hamming,16,0.1,38,128,192,16,detectado
hamming,16,0.1,39,128,192,22,detectado
hamming,16,0.1,40,128,192,14,no_detectado
hamming,16,0.1,41,128,192,17,no_detectado
hamming,16,0.1,42,128,192,18,detectado
hamming,16,0.1,43,128,192,10,detectado
hamming,16,0.1,44,128,192,18,detectado
hamming,16,0.1,45,128,192,24,detectado
hamming,16,0.1,46,128,192,28,detectado
hamming,16,0.1,47,128,192,15,no_detectado
hamming,16,0.1,48,128,192,18,no_detectado
hamming,16,0.1,49,128,192,21,detectado
hamming,16,0.1,50,128,192,17,detectado
hamming,16,0.1,51,128,192,20,detectado
hamming,16,0.1,52,128,192,25,detectado
hamming,16,0.1,53,128,192,16,detectado
hamming,16,0.1,54,128,192,24,detectado
hamming,16,0.1,55,128,192,21,detectado
hamming,16,0.1,56,128,192,19,detectado
hamming,16,0.1,57,128,192,17,detectado
hamming,16,0.1,58,128,192,16,no_detectado
hamming,16,0.1,59,128,192,19,detectado
hamming,16,0.1,60,128,192,24,detectado
hamming,16,0.1,61,128,192,14,detectado
hamming,16,0.1,62,128,192,13,detectado
hamming,16,0.1,63,128,192,20,detectado
hamming,16,0.1,64,128,192,22,no_detectado
hamming,16,0.1,65,128,192,20,detectado
hamming,16,0.1,66,128,192,13,detectado
hamming,16,0.1,67,128,192,18,no_detectado
hamming,16,0.1,68,128,192,17,detectado
hamming,16,0.1,69,128,192,21,no_detectado
hamming,16,0.1,70,128,192,15,detectado
hamming,16,0.1,71,128,192,21,detectado
hamming,16,0.1,72,128,192,22,detectado
hamming,16,0.1,73,128,192,17,detectado
hamming,16,0.1,74,128,192,19,detectado
hamming,16,0.1,75,128,192,23,detectado
hamming,16,0.1,76,128,192,15,no_detectado
hamming,16,0.1,77,128,192,23,detectado
hamming,16,0.1,78,128,192,21,no_detectado
hamming,16,0.1,79,128,192,18,detectado
hamming,16,0.1,80,128,192,17,detectado
hamming,16,0.1,81,128,192,18,detectado
hamming,16,0.1,82,128,192,17,no_detectado
hamming,16,0.1,83,128,192,31,detectado
hamming,16,0.1,84,128,192,22,detectado
hamming,16,0.1,85,128,192,15,detectado
hamming,16,0.1,86,128,192,21,detectado
hamming,16,0.1,87,128,192,22,detectado
hamming,16,0.1,88,128,192,19,detectado
hamming,16,0.1,89,128,192,18,detectado
hamming,16,0.1,90,128,192,22,detectado
hamming,16,0.1,91,128,192,19,detectado
hamming,16,0.1,92,128,192,15,detectado
hamming,16,0.1,93,128,192,21,detectado
hamming,16,0.1,94,128,192,19,no_detectado
hamming,16,0.1,95,128,192,28,no_detectado
hamming,16,0.1,96,128,192,13,no_detectado
hamming,16,0.1,97,128,192,21,detectado
hamming,16,0.1,98,128,192,13,detectado
hamming,16,0.1,99,128,192,21,detectado
hamming,16,0.1,100,128,192,18,detectado
hamming,16,0.1,101,128,192,14,no_detectado
hamming,16,0.1,102,128,192,14,no_detectado
hamming,16,0.1,103,128,192,26,detectado
hamming,16,0.1,104,128,192,23,detectado
hamming,16,0.1,105,128,192,15,detectado
hamming,16,0.1,106,128,192,17,detectado
hamming,16,0.1,107,128,192,23,detectado
hamming,16,0.1,108,128,192,18,no_detectado
hamming,16,0.1,109,128,192,13,detectado
hamming,16,0.1,110,128,192,19,detectado
hamming,16,0.1,111,128,192,14,no_detectado
hamming,16,0.1,112,128,192,20,no_detectado
hamming,16,0.1,113,128,192,16,detectado
hamming,16,0.1,114,128,192,22,detectado
hamming,16,0.1,115,128,192,22,detectado
hamming,16,0.1,116,128,192,20,detectado
hamming,16,0.1,117,128,192,13,no_detectado
hamming,16,0.1,118,128,192,26,detectado
hamming,16,0.1,119,128,192,20,detectado
hamming,16,0.1,120,128,192,26,detectado
hamming,16,0.1,121,128,192,20,detectado
hamming,16,0.1,122,128,192,16,no_detectado
hamming,16,0.1,123,128,192,18,detectado
hamming,16,0.1,124,128,192,19,detectado
hamming,16,0.1,125,128,192,18,detectado
hamming,16,0.1,126,128,192,21,detectado
hamming,16,0.1,127,128,192,11,detectado
hamming,16,0.1,128,128,192,11,detectado
hamming,16,0.1,129,128,192,18,detectado
hamming,16,0.1,130,128,192,15,no_detectado
hamming,16,0.1,131,128,192,18,no_detectado
hamming,16,0.1,132,128,192,14,detectado
hamming,16,0.1,133,128,192,21,detectado
hamming,16,0.1,134,128,192,23,no_detectado
hamming,16,0.1,135,128,192,27,detectado
hamming,16,0.1,136,128,192,18,no_detectado
hamming,16,0.1,137,128,192,17,no_detectado
hamming,16,0.1,138,128,192,19,detectado
hamming,16,0.1,139,128,192,13,detectado
hamming,16,0.1,140,128,192,20,detectado
hamming,16,0.1,141,128,192,22,detectado
hamming,16,0.1,142,128,192,15,detectado
hamming,16,0.1,143,128,192,17,detectado
hamming,16,0.1,144,128,192,13,detectado
hamming,16,0.1,145,128,192,17,detectado
hamming,16,0.1,146,128,192,20,detectado
hamming,16,0.1,147,128,192,21,detectado
hamming,16,0.1,148,128,192,17,no_detectado
hamming,16,0.1,149,128,192,17,detectado
hamming,16,0.1,150,128,192,19,detectado
hamming,16,0.1,151,128,192,23,no_detectado
hamming,16,0.1,152,128,192,23,detectado
hamming,16,0.1,153,128,192,21,detectado
hamming,16,0.1,154,128,192,22,no_detectado
hamming,16,0.1,155,128,192,16,no_detectado
hamming,16,0.1,156,128,192,23,detectado
hamming,16,0.1,157,128,192,19,no_detectado
hamming,16,0.1,158,128,192,28,no_detectado
hamming,16,0.1,159,128,192,15,detectado
hamming,16,0.1,160,128,192,15,detectado
hamming,16,0.1,161,128,192,11,no_detectado
hamming,16,0.1,162,128,192,12,no_detectado
hamming,16,0.1,163,128,192,16,detectado
hamming,16,0.1,164,128,192,20,detectado
hamming,16,0.1,165,128,192,19,detectado
hamming,16,0.1,166,128,192,23,detectado
hamming,16,0.1,167,128,192,14,no_detectado
hamming,16,0.1,168,128,192,25,detectado
hamming,16,0.1,169,128,192,20,detectado
hamming,16,0.1,170,128,192,20,detectado
hamming,16,0.1,171,128,192,24,detectado
hamming,16,0.1,172,128,192,24,detectado
hamming,16,0.1,173,128,192,15,no_detectado
hamming,16,0.1,174,128,192,18,detectado
hamming,16,0.1,175,128,192,17,no_detectado
hamming,16,0.1,176,128,192,22,detectado
hamming,16,0.1,177,128,192,14,no_detectado
hamming,16,0.1,178,128,192,15,detectado
hamming,16,0.1,179,128,192,23,no_detectado
hamming,16,0.1,180,128,192,21,detectado
hamming,16,0.1,181,128,192,23,detectado
hamming,16,0.1,182,128,192,15,detectado
hamming,16,0.1,183,128,192,21,detectado
hamming,16,0.1,184,128,192,16,detectado
hamming,16,0.1,185,128,192,12,detectado
hamming,16,0.1,186,128,192,21,detectado
hamming,16,0.1,187,128,192,19,no_detectado
hamming,16,0.1,188,128,192,20,detectado
hamming,16,0.1,189,128,192,16,detectado
hamming,16,0.1,190,128,192,18,detectado
hamming,16,0.1,191,128,192,23,detectado
hamming,16,0.1,192,128,192,19,detectado
hamming,16,0.1,193,128,192,15,detectado
hamming,16,0.1,194,128,192,14,no_detectado
hamming,16,0.1,195,128,192,20,detectado
hamming,16,0.1,196,128,192,19,detectado
hamming,16,0.1,197,128,192,13,detectado
hamming,16,0.1,198,128,192,21,detectado
hamming,16,0.1,199,128,192,23,detectado
hamming,64,0.001,0,512,768,0,exito
hamming,64,0.001,1,512,768,1,exito
hamming,64,0.001,2,512,768,0,exito
hamming,64,0.001,3,512,768,1,exito
hamming,64,0.001,4,512,768,0,exito
hamming,64,0.001,5,512,768,0,exito
hamming,64,0.001,6,512,768,2,exito
hamming,64,0.001,7,512,768,0,exito
hamming,64,0.001,8,512,768,0,exito
hamming,64,0.001,9,512,768,1,exito
hamming,64,0.001,10,512,768,1,exito
hamming,64,0.001,11,512,768,0,exito
hamming,64,0.001,12,512,768,1,exito
hamming,64,0.001,13,512,768,3,exito
hamming,64,0.001,14,512,768,0,exito
hamming,64,0.001,15,512,768,0,exito
hamming,64,0.001,16,512,768,0,exito
hamming,64,0.001,17,512,768,0,exito
hamming,64,0.001,18,512,768,0,exito
hamming,64,0.001,19,512,768,1,exito
hamming,64,0.001,20,512,768,1,exito
hamming,64,0.001,21,512,768,0,exito
hamming,64,0.001,22,512,768,0,exito
hamming,64,0.001,23,512,768,0,exito
hamming,64,0.001,24,512,768,0,exito
hamming,64,0.001,25,512,768,2,exito
hamming,64,0.001,26,512,768,1,exito
hamming,64,0.001,27,512,768,0,exito
hamming,64,0.001,28,512,768,1,exito
hamming,64,0.001,29,512,768,0,exito
hamming,64,0.001,30,512,768,0,exito
hamming,64,0.001,31,512,768,0,exito
hamming,64,0.001,32,512,768,1,exito
hamming,64,0.001,33,512,768,0,exito
hamming,64,0.001,34,512,768,2,exito
hamming,64,0.001,35,512,768,1,exito
hamming,64,0.001,36,512,768,0,exito
hamming,64,0.001,37,512,768,1,exito
hamming,64,0.001,38,512,768,1,exito
hamming,64,0.001,39,512,768,3,exito
hamming,64,0.001,40,512,768,0,exito
hamming,64,0.001,41,512,768,1,exito
hamming,64,0.001,42,512,768,0,exito
hamming,64,0.001,43,512,768,0,exito
hamming,64,0.001,44,512,768,1,exito
hamming,64,0.001,45,512,768,0,exito
hamming,64,0.001,46,512,768,1,exito
hamming,64,0.001,47,512,768,2,exito
hamming,64,0.001,48,512,768,0,exito
hamming,64,0.001,49,512,768,0,exito
hamming,64,0.001,50,512,768,1,exito
hamming,64,0.001,51,512,768,0,exito
hamming,64,0.001,52,512,768,0,exito
hamming,64,0.001,53,512,768,0,exito
hamming,64,0.001,54,512,768,0,exito
hamming,64,0.001,55,512,768,0,exito
hamming,64,0.001,56,512,768,2,exito
hamming,64,0.001,57,512,768,2,no_detectado
hamming,64,0.001,58,512,768,3,exito
hamming,64,0.001,59,512,768,1,exito
hamming,64,0.001,60,512,768,1,exito
hamming,64,0.001,61,512,768,1,exito
hamming,64,0.001,62,512,768,0,exito
hamming,64,0.001,63,512,768,4,exito
hamming,64,0.001,64,512,768,2,exito
hamming,64,0.001,65,512,768,1,exito
hamming,64,0.001,66,512,768,0,exito
hamming,64,0.001,67,512,768,1,exito
hamming,64,0.001,68,512,768,2,exito
hamming,64,0.001,69,512,768,1,exito
hamming,64,0.001,70,512,768,0,exito
hamming,64,0.001,71,512,768,1,exito
hamming,64,0.001,72,512,768,0,exito
hamming,64,0.001,73,512,768,0,exito
hamming,64,0.001,74,512,768,0,exito
hamming,64,0.001,75,512,768,0,exito
hamming,64,0.001,76,512,768,0,exito
hamming,64,0.001,77,512,768,0,exito
hamming,64,0.001,78,512,768,0,exito
hamming,64,0.001,79,512,768,0,exito
hamming,64,0.001,80,512,768,0,exito
hamming,64,0.001,81,512,768,0,exito
hamming,64,0.001,82,512,768,0,exito
hamming,64,0.001,83,512,768,0,exito
hamming,64,0.001,84,512,768,1,exito
hamming,64,0.001,85,512,768,2,exito
hamming,64,0.001,86,512,768,0,exito
hamming,64,0.001,87,512,768,0,exito
hamming,64,0.001,88,512,768,1,exito
hamming,64,0.001,89,512,768,1,exito
hamming,64,0.001,90,512,768,1,exito
hamming,64,0.001,91,512,768,2,exito
hamming,64,0.001,92,512,768,0,exito
hamming,64,0.001,93,512,768,0,exito
hamming,64,0.001,94,512,768,0,exito
hamming,64,0.001,95,512,768,1,exito
hamming,64,0.001,96,512,768,0,exito
hamming,64,0.001,97,512,768,0,exito
hamming,64,0.001,98,512,768,1,exito
hamming,64,0.001,99,512,768,0,exito
hamming,64,0.001,100,512,768,1,exito
hamming,64,0.001,101,512,768,0,exito
hamming,64,0.001,102,512,768,1,exito
hamming,64,0.001,103,512,768,0,exito
hamming,64,0.001,104,512,768,3,exito
hamming,64,0.001,105,512,768,1,exito
hamming,64,0.001,106,512,768,1,exito
hamming,64,0.001,107,512,768,0,exito
hamming,64,0.001,108,512,768,1,exito
hamming,64,0.001,109,512,768,2,exito
hamming,64,0.001,110,512,768,1,exito
hamming,64,0.001,111,512,768,0,exito
hamming,64,0.001,112,512,768,0,exito
hamming,64,0.001,113,512,768,0,exito
hamming,64,0.001,114,512,768,0,exito
hamming,64,0.001,115,512,768,1,exito
hamming,64,0.001,116,512,768,1,exito
hamming,64,0.001,117,512,768,2,exito
hamming,64,0.001,118,512,768,1,exito
hamming,64,0.001,119,512,768,2,exito
hamming,64,0.001,120,512,768,0,exito
hamming,64,0.001,121,512,768,1,exito
hamming,64,0.001,122,512,768,0,exito
hamming,64,0.001,123,512,768,0,exito
hamming,64,0.001,124,512,768,1,exito
hamming,64,0.001,125,512,768,2,exito
hamming,64,0.001,126,512,768,0,exito
hamming,64,0.001,127,512,768,1,exito
hamming,64,0.001,128,512,768,0,exito
hamming,64,0.001,129,512,768,2,exito
hamming,64,0.001,130,512,768,0,exito
hamming,64,0.001,131,512,768,1,exito
hamming,64,0.001,132,512,768,0,exito
hamming,64,0.001,133,512,768,0,exito
hamming,64,0.001,134,512,768,2,exito
hamming,64,0.001,135,512,768,1,exito
hamming,64,0.001,136,512,768,1,exito
hamming,64,0.001,137,512,768,0,exito
hamming,64,0.001,138,512,768,1,exito
hamming,64,0.001,139,512,768,1,exito
hamming,64,0.001,140,512,768,3,exito
hamming,64,0.001,141,512,768,1,exito
hamming,64,0.001,142,512,768,1,exito
hamming,64,0.001,143,512,768,0,exito
hamming,64,0.001,144,512,768,2,exito
hamming,64,0.001,145,512,768,1,exito
hamming,64,0.001,146,512,768,2,exito
hamming,64,0.001,147,512,768,1,exito
hamming,64,0.001,148,512,768,1,exito
hamming,64,0.001,149,512,768,1,exito
hamming,64,0.001,150,512,768,0,exito
hamming,64,0.001,151,512,768,1,exito
hamming,64,0.001,152,512,768,1,exito
hamming,64,0.001,153,512,768,1,exito
hamming,64,0.001,154,512,768,0,exito
hamming,64,0.001,155,512,768,2,exito
hamming,64,0.001,156,512,768,1,exito
hamming,64,0.001,157,512,768,2,exito
hamming,64,0.001,158,512,768,0,exito
hamming,64,0.001,159,512,768,0,exito
hamming,64,0.001,160,512,768,0,exito
hamming,64,0.001,161,512,768,0,exito
hamming,64,0.001,162,512,768,2,exito
hamming,64,0.001,163,512,768,0,exito
hamming,64,0.001,164,512,768,0,exito
hamming,64,0.001,165,512,768,2,exito
hamming,64,0.001,166,512,768,0,exito
hamming,64,0.001,167,512,768,0,exito
hamming,64,0.001,168,512,768,3,exito
hamming,64,0.001,169,512,768,0,exito
hamming,64,0.001,170,512,768,2,exito
hamming,64,0.001,171,512,768,1,exito
hamming,64,0.001,172,512,768,1,exito
hamming,64,0.001,173,512,768,1,exito
hamming,64,0.001,174,512,768,0,exito
hamming,64,0.001,175,512,768,3,exito
hamming,64,0.001,176,512,768,1,exito
hamming,64,0.001,177,512,768,1,exito
hamming,64,0.001,178,512,768,2,exito
hamming,64,0.001,179,512,768,2,exito
hamming,64,0.001,180,512,768,1,exito
hamming,64,0.001,181,512,768,2,exito
hamming,64,0.001,182,512,768,0,exito
hamming,64,0.001,183,512,768,1,exito
hamming,64,0.001,184,512,768,1,exito
hamming,64,0.001,185,512,768,1,exito
hamming,64,0.001,186,512,768,0,exito
hamming,64,0.001,187,512,768,2,exito
hamming,64,0.001,188,512,768,2,exito
hamming,64,0.001,189,512,768,1,exito
hamming,64,0.001,190,512,768,2,exito
hamming,64,0.001,191,512,768,1,exito
hamming,64,0.001,192,512,768,0,exito
hamming,64,0.001,193,512,768,1,exito
hamming,64,0.001,194,512,768,0,exito
hamming,64,0.001,195,512,768,1,exito
hamming,64,0.001,196,512,768,0,exito
hamming,64,0.001,197,512,768,1,exito
hamming,64,0.001,198,512,768,1,exito
hamming,64,0.001,199,512,768,1,exito
hamming,64,0.002,0,512,768,2,exito
hamming,64,0.002,1,512,768,3,exito
hamming,64,0.002,2,512,768,2,exito
hamming,64,0.002,3,512,768,3,exito
hamming,64,0.002,4,512,768,1,exito
hamming,64,0.002,5,512,768,1,exito
hamming,64,0.002,6,512,768,0,exito
hamming,64,0.002,7,512,768,1,exito
hamming,64,0.002,8,512,768,1,exito
hamming,64,0.002,9,512,768,0,exito
hamming,64,0.002,10,512,768,0,exito
hamming,64,0.002,11,512,768,1,exito
hamming,64,0.002,12,512,768,2,exito
hamming,64,0.002,13,512,768,2,exito
hamming,64,0.002,14,512,768,4,exito
hamming,64,0.002,15,512,768,3,exito
hamming,64,0.002,16,512,768,3,exito
hamming,64,0.002,17,512,768,3,exito
hamming,64,0.002,18,512,768,2,exito
hamming,64,0.002,19,512,768,0,exito
hamming,64,0.002,20,512,768,2,exito
hamming,64,0.002,21,512,768,1,exito
hamming,64,0.002,22,512,768,3,exito
hamming,64,0.002,23,512,768,0,exito
hamming,64,0.002,24,512,768,0,exito
hamming,64,0.002,25,512,768,0,exito
hamming,64,0.002,26,512,768,1,exito
hamming,64,0.002,27,512,768,2,exito
hamming,64,0.002,28,512,768,1,exito
hamming,64,0.002,29,512,768,0,exito
hamming,64,0.002,30,512,768,2,exito
hamming,64,0.002,31,512,768,2,exito
hamming,64,0.002,32,512,768,3,exito
hamming,64,0.002,33,512,768,0,exito
hamming,64,0.002,34,512,768,1,exito
hamming,64,0.002,35,512,768,0,exito
hamming,64,0.002,36,512,768,1,exito
hamming,64,0.002,37,512,768,1,exito
hamming,64,0.002,38,512,768,2,exito
hamming,64,0.002,39,512,768,2,exito
hamming,64,0.002,40,512,768,3,exito
hamming,64,0.002,41,512,768,2,exito
hamming,64,0.002,42,512,768,2,exito
hamming,64,0.002,43,512,768,1,exito
hamming,64,0.002,44,512,768,0,exito
hamming,64,0.002,45,512,768,1,exito
hamming,64,0.002,46,512,768,1,exito
hamming,64,0.002,47,512,768,1,exito
hamming,64,0.002,48,512,768,2,no_detectado
hamming,64,0.002,49,512,768,1,exito
hamming,64,0.002,50,512,768,2,exito
hamming,64,0.002,51,512,768,0,exito
hamming,64,0.002,52,512,768,1,exito
hamming,64,0.002,53,512,768,1,exito
hamming,64,0.002,54,512,768,2,exito
hamming,64,0.002,55,512,768,1,exito
hamming,64,0.002,56,512,768,0,exito
hamming,64,0.002,57,512,768,3,exito
hamming,64,0.002,58,512,768,0,exito
hamming,64,0.002,59,512,768,1,exito
hamming,64,0.002,60,512,768,3,exito
hamming,64,0.002,61,512,768,3,exito
hamming,64,0.002,62,512,768,2,exito
hamming,64,0.002,63,512,768,2,exito
hamming,64,0.002,64,512,768,3,exito
hamming,64,0.002,65,512,768,0,exito
hamming,64,0.002,66,512,768,2,exito
hamming,64,0.002,67,512,768,1,exito
hamming,64,0.002,68,512,768,0,exito
hamming,64,0.002,69,512,768,1,exito
hamming,64,0.002,70,512,768,1,exito
hamming,64,0.002,71,512,768,0,exito
hamming,64,0.002,72,512,768,0,exito
hamming,64,0.002,73,512,768,0,exito
hamming,64,0.002,74,512,768,2,exito
hamming,64,0.002,75,512,768,1,exito
hamming,64,0.002,76,512,768,1,exito
hamming,64,0.002,77,512,768,1,exito
hamming,64,0.002,78,512,768,1,exito
hamming,64,0.002,79,512,768,1,exito
hamming,64,0.002,80,512,768,2,exito
hamming,64,0.002,81,512,768,1,exito
hamming,64,0.002,82,512,768,1,exito
hamming,64,0.002,83,512,768,1,exito
hamming,64,0.002,84,512,768,1,exito
hamming,64,0.002,85,512,768,2,exito
hamming,64,0.002,86,512,768,2,exito
hamming,64,0.002,87,512,768,1,exito
hamming,64,0.002,88,512,768,1,exito
hamming,64,0.002,89,512,768,1,exito
hamming,64,0.002,90,512,768,3,exito
hamming,64,0.002,91,512,768,3,exito
hamming,64,0.002,92,512,768,5,exito
hamming,64,0.002,93,512,768,0,exito
hamming,64,0.002,94,512,768,2,exito
hamming,64,0.002,95,512,768,0,exito
hamming,64,0.002,96,512,768,3,exito
hamming,64,0.002,97,512,768,1,exito
hamming,64,0.002,98,512,768,0,exito
hamming,64,0.002,99,512,768,1,exito
hamming,64,0.002,100,512,768,1,exito
hamming,64,0.002,101,512,768,1,exito
hamming,64,0.002,102,512,768,1,exito
hamming,64,0.002,103,512,768,1,exito
hamming,64,0.002,104,512,768,2,exito
hamming,64,0.002,105,512,768,1,exito
hamming,64,0.002,106,512,768,0,exito
hamming,64,0.002,107,512,768,0,exito
hamming,64,0.002,108,512,768,1,exito
hamming,64,0.002,109,512,768,3,exito
hamming,64,0.002,110,512,768,4,exito
hamming,64,0.002,111,512,768,2,exito
hamming,64,0.002,112,512,768,1,exito
hamming,64,0.002,113,512,768,4,exito
hamming,64,0.002,114,512,768,1,exito
hamming,64,0.002,115,512,768,0,exito
hamming,64,0.002,116,512,768,2,exito
hamming,64,0.002,117,512,768,0,exito
hamming,64,0.002,118,512,768,1,exito
hamming,64,0.002,119,512,768,3,exito
hamming,64,0.002,120,512,768,2,exito
hamming,64,0.002,121,512,768,3,exito
hamming,64,0.002,122,512,768,0,exito
hamming,64,0.002,123,512,768,2,exito
hamming,64,0.002,124,512,768,0,exito
hamming,64,0.002,125,512,768,1,exito
hamming,64,0.002,126,512,768,3,exito
hamming,64,0.002,127,512,768,0,exito
hamming,64,0.002,128,512,768,4,exito
hamming,64,0.002,129,512,768,4,exito
hamming,64,0.002,130,512,768,0,exito
hamming,64,0.002,131,512,768,2,exito
hamming,64,0.002,132,512,768,1,exito
hamming,64,0.002,133,512,768,1,exito
hamming,64,0.002,134,512,768,0,exito
hamming,64,0.002,135,512,768,0,exito
hamming,64,0.002,136,512,768,2,exito
hamming,64,0.002,137,512,768,0,exito
hamming,64,0.002,138,512,768,4,exito
hamming,64,0.002,139,512,768,0,exito
hamming,64,0.002,140,512,768,3,exito
hamming,64,0.002,141,512,768,1,exito
hamming,64,0.002,142,512,768,1,exito
hamming,64,0.002,143,512,768,2,exito
hamming,64,0.002,144,512,768,1,exito
hamming,64,0.002,145,512,768,2,exito
hamming,64,0.002,146,512,768,3,exito
hamming,64,0.002,147,512,768,1,exito
hamming,64,0.002,148,512,768,1,exito
hamming,64,0.002,149,512,768,1,exito
hamming,64,0.002,150,512,768,1,exito
hamming,64,0.002,151,512,768,1,exito
hamming,64,0.002,152,512,768,2,exito
hamming,64,0.002,153,512,768,1,exito
hamming,64,0.002,154,512,768,5,exito
hamming,64,0.002,155,512,768,0,exito
hamming,64,0.002,156,512,768,1,exito
hamming,64,0.002,157,512,768,2,exito
hamming,64,0.002,158,512,768,1,exito
hamming,64,0.002,159,512,768,1,exito
hamming,64,0.002,160,512,768,1,exito
hamming,64,0.002,161,512,768,2,exito
hamming,64,0.002,162,512,768,2,exito
hamming,64,0.002,163,512,768,1,exito
hamming,64,0.002,164,512,768,1,exito
hamming,64,0.002,165,512,768,1,exito
hamming,64,0.002,166,512,768,1,exito
hamming,64,0.002,167,512,768,1,exito
hamming,64,0.002,168,512,768,2,exito
hamming,64,0.002,169,512,768,2,exito
hamming,64,0.002,170,512,768,0,exito
hamming,64,0.002,171,512,768,2,exito
hamming,64,0.002,172,512,768,1,exito
hamming,64,0.002,173,512,768,0,exito
hamming,64,0.002,174,512,768,0,exito
hamming,64,0.002,175,512,768,2,exito
hamming,64,0.002,176,512,768,5,exito
hamming,64,0.002,177,512,768,1,exito
hamming,64,0.002,178,512,768,3,exito
hamming,64,0.002,179,512,768,2,exito
hamming,64,0.002,180,512,768,2,exito
hamming,64,0.002,181,512,768,1,exito
hamming,64,0.002,182,512,768,1,exito
hamming,64,0.002,183,512,768,1,exito
hamming,64,0.002,184,512,768,4,exito
hamming,64,0.002,185,512,768,1,exito
hamming,64,0.002,186,512,768,2,exito
hamming,64,0.002,187,512,768,4,exito
hamming,64,0.002,188,512,768,0,exito
hamming,64,0.002,189,512,768,2,exito
hamming,64,0.002,190,512,768,0,exito
hamming,64,0.002,191,512,768,2,exito
hamming,64,0.002,192,512,768,2,exito
hamming,64,0.002,193,512,768,2,exito
hamming,64,0.002,194,512,768,3,exito
hamming,64,0.002,195,512,768,0,exito
hamming,64,0.002,196,512,768,0,exito
hamming,64,0.002,197,512,768,0,exito
hamming,64,0.002,198,512,768,0,exito
hamming,64,0.002,199,512,768,2,exito
hamming,64,0.005,0,512,768,3,exito
hamming,64,0.005,1,512,768,5,exito
hamming,64,0.005,2,512,768,3,exito
hamming,64,0.005,3,512,768,1,exito
hamming,64,0.005,4,512,768,3,exito
hamming,64,0.005,5,512,768,4,exito
hamming,64,0.005,6,512,768,1,exito
hamming,64,0.005,7,512,768,3,exito
hamming,64,0.005,8,512,768,1,exito
hamming,64,0.005,9,512,768,2,exito
hamming,64,0.005,10,512,768,2,exito
hamming,64,0.005,11,512,768,3,exito
hamming,64,0.005,12,512,768,3,exito
hamming,64,0.005,13,512,768,2,exito
hamming,64,0.005,14,512,768,4,exito
hamming,64,0.005,15,512,768,3,no_detectado
hamming,64,0.005,16,512,768,1,exito
hamming,64,0.005,17,512,768,2,exito
hamming,64,0.005,18,512,768,2,exito
hamming,64,0.005,19,512,768,2,exito
hamming,64,0.005,20,512,768,2,exito
hamming,64,0.005,21,512,768,7,exito
hamming,64,0.005,22,512,768,0,exito
hamming,64,0.005,23,512,768,4,exito
hamming,64,0.005,24,512,768,9,detectado
hamming,64,0.005,25,512,768,2,exito
hamming,64,0.005,26,512,768,6,exito
hamming,64,0.005,27,512,768,1,exito
hamming,64,0.005,28,512,768,0,exito
hamming,64,0.005,29,512,768,5,exito
hamming,64,0.005,30,512,768,1,exito
hamming,64,0.005,31,512,768,4,exito
hamming,64,0.005,32,512,768,4,exito
hamming,64,0.005,33,512,768,3,exito
hamming,64,0.005,34,512,768,2,exito
hamming,64,0.005,35,512,768,7,exito
hamming,64,0.005,36,512,768,6,exito
hamming,64,0.005,37,512,768,5,exito
hamming,64,0.005,38,512,768,5,exito
hamming,64,0.005,39,512,768,1,exito
hamming,64,0.005,40,512,768,5,exito
hamming,64,0.005,41,512,768,2,exito
hamming,64,0.005,42,512,768,6,exito
hamming,64,0.005,43,512,768,3,exito
hamming,64,0.005,44,512,768,4,exito
hamming,64,0.005,45,512,768,1,exito
hamming,64,0.005,46,512,768,7,exito
hamming,64,0.005,47,512,768,2,exito
hamming,64,0.005,48,512,768,4,exito
hamming,64,0.005,49,512,768,3,exito
hamming,64,0.005,50,512,768,9,no_detectado
hamming,64,0.005,51,512,768,7,detectado
hamming,64,0.005,52,512,768,5,exito
hamming,64,0.005,53,512,768,3,no_detectado
hamming,64,0.005,54,512,768,5,exito
hamming,64,0.005,55,512,768,4,exito
hamming,64,0.005,56,512,768,2,exito
hamming,64,0.005,57,512,768,4,exito
hamming,64,0.005,58,512,768,2,exito
hamming,64,0.005,59,512,768,4,exito
hamming,64,0.005,60,512,768,3,exito
hamming,64,0.005,61,512,768,4,exito
hamming,64,0.005,62,512,768,1,exito
hamming,64,0.005,63,512,768,1,exito
hamming,64,0.005,64,512,768,2,exito
hamming,64,0.005,65,512,768,6,exito
hamming,64,0.005,66,512,768,6,exito
hamming,64,0.005,67,512,768,4,exito
hamming,64,0.005,68,512,768,3,exito
hamming,64,0.005,69,512,768,4,exito
hamming,64,0.005,70,512,768,3,exito
hamming,64,0.005,71,512,768,5,exito
hamming,64,0.005,72,512,768,5,exito
hamming,64,0.005,73,512,768,5,exito
hamming,64,0.005,74,512,768,2,exito
hamming,64,0.005,75,512,768,2,exito
hamming,64,0.005,76,512,768,3,exito
hamming,64,0.005,77,512,768,5,exito
hamming,64,0.005,78,512,768,9,exito
hamming,64,0.005,79,512,768,5,exito
hamming,64,0.005,80,512,768,3,exito
hamming,64,0.005,81,512,768,5,exito
hamming,64,0.005,82,512,768,3,exito
hamming,64,0.005,83,512,768,7,exito
hamming,64,0.005,84,512,768,4,exito
hamming,64,0.005,85,512,768,1,exito
hamming,64,0.005,86,512,768,4,exito
hamming,64,0.005,87,512,768,3,exito
hamming,64,0.005,88,512,768,6,exito
hamming,64,0.005,89,512,768,4,no_detectado
hamming,64,0.005,90,512,768,3,exito
hamming,64,0.005,91,512,768,2,exito
hamming,64,0.005,92,512,768,4,exito
hamming,64,0.005,93,512,768,6,exito
hamming,64,0.005,94,512,768,5,exito
hamming,64,0.005,95,512,768,1,exito
hamming,64,0.005,96,512,768,8,no_detectado
hamming,64,0.005,97,512,768,0,exito
hamming,64,0.005,98,512,768,6,detectado
hamming,64,0.005,99,512,768,4,exito
hamming,64,0.005,100,512,768,3,exito
hamming,64,0.005,101,512,768,7,exito
hamming,64,0.005,102,512,768,4,exito
hamming,64,0.005,103,512,768,4,exito
hamming,64,0.005,104,512,768,5,exito
hamming,64,0.005,105,512,768,2,exito
hamming,64,0.005,106,512,768,3,exito
hamming,64,0.005,107,512,768,3,exito
hamming,64,0.005,108,512,768,2,exito
hamming,64,0.005,109,512,768,6,exito
hamming,64,0.005,110,512,768,5,exito
hamming,64,0.005,111,512,768,2,exito
hamming,64,0.005,112,512,768,6,exito
hamming,64,0.005,113,512,768,5,exito
hamming,64,0.005,114,512,768,8,no_detectado
hamming,64,0.005,115,512,768,6,exito
hamming,64,0.005,116,512,768,5,exito
hamming,64,0.005,117,512,768,2,detectado
hamming,64,0.005,118,512,768,4,exito
hamming,64,0.005,119,512,768,4,exito
hamming,64,0.005,120,512,768,3,exito
hamming,64,0.005,121,512,768,4,no_detectado
hamming,64,0.005,122,512,768,6,exito
hamming,64,0.005,123,512,768,3,exito
hamming,64,0.005,124,512,768,6,exito
hamming,64,0.005,125,512,768,4,exito
hamming,64,0.005,126,512,768,6,exito
hamming,64,0.005,127,512,768,3,exito
hamming,64,0.005,128,512,768,4,exito
hamming,64,0.005,129,512,768,6,exito
hamming,64,0.005,130,512,768,1,exito
hamming,64,0.005,131,512,768,4,exito
hamming,64,0.005,132,512,768,3,exito
hamming,64,0.005,133,512,768,1,exito
hamming,64,0.005,134,512,768,5,exito
hamming,64,0.005,135,512,768,0,exito
hamming,64,0.005,136,512,768,2,exito
hamming,64,0.005,137,512,768,3,exito
hamming,64,0.005,138,512,768,7,exito
hamming,64,0.005,139,512,768,4,exito
hamming,64,0.005,140,512,768,3,no_detectado
hamming,64,0.005,141,512,768,1,exito
hamming,64,0.005,142,512,768,5,exito
hamming,64,0.005,143,512,768,1,exito
hamming,64,0.005,144,512,768,3,no_detectado
hamming,64,0.005,145,512,768,3,exito
hamming,64,0.005,146,512,768,6,exito
hamming,64,0.005,147,512,768,5,exito
hamming,64,0.005,148,512,768,7,detectado
hamming,64,0.005,149,512,768,3,exito
hamming,64,0.005,150,512,768,4,exito
hamming,64,0.005,151,512,768,3,exito
hamming,64,0.005,152,512,768,8,exito
hamming,64,0.005,153,512,768,5,exito
hamming,64,0.005,154,512,768,8,no_detectado
hamming,64,0.005,155,512,768,3,exito
hamming,64,0.005,156,512,768,6,exito
hamming,64,0.005,157,512,768,8,exito
hamming,64,0.005,158,512,768,3,exito
hamming,64,0.005,159,512,768,3,exito
hamming,64,0.005,160,512,768,4,exito
hamming,64,0.005,161,512,768,4,exito
hamming,64,0.005,162,512,768,3,exito
hamming,64,0.005,163,512,768,8,exito
hamming,64,0.005,164,512,768,6,exito
hamming,64,0.005,165,512,768,3,exito
hamming,64,0.005,166,512,768,2,exito
hamming,64,0.005,167,512,768,2,exito
hamming,64,0.005,168,512,768,4,exito
hamming,64,0.005,169,512,768,2,exito
hamming,64,0.005,170,512,768,3,exito
hamming,64,0.005,171,512,768,1,exito
hamming,64,0.005,172,512,768,4,exito
hamming,64,0.005,173,512,768,5,exito
hamming,64,0.005,174,512,768,5,exito
hamming,64,0.005,175,512,768,3,exito
hamming,64,0.005,176,512,768,0,exito
hamming,64,0.005,177,512,768,4,exito
hamming,64,0.005,178,512,768,3,exito
hamming,64,0.005,179,512,768,1,exito
hamming,64,0.005,180,512,768,7,no_detectado
hamming,64,0.005,181,512,768,1,exito
hamming,64,0.005,182,512,768,3,exito
hamming,64,0.005,183,512,768,3,exito
hamming,64,0.005,184,512,768,6,exito
hamming,64,0.005,185,512,768,2,exito
hamming,64,0.005,186,512,768,5,exito
hamming,64,0.005,187,512,768,3,exito
hamming,64,0.005,188,512,768,3,no_detectado
hamming,64,0.005,189,512,768,3,exito
hamming,64,0.005,190,512,768,9,exito
hamming,64,0.005,191,512,768,4,exito
hamming,64,0.005,192,512,768,4,exito
hamming,64,0.005,193,512,768,3,exito
hamming,64,0.005,194,512,768,8,exito
hamming,64,0.005,195,512,768,3,exito
hamming,64,0.005,196,512,768,5,exito
hamming,64,0.005,197,512,768,3,exito
hamming,64,0.005,198,512,768,4,exito
hamming,64,0.005,199,512,768,3,exito
hamming,64,0.01,0,512,768,4,exito
hamming,64,0.01,1,512,768,7,no_detectado
hamming,64,0.01,2,512,768,10,exito
hamming,64,0.01,3,512,768,11,exito
hamming,64,0.01,4,512,768,6,exito
hamming,64,0.01,5,512,768,8,no_detectado
hamming,64,0.01,6,512,768,5,exito
hamming,64,0.01,7,512,768,9,exito
hamming,64,0.01,8,512,768,17,no_detectado
hamming,64,0.01,9,512,768,5,exito
hamming,64,0.01,10,512,768,9,no_detectado
hamming,64,0.01,11,512,768,11,no_detectado
hamming,64,0.01,12,512,768,6,no_detectado
hamming,64,0.01,13,512,768,6,exito
hamming,64,0.01,14,512,768,7,exito
hamming,64,0.01,15,512,768,12,exito
hamming,64,0.01,16,512,768,8,no_detectado
hamming,64,0.01,17,512,768,5,exito
hamming,64,0.01,18,512,768,7,exito
hamming,64,0.01,19,512,768,10,no_detectado
hamming,64,0.01,20,512,768,11,exito
hamming,64,0.01,21,512,768,8,exito
hamming,64,0.01,22,512,768,6,exito
hamming,64,0.01,23,512,768,7,detectado
hamming,64,0.01,24,512,768,8,no_detectado
hamming,64,0.01,25,512,768,10,exito
hamming,64,0.01,26,512,768,7,exito
hamming,64,0.01,27,512,768,7,exito
hamming,64,0.01,28,512,768,8,exito
hamming,64,0.01,29,512,768,8,exito
hamming,64,0.01,30,512,768,5,exito
hamming,64,0.01,31,512,768,6,exito
hamming,64,0.01,32,512,768,9,exito
hamming,64,0.01,33,512,768,7,exito
hamming,64,0.01,34,512,768,6,exito
hamming,64,0.01,35,512,768,9,exito
hamming,64,0.01,36,512,768,5,exito
hamming,64,0.01,37,512,768,5,exito
hamming,64,0.01,38,512,768,12,no_detectado
hamming,64,0.01,39,512,768,10,detectado
hamming,64,0.01,40,512,768,5,exito
hamming,64,0.01,41,512,768,4,exito
hamming,64,0.01,42,512,768,11,exito
hamming,64,0.01,43,512,768,7,exito
hamming,64,0.01,44,512,768,6,exito
hamming,64,0.01,45,512,768,8,exito
hamming,64,0.01,46,512,768,9,exito
hamming,64,0.01,47,512,768,7,exito
hamming,64,0.01,48,512,768,5,exito
hamming,64,0.01,49,512,768,8,detectado
hamming,64,0.01,50,512,768,4,exito
hamming,64,0.01,51,512,768,8,exito
hamming,64,0.01,52,512,768,5,exito
hamming,64,0.01,53,512,768,9,exito
hamming,64,0.01,54,512,768,8,no_detectado
hamming,64,0.01,55,512,768,5,exito
hamming,64,0.01,56,512,768,12,no_detectado
hamming,64,0.01,57,512,768,16,detectado
hamming,64,0.01,58,512,768,6,exito
hamming,64,0.01,59,512,768,7,exito
hamming,64,0.01,60,512,768,4,exito
hamming,64,0.01,61,512,768,14,no_detectado
hamming,64,0.01,62,512,768,8,exito
hamming,64,0.01,63,512,768,10,no_detectado
hamming,64,0.01,64,512,768,4,exito
hamming,64,0.01,65,512,768,8,exito
hamming,64,0.01,66,512,768,5,exito
hamming,64,0.01,67,512,768,14,no_detectado
hamming,64,0.01,68,512,768,6,exito
hamming,64,0.01,69,512,768,11,no_detectado
hamming,64,0.01,70,512,768,5,no_detectado
hamming,64,0.01,71,512,768,10,no_detectado
hamming,64,0.01,72,512,768,7,no_detectado
hamming,64,0.01,73,512,768,8,exito
hamming,64,0.01,74,512,768,5,exito
hamming,64,0.01,75,512,768,13,no_detectado
hamming,64,0.01,76,512,768,7,exito
hamming,64,0.01,77,512,768,9,detectado
hamming,64,0.01,78,512,768,11,exito
hamming,64,0.01,79,512,768,8,exito
hamming,64,0.01,80,512,768,4,exito
hamming,64,0.01,81,512,768,4,exito
hamming,64,0.01,82,512,768,9,exito
hamming,64,0.01,83,512,768,10,detectado
hamming,64,0.01,84,512,768,11,no_detectado
hamming,64,0.01,85,512,768,8,exito
hamming,64,0.01,86,512,768,5,exito
hamming,64,0.01,87,512,768,7,exito
hamming,64,0.01,88,512,768,9,detectado
hamming,64,0.01,89,512,768,7,exito
hamming,64,0.01,90,512,768,7,exito
hamming,64,0.01,91,512,768,3,exito
hamming,64,0.01,92,512,768,9,exito
hamming,64,0.01,93,512,768,5,exito
hamming,64,0.01,94,512,768,5,exito
hamming,64,0.01,95,512,768,8,no_detectado
hamming,64,0.01,96,512,768,9,detectado
hamming,64,0.01,97,512,768,10,exito
hamming,64,0.01,98,512,768,10,no_detectado
hamming,64,0.01,99,512,768,7,exito
hamming,64,0.01,100,512,768,9,exito
hamming,64,0.01,101,512,768,11,exito
hamming,64,0.01,102,512,768,7,exito
hamming,64,0.01,103,512,768,8,no_detectado
hamming,64,0.01,104,512,768,4,exito
hamming,64,0.01,105,512,768,9,exito
hamming,64,0.01,106,512,768,10,no_detectado
hamming,64,0.01,107,512,768,5,exito
hamming,64,0.01,108,512,768,8,no_detectado
hamming,64,0.01,109,512,768,11,no_detectado
hamming,64,0.01,110,512,768,9,exito
hamming,64,0.01,111,512,768,5,exito
hamming,64,0.01,112,512,768,7,exito
hamming,64,0.01,113,512,768,6,exito
hamming,64,0.01,114,512,768,5,exito
hamming,64,0.01,115,512,768,12,no_detectado
hamming,64,0.01,116,512,768,11,no_detectado
hamming,64,0.01,117,512,768,5,exito
hamming,64,0.01,118,512,768,8,exito
hamming,64,0.01,119,512,768,12,no_detectado
hamming,64,0.01,120,512,768,7,exito
hamming,64,0.01,121,512,768,14,detectado
hamming,64,0.01,122,512,768,4,exito
hamming,64,0.01,123,512,768,7,exito
hamming,64,0.01,124,512,768,6,exito
hamming,64,0.01,125,512,768,12,no_detectado
hamming,64,0.01,126,512,768,9,exito
hamming,64,0.01,127,512,768,9,no_detectado
hamming,64,0.01,128,512,768,14,detectado
hamming,64,0.01,129,512,768,5,exito
hamming,64,0.01,130,512,768,11,exito
hamming,64,0.01,131,512,768,11,exito
hamming,64,0.01,132,512,768,5,exito
hamming,64,0.01,133,512,768,6,exito
hamming,64,0.01,134,512,768,8,exito
hamming,64,0.01,135,512,768,5,exito
hamming,64,0.01,136,512,768,11,exito
hamming,64,0.01,137,512,768,7,exito
hamming,64,0.01,138,512,768,6,exito
hamming,64,0.01,139,512,768,11,exito
hamming,64,0.01,140,512,768,6,detectado
hamming,64,0.01,141,512,768,8,no_detectado
hamming,64,0.01,142,512,768,15,no_detectado
hamming,64,0.01,143,512,768,10,no_detectado
hamming,64,0.01,144,512,768,5,no_detectado
hamming,64,0.01,145,512,768,10,no_detectado
hamming,64,0.01,146,512,768,7,exito
hamming,64,0.01,147,512,768,9,detectado
hamming,64,0.01,148,512,768,8,exito
hamming,64,0.01,149,512,768,11,no_detectado
hamming,64,0.01,150,512,768,5,exito
hamming,64,0.01,151,512,768,8,exito
hamming,64,0.01,152,512,768,12,no_detectado
hamming,64,0.01,153,512,768,11,detectado
hamming,64,0.01,154,512,768,6,exito
hamming,64,0.01,155,512,768,6,exito
hamming,64,0.01,156,512,768,8,exito
hamming,64,0.01,157,512,768,11,exito
hamming,64,0.01,158,512,768,2,exito
hamming,64,0.01,159,512,768,13,no_detectado
hamming,64,0.01,160,512,768,8,no_detectado
hamming,64,0.01,161,512,768,8,exito
hamming,64,0.01,162,512,768,7,exito
hamming,64,0.01,163,512,768,8,no_detectado
hamming,64,0.01,164,512,768,12,detectado
hamming,64,0.01,165,512,768,2,exito
hamming,64,0.01,166,512,768,4,exito
hamming,64,0.01,167,512,768,3,no_detectado
hamming,64,0.01,168,512,768,10,no_detectado
hamming,64,0.01,169,512,768,11,detectado
hamming,64,0.01,170,512,768,11,exito
hamming,64,0.01,171,512,768,11,exito
hamming,64,0.01,172,512,768,13,no_detectado
hamming,64,0.01,173,512,768,16,no_detectado
hamming,64,0.01,174,512,768,9,no_detectado
hamming,64,0.01,175,512,768,6,exito
hamming,64,0.01,176,512,768,5,exito
hamming,64,0.01,177,512,768,6,exito
hamming,64,0.01,178,512,768,9,exito
hamming,64,0.01,179,512,768,7,exito
hamming,64,0.01,180,512,768,9,exito
hamming,64,0.01,181,512,768,8,exito
hamming,64,0.01,182,512,768,11,exito
hamming,64,0.01,183,512,768,12,detectado
hamming,64,0.01,184,512,768,8,no_detectado
hamming,64,0.01,185,512,768,6,no_detectado
hamming,64,0.01,186,512,768,9,exito
hamming,64,0.01,187,512,768,6,exito
hamming,64,0.01,188,512,768,6,exito
hamming,64,0.01,189,512,768,8,exito
hamming,64,0.01,190,512,768,9,exito
hamming,64,0.01,191,512,768,9,detectado
hamming,64,0.01,192,512,768,8,exito
hamming,64,0.01,193,512,768,6,exito
hamming,64,0.01,194,512,768,6,exito
hamming,64,0.01,195,512,768,4,exito
hamming,64,0.01,196,512,768,8,detectado
hamming,64,0.01,197,512,768,6,exito
hamming,64,0.01,198,512,768,9,exito
hamming,64,0.01,199,512,768,7,exito
hamming,64,0.02,0,512,768,17,no_detectado
hamming,64,0.02,1,512,768,16,no_detectado
hamming,64,0.02,2,512,768,19,no_detectado
hamming,64,0.02,3,512,768,22,detectado
hamming,64,0.02,4,512,768,12,exito
hamming,64,0.02,5,512,768,12,exito
hamming,64,0.02,6,512,768,9,exito
hamming,64,0.02,7,512,768,14,no_detectado
hamming,64,0.02,8,512,768,24,no_detectado
hamming,64,0.02,9,512,768,11,no_detectado
hamming,64,0.02,10,512,768,21,detectado
hamming,64,0.02,11,512,768,9,no_detectado
hamming,64,0.02,12,512,768,24,no_detectado
hamming,64,0.02,13,512,768,12,no_detectado
hamming,64,0.02,14,512,768,14,no_detectado
hamming,64,0.02,15,512,768,22,no_detectado
hamming,64,0.02,16,512,768,14,no_detectado
hamming,64,0.02,17,512,768,18,no_detectado
hamming,64,0.02,18,512,768,19,no_detectado
hamming,64,0.02,19,512,768,21,detectado
hamming,64,0.02,20,512,768,11,no_detectado
hamming,64,0.02,21,512,768,13,no_detectado
hamming,64,0.02,22,512,768,8,no_detectado
hamming,64,0.02,23,512,768,12,no_detectado
hamming,64,0.02,24,512,768,18,no_detectado
hamming,64,0.02,25,512,768,17,exito
hamming,64,0.02,26,512,768,10,exito
hamming,64,0.02,27,512,768,20,no_detectado
hamming,64,0.02,28,512,768,12,exito
hamming,64,0.02,29,512,768,15,no_detectado
hamming,64,0.02,30,512,768,24,detectado
hamming,64,0.02,31,512,768,16,no_detectado
hamming,64,0.02,32,512,768,12,detectado
hamming,64,0.02,33,512,768,21,detectado
hamming,64,0.02,34,512,768,21,no_detectado
hamming,64,0.02,35,512,768,16,no_detectado
hamming,64,0.02,36,512,768,16,detectado
hamming,64,0.02,37,512,768,11,no_detectado
hamming,64,0.02,38,512,768,17,no_detectado
hamming,64,0.02,39,512,768,17,exito
hamming,64,0.02,40,512,768,19,detectado
hamming,64,0.02,41,512,768,20,detectado
hamming,64,0.02,42,512,768,16,exito
hamming,64,0.02,43,512,768,25,detectado
hamming,64,0.02,44,512,768,14,no_detectado
hamming,64,0.02,45,512,768,11,no_detectado
hamming,64,0.02,46,512,768,16,no_detectado
hamming,64,0.02,47,512,768,15,no_detectado
hamming,64,0.02,48,512,768,17,detectado
hamming,64,0.02,49,512,768,18,no_detectado
hamming,64,0.02,50,512,768,19,detectado
hamming,64,0.02,51,512,768,17,no_detectado
hamming,64,0.02,52,512,768,13,exito
hamming,64,0.02,53,512,768,10,no_detectado
hamming,64,0.02,54,512,768,14,detectado
hamming,64,0.02,55,512,768,12,no_detectado
hamming,64,0.02,56,512,768,11,no_detectado
hamming,64,0.02,57,512,768,16,no_detectado
hamming,64,0.02,58,512,768,11,detectado
hamming,64,0.02,59,512,768,15,no_detectado
hamming,64,0.02,60,512,768,16,no_detectado
hamming,64,0.02,61,512,768,23,detectado
hamming,64,0.02,62,512,768,16,no_detectado
hamming,64,0.02,63,512,768,11,exito
hamming,64,0.02,64,512,768,13,exito
hamming,64,0.02,65,512,768,12,exito
hamming,64,0.02,66,512,768,9,detectado
hamming,64,0.02,67,512,768,19,detectado
hamming,64,0.02,68,512,768,10,no_detectado
hamming,64,0.02,69,512,768,18,detectado
hamming,64,0.02,70,512,768,9,detectado
hamming,64,0.02,71,512,768,18,detectado
hamming,64,0.02,72,512,768,20,no_detectado
hamming,64,0.02,73,512,768,10,detectado
hamming,64,0.02,74,512,768,8,exito
hamming,64,0.02,75,512,768,15,no_detectado
hamming,64,0.02,76,512,768,16,detectado
hamming,64,0.02,77,512,768,16,no_detectado
hamming,64,0.02,78,512,768,11,exito
hamming,64,0.02,79,512,768,17,detectado
hamming,64,0.02,80,512,768,14,detectado
hamming,64,0.02,81,512,768,23,no_detectado
hamming,64,0.02,82,512,768,16,no_detectado
hamming,64,0.02,83,512,768,15,no_detectado
hamming,64,0.02,84,512,768,18,detectado
hamming,64,0.02,85,512,768,14,no_detectado
hamming,64,0.02,86,512,768,22,detectado
hamming,64,0.02,87,512,768,16,exito
hamming,64,0.02,88,512,768,18,no_detectado
hamming,64,0.02,89,512,768,12,exito
hamming,64,0.02,90,512,768,9,exito
hamming,64,0.02,91,512,768,8,exito
hamming,64,0.02,92,512,768,21,detectado
hamming,64,0.02,93,512,768,23,detectado
hamming,64,0.02,94,512,768,16,no_detectado
hamming,64,0.02,95,512,768,11,no_detectado
hamming,64,0.02,96,512,768,17,no_detectado
hamming,64,0.02,97,512,768,11,no_detectado
hamming,64,0.02,98,512,768,12,no_detectado
hamming,64,0.02,99,512,768,13,detectado
hamming,64,0.02,100,512,768,19,detectado
hamming,64,0.02,101,512,768,14,no_detectado
hamming,64,0.02,102,512,768,18,detectado
hamming,64,0.02,103,512,768,20,no_detectado
hamming,64,0.02,104,512,768,8,exito
hamming,64,0.02,105,512,768,20,no_detectado
hamming,64,0.02,106,512,768,13,no_detectado
hamming,64,0.02,107,512,768,19,no_detectado
hamming,64,0.02,108,512,768,16,no_detectado
hamming,64,0.02,109,512,768,14,no_detectado
hamming,64,0.02,110,512,768,10,no_detectado
hamming,64,0.02,111,512,768,17,exito
hamming,64,0.02,112,512,768,11,exito
hamming,64,0.02,113,512,768,12,exito
hamming,64,0.02,114,512,768,24,detectado
hamming,64,0.02,115,512,768,16,no_detectado
hamming,64,0.02,116,512,768,17,no_detectado
hamming,64,0.02,117,512,768,19,no_detectado
hamming,64,0.02,118,512,768,22,detectado
hamming,64,0.02,119,512,768,16,detectado
hamming,64,0.02,120,512,768,15,detectado
hamming,64,0.02,121,512,768,14,detectado
hamming,64,0.02,122,512,768,17,no_detectado
hamming,64,0.02,123,512,768,13,no_detectado
hamming,64,0.02,124,512,768,17,no_detectado
hamming,64,0.02,125,512,768,19,no_detectado
hamming,64,0.02,126,512,768,18,no_detectado
hamming,64,0.02,127,512,768,18,detectado
hamming,64,0.02,128,512,768,22,no_detectado
hamming,64,0.02,129,512,768,11,exito
hamming,64,0.02,130,512,768,13,detectado
hamming,64,0.02,131,512,768,18,detectado
hamming,64,0.02,132,512,768,11,no_detectado
hamming,64,0.02,133,512,768,8,no_detectado
hamming,64,0.02,134,512,768,19,detectado
hamming,64,0.02,135,512,768,16,no_detectado
hamming,64,0.02,136,512,768,13,no_detectado
hamming,64,0.02,137,512,768,13,exito
hamming,64,0.02,138,512,768,12,exito
hamming,64,0.02,139,512,768,15,no_detectado
hamming,64,0.02,140,512,768,17,detectado
hamming,64,0.02,141,512,768,15,no_detectado
hamming,64,0.02,142,512,768,8,exito
hamming,64,0.02,143,512,768,14,no_detectado
hamming,64,0.02,144,512,768,15,no_detectado
hamming,64,0.02,145,512,768,15,no_detectado
hamming,64,0.02,146,512,768,12,no_detectado
hamming,64,0.02,147,512,768,16,detectado
hamming,64,0.02,148,512,768,13,no_detectado
hamming,64,0.02,149,512,768,21,detectado
hamming,64,0.02,150,512,768,13,no_detectado
hamming,64,0.02,151,512,768,12,no_detectado
hamming,64,0.02,152,512,768,11,detectado
hamming,64,0.02,153,512,768,11,no_detectado
hamming,64,0.02,154,512,768,23,detectado
hamming,64,0.02,155,512,768,20,no_detectado
hamming,64,0.02,156,512,768,16,detectado
hamming,64,0.02,157,512,768,15,no_detectado
hamming,64,0.02,158,512,768,17,detectado
hamming,64,0.02,159,512,768,16,detectado
hamming,64,0.02,160,512,768,18,no_detectado
hamming,64,0.02,161,512,768,13,no_detectado
hamming,64,0.02,162,512,768,21,no_detectado
hamming,64,0.02,163,512,768,17,detectado
hamming,64,0.02,164,512,768,13,exito
hamming,64,0.02,165,512,768,14,no_detectado
hamming,64,0.02,166,512,768,14,no_detectado
hamming,64,0.02,167,512,768,5,exito
hamming,64,0.02,168,512,768,8,detectado
hamming,64,0.02,169,512,768,18,no_detectado
hamming,64,0.02,170,512,768,19,detectado
hamming,64,0.02,171,512,768,14,no_detectado
hamming,64,0.02,172,512,768,11,exito
hamming,64,0.02,173,512,768,15,no_detectado
hamming,64,0.02,174,512,768,18,detectado
hamming,64,0.02,175,512,768,16,no_detectado
hamming,64,0.02,176,512,768,19,detectado
hamming,64,0.02,177,512,768,17,no_detectado
hamming,64,0.02,178,512,768,11,no_detectado
hamming,64,0.02,179,512,768,17,no_detectado
hamming,64,0.02,180,512,768,9,detectado
hamming,64,0.02,181,512,768,18,no_detectado
hamming,64,0.02,182,512,768,19,no_detectado
hamming,64,0.02,183,512,768,14,detectado
hamming,64,0.02,184,512,768,16,detectado
hamming,64,0.02,185,512,768,18,no_detectado
hamming,64,0.02,186,512,768,9,exito
hamming,64,0.02,187,512,768,8,exito
hamming,64,0.02,188,512,768,14,exito
hamming,64,0.02,189,512,768,19,detectado
hamming,64,0.02,190,512,768,14,detectado
hamming,64,0.02,191,512,768,18,no_detectado
hamming,64,0.02,192,512,768,20,detectado
hamming,64,0.02,193,512,768,18,no_detectado
hamming,64,0.02,194,512,768,22,no_detectado
hamming,64,0.02,195,512,768,14,exito
hamming,64,0.02,196,512,768,19,no_detectado
hamming,64,0.02,197,512,768,13,no_detectado
hamming,64,0.02,198,512,768,13,no_detectado
hamming,64,0.02,199,512,768,15,detectado
hamming,64,0.05,0,512,768,35,detectado
hamming,64,0.05,1,512,768,46,detectado
hamming,64,0.05,2,512,768,51,detectado
hamming,64,0.05,3,512,768,45,detectado
hamming,64,0.05,4,512,768,32,detectado
hamming,64,0.05,5,512,768,40,detectado
hamming,64,0.05,6,512,768,48,detectado
hamming,64,0.05,7,512,768,33,detectado
hamming,64,0.05,8,512,768,46,no_detectado
hamming,64,0.05,9,512,768,33,detectado
hamming,64,0.05,10,512,768,43,detectado
hamming,64,0.05,11,512,768,29,detectado
hamming,64,0.05,12,512,768,41,no_detectado
hamming,64,0.05,13,512,768,32,detectado
hamming,64,0.05,14,512,768,31,detectado
hamming,64,0.05,15,512,768,43,detectado
hamming,64,0.05,16,512,768,46,detectado
hamming,64,0.05,17,512,768,40,detectado
hamming,64,0.05,18,512,768,36,no_detectado
hamming,64,0.05,19,512,768,50,detectado
hamming,64,0.05,20,512,768,51,detectado
hamming,64,0.05,21,512,768,37,detectado
hamming,64,0.05,22,512,768,35,detectado
hamming,64,0.05,23,512,768,40,detectado
hamming,64,0.05,24,512,768,43,detectado
hamming,64,0.05,25,512,768,34,detectado
hamming,64,0.05,26,512,768,43,detectado
hamming,64,0.05,27,512,768,24,detectado
hamming,64,0.05,28,512,768,42,detectado
hamming,64,0.05,29,512,768,40,detectado
hamming,64,0.05,30,512,768,34,no_detectado
hamming,64,0.05,31,512,768,46,detectado
hamming,64,0.05,32,512,768,34,detectado
hamming,64,0.05,33,512,768,39,detectado
hamming,64,0.05,34,512,768,34,detectado
hamming,64,0.05,35,512,768,52,detectado
hamming,64,0.05,36,512,768,39,no_detectado
hamming,64,0.05,37,512,768,39,detectado
hamming,64,0.05,38,512,768,28,detectado
hamming,64,0.05,39,512,768,30,detectado
hamming,64,0.05,40,512,768,43,detectado
hamming,64,0.05,41,512,768,51,detectado
hamming,64,0.05,42,512,768,35,detectado
hamming,64,0.05,43,512,768,30,detectado
hamming,64,0.05,44,512,768,38,detectado
hamming,64,0.05,45,512,768,52,detectado
hamming,64,0.05,46,512,768,37,no_detectado
hamming,64,0.05,47,512,768,44,detectado
hamming,64,0.05,48,512,768,40,detectado
hamming,64,0.05,49,512,768,40,detectado
hamming,64,0.05,50,512,768,42,detectado
hamming,64,0.05,51,512,768,48,detectado
hamming,64,0.05,52,512,768,36,detectado
hamming,64,0.05,53,512,768,45,detectado
hamming,64,0.05,54,512,768,36,detectado
hamming,64,0.05,55,512,768,43,detectado
hamming,64,0.05,56,512,768,26,detectado
hamming,64,0.05,57,512,768,38,no_detectado
hamming,64,0.05,58,512,768,32,detectado
hamming,64,0.05,59,512,768,46,no_detectado
hamming,64,0.05,60,512,768,33,detectado
hamming,64,0.05,61,512,768,33,detectado
hamming,64,0.05,62,512,768,39,no_detectado
hamming,64,0.05,63,512,768,40,no_detectado
hamming,64,0.05,64,512,768,43,detectado
hamming,64,0.05,65,512,768,28,detectado
hamming,64,0.05,66,512,768,34,detectado
hamming,64,0.05,67,512,768,33,detectado
hamming,64,0.05,68,512,768,36,no_detectado
hamming,64,0.05,69,512,768,44,detectado
hamming,64,0.05,70,512,768,40,detectado
hamming,64,0.05,71,512,768,36,detectado
hamming,64,0.05,72,512,768,39,detectado
hamming,64,0.05,73,512,768,37,no_detectado
hamming,64,0.05,74,512,768,31,no_detectado
hamming,64,0.05,75,512,768,43,no_detectado
hamming,64,0.05,76,512,768,28,detectado
hamming,64,0.05,77,512,768,46,detectado
hamming,64,0.05,78,512,768,39,detectado
hamming,64,0.05,79,512,768,38,no_detectado
hamming,64,0.05,80,512,768,39,detectado
hamming,64,0.05,81,512,768,40,detectado
hamming,64,0.05,82,512,768,44,detectado
hamming,64,0.05,83,512,768,39,detectado
hamming,64,0.05,84,512,768,37,no_detectado
hamming,64,0.05,85,512,768,29,detectado
hamming,64,0.05,86,512,768,39,detectado
hamming,64,0.05,87,512,768,40,detectado
hamming,64,0.05,88,512,768,33,no_detectado
hamming,64,0.05,89,512,768,33,no_detectado
hamming,64,0.05,90,512,768,34,detectado
hamming,64,0.05,91,512,768,34,detectado
hamming,64,0.05,92,512,768,40,detectado
hamming,64,0.05,93,512,768,40,detectado
hamming,64,0.05,94,512,768,35,detectado
hamming,64,0.05,95,512,768,36,detectado
hamming,64,0.05,96,512,768,28,detectado
hamming,64,0.05,97,512,768,37,no_detectado
hamming,64,0.05,98,512,768,32,no_detectado
hamming,64,0.05,99,512,768,30,detectado
hamming,64,0.05,100,512,768,37,no_detectado
hamming,64,0.05,101,512,768,34,detectado
hamming,64,0.05,102,512,768,32,detectado
hamming,64,0.05,103,512,768,36,detectado
hamming,64,0.05,104,512,768,35,detectado
hamming,64,0.05,105,512,768,26,no_detectado
hamming,64,0.05,106,512,768,39,detectado
hamming,64,0.05,107,512,768,31,detectado
hamming,64,0.05,108,512,768,34,detectado
hamming,64,0.05,109,512,768,35,detectado
hamming,64,0.05,110,512,768,37,no_detectado
hamming,64,0.05,111,512,768,34,detectado
hamming,64,0.05,112,512,768,51,detectado
hamming,64,0.05,113,512,768,37,detectado
hamming,64,0.05,114,512,768,38,detectado
hamming,64,0.05,115,512,768,45,detectado
hamming,64,0.05,116,512,768,41,detectado
hamming,64,0.05,117,512,768,41,detectado
hamming,64,0.05,118,512,768,37,detectado
hamming,64,0.05,119,512,768,42,detectado
hamming,64,0.05,120,512,768,35,detectado
hamming,64,0.05,121,512,768,38,detectado
hamming,64,0.05,122,512,768,36,detectado
hamming,64,0.05,123,512,768,35,no_detectado
hamming,64,0.05,124,512,768,46,detectado
hamming,64,0.05,125,512,768,41,detectado
hamming,64,0.05,126,512,768,31,no_detectado
hamming,64,0.05,127,512,768,31,detectado
hamming,64,0.05,128,512,768,40,detectado
hamming,64,0.05,129,512,768,39,no_detectado
hamming,64,0.05,130,512,768,38,detectado
hamming,64,0.05,131,512,768,29,detectado
hamming,64,0.05,132,512,768,33,detectado
hamming,64,0.05,133,512,768,36,detectado
hamming,64,0.05,134,512,768,41,detectado
hamming,64,0.05,135,512,768,46,detectado
hamming,64,0.05,136,512,768,48,detectado
hamming,64,0.05,137,512,768,52,detectado
hamming,64,0.05,138,512,768,29,detectado
hamming,64,0.05,139,512,768,29,detectado
hamming,64,0.05,140,512,768,40,detectado
hamming,64,0.05,141,512,768,42,detectado
hamming,64,0.05,142,512,768,32,detectado
hamming,64,0.05,143,512,768,44,detectado
hamming,64,0.05,144,512,768,44,detectado
hamming,64,0.05,145,512,768,37,detectado
hamming,64,0.05,146,512,768,40,detectado
hamming,64,0.05,147,512,768,53,detectado
hamming,64,0.05,148,512,768,36,detectado
hamming,64,0.05,149,512,768,32,detectado
hamming,64,0.05,150,512,768,26,no_detectado
hamming,64,0.05,151,512,768,43,no_detectado
hamming,64,0.05,152,512,768,37,detectado
hamming,64,0.05,153,512,768,46,detectado
hamming,64,0.05,154,512,768,39,detectado
hamming,64,0.05,155,512,768,39,detectado
hamming,64,0.05,156,512,768,44,detectado
hamming,64,0.05,157,512,768,46,detectado
hamming,64,0.05,158,512,768,34,detectado
hamming,64,0.05,159,512,768,36,detectado
hamming,64,0.05,160,512,768,38,detectado
hamming,64,0.05,161,512,768,36,detectado
hamming,64,0.05,162,512,768,34,detectado
hamming,64,0.05,163,512,768,35,detectado
hamming,64,0.05,164,512,768,41,detectado
hamming,64,0.05,165,512,768,40,no_detectado
hamming,64,0.05,166,512,768,43,detectado
hamming,64,0.05,167,512,768,48,detectado
hamming,64,0.05,168,512,768,50,detectado
hamming,64,0.05,169,512,768,37,detectado
hamming,64,0.05,170,512,768,37,no_detectado
hamming,64,0.05,171,512,768,31,no_detectado
hamming,64,0.05,172,512,768,38,no_detectado
hamming,64,0.05,173,512,768,47,detectado
hamming,64,0.05,174,512,768,33,detectado
hamming,64,0.05,175,512,768,46,detectado
hamming,64,0.05,176,512,768,43,detectado
hamming,64,0.05,177,512,768,38,detectado
hamming,64,0.05,178,512,768,35,detectado
hamming,64,0.05,179,512,768,32,detectado
hamming,64,0.05,180,512,768,38,detectado
hamming,64,0.05,181,512,768,42,detectado
hamming,64,0.05,182,512,768,39,detectado
hamming,64,0.05,183,512,768,45,no_detectado
hamming,64,0.05,184,512,768,43,detectado
hamming,64,0.05,185,512,768,40,detectado
hamming,64,0.05,186,512,768,47,detectado
hamming,64,0.05,187,512,768,40,detectado
hamming,64,0.05,188,512,768,44,detectado
hamming,64,0.05,189,512,768,44,no_detectado
hamming,64,0.05,190,512,768,34,detectado
hamming,64,0.05,191,512,768,41,detectado
hamming,64,0.05,192,512,768,43,detectado
hamming,64,0.05,193,512,768,31,no_detectado
hamming,64,0.05,194,512,768,35,detectado
hamming,64,0.05,195,512,768,42,detectado
hamming,64,0.05,196,512,768,35,no_detectado
hamming,64,0.05,197,512,768,34,no_detectado
hamming,64,0.05,198,512,768,31,detectado
hamming,64,0.05,199,512,768,45,detectado
hamming,64,0.1,0,512,768,89,detectado
hamming,64,0.1,1,512,768,81,detectado
hamming,64,0.1,2,512,768,89,detectado
hamming,64,0.1,3,512,768,83,detectado
hamming,64,0.1,4,512,768,81,detectado
hamming,64,0.1,5,512,768,72,detectado
hamming,64,0.1,6,512,768,89,detectado
hamming,64,0.1,7,512,768,72,detectado
hamming,64,0.1,8,512,768,75,detectado
hamming,64,0.1,9,512,768,73,detectado
hamming,64,0.1,10,512,768,73,detectado
hamming,64,0.1,11,512,768,78,detectado
hamming,64,0.1,12,512,768,61,detectado
hamming,64,0.1,13,512,768,72,detectado
hamming,64,0.1,14,512,768,70,no_detectado
hamming,64,0.1,15,512,768,70,detectado
hamming,64,0.1,16,512,768,59,detectado
hamming,64,0.1,17,512,768,80,detectado
hamming,64,0.1,18,512,768,81,detectado
hamming,64,0.1,19,512,768,74,detectado
hamming,64,0.1,20,512,768,84,detectado
hamming,64,0.1,21,512,768,64,detectado
hamming,64,0.1,22,512,768,71,detectado
hamming,64,0.1,23,512,768,86,detectado
hamming,64,0.1,24,512,768,82,detectado
hamming,64,0.1,25,512,768,93,detectado
hamming,64,0.1,26,512,768,75,detectado
hamming,64,0.1,27,512,768,58,detectado
hamming,64,0.1,28,512,768,68,detectado
hamming,64,0.1,29,512,768,69,detectado
hamming,64,0.1,30,512,768,67,detectado
hamming,64,0.1,31,512,768,85,detectado
hamming,64,0.1,32,512,768,78,detectado
hamming,64,0.1,33,512,768,70,detectado
hamming,64,0.1,34,512,768,86,detectado
hamming,64,0.1,35,512,768,79,detectado
hamming,64,0.1,36,512,768,67,detectado
hamming,64,0.1,37,512,768,79,detectado
hamming,64,0.1,38,512,768,81,detectado
hamming,64,0.1,39,512,768,70,detectado
hamming,64,0.1,40,512,768,75,detectado
hamming,64,0.1,41,512,768,78,detectado
hamming,64,0.1,42,512,768,73,detectado
hamming,64,0.1,43,512,768,80,detectado
hamming,64,0.1,44,512,768,88,detectado
hamming,64,0.1,45,512,768,81,detectado
hamming,64,0.1,46,512,768,89,detectado
hamming,64,0.1,47,512,768,95,detectado
hamming,64,0.1,48,512,768,92,detectado
hamming,64,0.1,49,512,768,77,detectado
hamming,64,0.1,50,512,768,78,detectado
hamming,64,0.1,51,512,768,88,detectado
hamming,64,0.1,52,512,768,89,detectado
hamming,64,0.1,53,512,768,75,detectado
hamming,64,0.1,54,512,768,73,detectado
hamming,64,0.1,55,512,768,76,detectado
hamming,64,0.1,56,512,768,86,detectado
hamming,64,0.1,57,512,768,90,detectado
hamming,64,0.1,58,512,768,78,detectado
hamming,64,0.1,59,512,768,70,detectado
hamming,64,0.1,60,512,768,73,detectado
hamming,64,0.1,61,512,768,66,detectado
hamming,64,0.1,62,512,768,83,detectado
hamming,64,0.1,63,512,768,87,detectado
hamming,64,0.1,64,512,768,76,detectado
hamming,64,0.1,65,512,768,72,detectado
hamming,64,0.1,66,512,768,91,detectado
hamming,64,0.1,67,512,768,76,detectado
hamming,64,0.1,68,512,768,82,detectado
hamming,64,0.1,69,512,768,82,detectado
hamming,64,0.1,70,512,768,77,detectado
hamming,64,0.1,71,512,768,79,detectado
hamming,64,0.1,72,512,768,70,detectado
hamming,64,0.1,73,512,768,78,detectado
hamming,64,0.1,74,512,768,82,detectado
hamming,64,0.1,75,512,768,78,detectado
hamming,64,0.1,76,512,768,91,detectado
hamming,64,0.1,77,512,768,89,detectado
hamming,64,0.1,78,512,768,73,detectado
hamming,64,0.1,79,512,768,79,detectado
hamming,64,0.1,80,512,768,71,detectado
hamming,64,0.1,81,512,768,84,detectado
hamming,64,0.1,82,512,768,86,detectado
hamming,64,0.1,83,512,768,78,detectado
hamming,64,0.1,84,512,768,85,detectado
hamming,64,0.1,85,512,768,69,detectado
hamming,64,0.1,86,512,768,72,detectado
hamming,64,0.1,87,512,768,64,detectado
hamming,64,0.1,88,512,768,88,detectado
hamming,64,0.1,89,512,768,69,detectado
hamming,64,0.1,90,512,768,81,detectado
hamming,64,0.1,91,512,768,93,detectado
hamming,64,0.1,92,512,768,81,detectado
hamming,64,0.1,93,512,768,71,detectado
hamming,64,0.1,94,512,768,79,detectado
hamming,64,0.1,95,512,768,79,detectado
hamming,64,0.1,96,512,768,76,detectado
hamming,64,0.1,97,512,768,83,detectado
hamming,64,0.1,98,512,768,95,detectado
hamming,64,0.1,99,512,768,81,detectado
hamming,64,0.1,100,512,768,93,detectado
hamming,64,0.1,101,512,768,83,detectado
hamming,64,0.1,102,512,768,87,detectado
hamming,64,0.1,103,512,768,64,detectado
hamming,64,0.1,104,512,768,73,detectado
hamming,64,0.1,105,512,768,71,detectado
hamming,64,0.1,106,512,768,77,detectado
hamming,64,0.1,107,512,768,88,detectado
hamming,64,0.1,108,512,768,68,detectado
hamming,64,0.1,109,512,768,71,detectado
hamming,64,0.1,110,512,768,82,detectado
hamming,64,0.1,111,512,768,75,detectado
hamming,64,0.1,112,512,768,83,detectado
hamming,64,0.1,113,512,768,82,detectado
hamming,64,0.1,114,512,768,77,detectado
hamming,64,0.1,115,512,768,74,detectado
hamming,64,0.1,116,512,768,77,detectado
hamming,64,0.1,117,512,768,70,detectado
hamming,64,0.1,118,512,768,89,detectado
hamming,64,0.1,119,512,768,79,detectado
hamming,64,0.1,120,512,768,86,detectado
hamming,64,0.1,121,512,768,78,detectado
hamming,64,0.1,122,512,768,74,detectado
hamming,64,0.1,123,512,768,74,detectado
hamming,64,0.1,124,512,768,85,detectado
hamming,64,0.1,125,512,768,72,detectado
hamming,64,0.1,126,512,768,74,detectado
hamming,64,0.1,127,512,768,90,detectado
hamming,64,0.1,128,512,768,85,detectado
hamming,64,0.1,129,512,768,69,detectado
hamming,64,0.1,130,512,768,75,detectado
hamming,64,0.1,131,512,768,90,detectado
hamming,64,0.1,132,512,768,74,detectado
hamming,64,0.1,133,512,768,76,detectado
hamming,64,0.1,134,512,768,77,detectado
hamming,64,0.1,135,512,768,79,detectado
hamming,64,0.1,136,512,768,80,detectado
hamming,64,0.1,137,512,768,72,detectado
hamming,64,0.1,138,512,768,67,detectado
hamming,64,0.1,139,512,768,88,detectado
hamming,64,0.1,140,512,768,76,detectado
hamming,64,0.1,141,512,768,67,detectado
hamming,64,0.1,142,512,768,82,detectado
hamming,64,0.1,143,512,768,86,detectado
hamming,64,0.1,144,512,768,67,detectado
hamming,64,0.1,145,512,768,77,detectado
hamming,64,0.1,146,512,768,73,detectado
hamming,64,0.1,147,512,768,95,detectado
hamming,64,0.1,148,512,768,88,detectado
hamming,64,0.1,149,512,768,75,detectado
hamming,64,0.1,150,512,768,73,detectado
hamming,64,0.1,151,512,768,66,detectado
hamming,64,0.1,152,512,768,89,detectado
hamming,64,0.1,153,512,768,70,detectado
hamming,64,0.1,154,512,768,79,detectado
hamming,64,0.1,155,512,768,77,detectado
hamming,64,0.1,156,512,768,80,detectado
hamming,64,0.1,157,512,768,63,detectado
hamming,64,0.1,158,512,768,86,detectado
hamming,64,0.1,159,512,768,61,detectado
hamming,64,0.1,160,512,768,89,detectado
hamming,64,0.1,161,512,768,82,detectado
hamming,64,0.1,162,512,768,60,detectado
hamming,64,0.1,163,512,768,82,detectado
hamming,64,0.1,164,512,768,68,detectado
hamming,64,0.1,165,512,768,84,detectado
hamming,64,0.1,166,512,768,84,detectado
hamming,64,0.1,167,512,768,68,detectado
hamming,64,0.1,168,512,768,79,detectado
hamming,64,0.1,169,512,768,82,detectado
hamming,64,0.1,170,512,768,81,detectado
hamming,64,0.1,171,512,768,63,detectado
hamming,64,0.1,172,512,768,74,detectado
hamming,64,0.1,173,512,768,66,detectado
hamming,64,0.1,174,512,768,68,detectado
hamming,64,0.1,175,512,768,79,detectado
hamming,64,0.1,176,512,768,72,detectado
hamming,64,0.1,177,512,768,81,detectado
hamming,64,0.1,178,512,768,76,detectado
hamming,64,0.1,179,512,768,71,detectado
hamming,64,0.1,180,512,768,65,detectado
hamming,64,0.1,181,512,768,89,detectado
hamming,64,0.1,182,512,768,79,detectado
hamming,64,0.1,183,512,768,68,detectado
hamming,64,0.1,184,512,768,72,detectado
hamming,64,0.1,185,512,768,81,detectado
hamming,64,0.1,186,512,768,78,detectado
hamming,64,0.1,187,512,768,65,detectado
hamming,64,0.1,188,512,768,73,detectado
hamming,64,0.1,189,512,768,82,detectado
hamming,64,0.1,190,512,768,69,detectado
hamming,64,0.1,191,512,768,73,detectado
hamming,64,0.1,192,512,768,74,detectado
hamming,64,0.1,193,512,768,76,detectado
hamming,64,0.1,194,512,768,79,detectado
hamming,64,0.1,195,512,768,85,detectado
hamming,64,0.1,196,512,768,77,detectado
hamming,64,0.1,197,512,768,74,detectado
hamming,64,0.1,198,512,768,75,detectado
hamming,64,0.1,199,512,768,74,detectado
hamming,256,0.001,0,2048,3072,1,exito
hamming,256,0.001,1,2048,3072,1,exito
hamming,256,0.001,2,2048,3072,4,exito
hamming,256,0.001,3,2048,3072,3,exito
hamming,256,0.001,4,2048,3072,4,exito
hamming,256,0.001,5,2048,3072,5,exito
hamming,256,0.001,6,2048,3072,2,exito
hamming,256,0.001,7,2048,3072,4,exito
hamming,256,0.001,8,2048,3072,1,exito
hamming,256,0.001,9,2048,3072,2,exito
hamming,256,0.001,10,2048,3072,7,exito
hamming,256,0.001,11,2048,3072,5,exito
hamming,256,0.001,12,2048,3072,0,exito
hamming,256,0.001,13,2048,3072,3,exito
hamming,256,0.001,14,2048,3072,2,exito
hamming,256,0.001,15,2048,3072,3,exito
hamming,256,0.001,16,2048,3072,2,exito
hamming,256,0.001,17,2048,3072,4,exito
hamming,256,0.001,18,2048,3072,3,exito
hamming,256,0.001,19,2048,3072,3,exito
hamming,256,0.001,20,2048,3072,3,exito
hamming,256,0.001,21,2048,3072,2,exito
hamming,256,0.001,22,2048,3072,3,exito
hamming,256,0.001,23,2048,3072,3,exito
hamming,256,0.001,24,2048,3072,4,exito
hamming,256,0.001,25,2048,3072,2,exito
hamming,256,0.001,26,2048,3072,2,exito
hamming,256,0.001,27,2048,3072,3,exito
hamming,256,0.001,28,2048,3072,5,exito
hamming,256,0.001,29,2048,3072,3,exito
hamming,256,0.001,30,2048,3072,1,exito
hamming,256,0.001,31,2048,3072,4,exito
hamming,256,0.001,32,2048,3072,5,exito
hamming,256,0.001,33,2048,3072,5,exito
hamming,256,0.001,34,2048,3072,3,exito
hamming,256,0.001,35,2048,3072,5,exito
hamming,256,0.001,36,2048,3072,6,exito
hamming,256,0.001,37,2048,3072,1,exito
hamming,256,0.001,38,2048,3072,3,exito
hamming,256,0.001,39,2048,3072,1,exito
hamming,256,0.001,40,2048,3072,5,exito
hamming,256,0.001,41,2048,3072,7,exito
hamming,256,0.001,42,2048,3072,3,exito
hamming,256,0.001,43,2048,3072,2,exito
hamming,256,0.001,44,2048,3072,3,exito
hamming,256,0.001,45,2048,3072,0,exito
hamming,256,0.001,46,2048,3072,4,exito
hamming,256,0.001,47,2048,3072,3,exito
hamming,256,0.001,48,2048,3072,3,exito
hamming,256,0.001,49,2048,3072,4,exito
hamming,256,0.001,50,2048,3072,0,exito
hamming,256,0.001,51,2048,3072,1,exito
hamming,256,0.001,52,2048,3072,5,exito
hamming,256,0.001,53,2048,3072,2,exito
hamming,256,0.001,54,2048,3072,3,exito
hamming,256,0.001,55,2048,3072,4,exito
hamming,256,0.001,56,2048,3072,4,exito
hamming,256,0.001,57,2048,3072,3,exito
hamming,256,0.001,58,2048,3072,2,exito
hamming,256,0.001,59,2048,3072,4,exito
hamming,256,0.001,60,2048,3072,3,exito
hamming,256,0.001,61,2048,3072,3,exito
hamming,256,0.001,62,2048,3072,3,exito
hamming,256,0.001,63,2048,3072,6,exito
hamming,256,0.001,64,2048,3072,4,exito
hamming,256,0.001,65,2048,3072,2,exito
hamming,256,0.001,66,2048,3072,3,exito
hamming,256,0.001,67,2048,3072,1,exito
hamming,256,0.001,68,2048,3072,3,exito
hamming,256,0.001,69,2048,3072,0,exito
hamming,256,0.001,70,2048,3072,4,exito
hamming,256,0.001,71,2048,3072,5,exito
hamming,256,0.001,72,2048,3072,4,exito
hamming,256,0.001,73,2048,3072,1,exito
hamming,256,0.001,74,2048,3072,4,exito
hamming,256,0.001,75,2048,3072,1,exito
hamming,256,0.001,76,2048,3072,3,exito
hamming,256,0.001,77,2048,3072,4,exito
hamming,256,0.001,78,2048,3072,3,exito
hamming,256,0.001,79,2048,3072,2,exito
hamming,256,0.001,80,2048,3072,0,exito
hamming,256,0.001,81,2048,3072,2,exito
hamming,256,0.001,82,2048,3072,2,exito
hamming,256,0.001,83,2048,3072,3,exito
hamming,256,0.001,84,2048,3072,2,exito
hamming,256,0.001,85,2048,3072,0,exito
hamming,256,0.001,86,2048,3072,3,exito
hamming,256,0.001,87,2048,3072,4,exito
hamming,256,0.001,88,2048,3072,2,exito
hamming,256,0.001,89,2048,3072,3,exito
hamming,256,0.001,90,2048,3072,4,exito
hamming,256,0.001,91,2048,3072,3,exito
hamming,256,0.001,92,2048,3072,4,exito
hamming,256,0.001,93,2048,3072,4,exito
hamming,256,0.001,94,2048,3072,5,exito
hamming,256,0.001,95,2048,3072,1,exito
hamming,256,0.001,96,2048,3072,2,exito
hamming,256,0.001,97,2048,3072,4,exito
hamming,256,0.001,98,2048,3072,5,exito
hamming,256,0.001,99,2048,3072,2,exito
hamming,256,0.001,100,2048,3072,2,exito
hamming,256,0.001,101,2048,3072,3,exito
hamming,256,0.001,102,2048,3072,2,exito
hamming,256,0.001,103,2048,3072,3,exito
hamming,256,0.001,104,2048,3072,3,exito
hamming,256,0.001,105,2048,3072,3,exito
hamming,256,0.001,106,2048,3072,3,exito
hamming,256,0.001,107,2048,3072,3,exito
hamming,256,0.001,108,2048,3072,1,exito
hamming,256,0.001,109,2048,3072,0,exito
hamming,256,0.001,110,2048,3072,6,exito
hamming,256,0.001,111,2048,3072,1,exito
hamming,256,0.001,112,2048,3072,3,exito
hamming,256,0.001,113,2048,3072,4,exito
hamming,256,0.001,114,2048,3072,4,no_detectado
hamming,256,0.001,115,2048,3072,2,exito
hamming,256,0.001,116,2048,3072,0,exito
hamming,256,0.001,117,2048,3072,2,exito
hamming,256,0.001,118,2048,3072,3,exito
hamming,256,0.001,119,2048,3072,2,exito
hamming,256,0.001,120,2048,3072,2,exito
hamming,256,0.001,121,2048,3072,2,exito
hamming,256,0.001,122,2048,3072,4,exito
hamming,256,0.001,123,2048,3072,2,exito
hamming,256,0.001,124,2048,3072,4,exito
hamming,256,0.001,125,2048,3072,5,exito
hamming,256,0.001,126,2048,3072,7,exito
hamming,256,0.001,127,2048,3072,1,exito
hamming,256,0.001,128,2048,3072,2,exito
hamming,256,0.001,129,2048,3072,2,exito
hamming,256,0.001,130,2048,3072,5,exito
hamming,256,0.001,131,2048,3072,0,exito
hamming,256,0.001,132,2048,3072,3,exito
hamming,256,0.001,133,2048,3072,3,exito
hamming,256,0.001,134,2048,3072,3,exito
hamming,256,0.001,135,2048,3072,7,exito
hamming,256,0.001,136,2048,3072,2,exito
hamming,256,0.001,137,2048,3072,5,exito
hamming,256,0.001,138,2048,3072,0,exito
hamming,256,0.001,139,2048,3072,3,no_detectado
hamming,256,0.001,140,2048,3072,2,exito
hamming,256,0.001,141,2048,3072,3,exito
hamming,256,0.001,142,2048,3072,3,exito
hamming,256,0.001,143,2048,3072,1,exito
hamming,256,0.001,144,2048,3072,3,exito
hamming,256,0.001,145,2048,3072,3,exito
hamming,256,0.001,146,2048,3072,1,exito
hamming,256,0.001,147,2048,3072,3,exito
hamming,256,0.001,148,2048,3072,3,exito
hamming,256,0.001,149,2048,3072,3,exito
hamming,256,0.001,150,2048,3072,1,exito
hamming,256,0.001,151,2048,3072,2,exito
hamming,256,0.001,152,2048,3072,3,exito
hamming,256,0.001,153,2048,3072,3,exito
hamming,256,0.001,154,2048,3072,6,exito
hamming,256,0.001,155,2048,3072,0,exito
hamming,256,0.001,156,2048,3072,2,exito
hamming,256,0.001,157,2048,3072,2,exito
hamming,256,0.001,158,2048,3072,5,exito
hamming,256,0.001,159,2048,3072,2,exito
hamming,256,0.001,160,2048,3072,4,exito
hamming,256,0.001,161,2048,3072,2,exito
hamming,256,0.001,162,2048,3072,4,exito
hamming,256,0.001,163,2048,3072,2,exito
hamming,256,0.001,164,2048,3072,4,exito
hamming,256,0.001,165,2048,3072,2,exito
hamming,256,0.001,166,2048,3072,5,exito
hamming,256,0.001,167,2048,3072,1,exito
hamming,256,0.001,168,2048,3072,3,exito
hamming,256,0.001,169,2048,3072,4,exito
hamming,256,0.001,170,2048,3072,4,exito
hamming,256,0.001,171,2048,3072,1,exito
hamming,256,0.001,172,2048,3072,2,exito
hamming,256,0.001,173,2048,3072,1,exito
hamming,256,0.001,174,2048,3072,2,exito
hamming,256,0.001,175,2048,3072,6,exito
hamming,256,0.001,176,2048,3072,3,exito
hamming,256,0.001,177,2048,3072,3,exito
hamming,256,0.001,178,2048,3072,4,exito
hamming,256,0.001,179,2048,3072,7,exito
hamming,256,0.001,180,2048,3072,3,exito
hamming,256,0.001,181,2048,3072,2,exito
hamming,256,0.001,182,2048,3072,3,exito
hamming,256,0.001,183,2048,3072,2,exito
hamming,256,0.001,184,2048,3072,4,exito
hamming,256,0.001,185,2048,3072,4,exito
hamming,256,0.001,186,2048,3072,1,exito
hamming,256,0.001,187,2048,3072,1,exito
hamming,256,0.001,188,2048,3072,3,exito
hamming,256,0.001,189,2048,3072,2,exito
hamming,256,0.001,190,2048,3072,1,exito
hamming,256,0.001,191,2048,3072,2,exito
hamming,256,0.001,192,2048,3072,2,exito
hamming,256,0.001,193,2048,3072,6,exito
hamming,256,0.001,194,2048,3072,1,exito
hamming,256,0.001,195,2048,3072,4,exito
hamming,256,0.001,196,2048,3072,5,exito
hamming,256,0.001,197,2048,3072,1,exito
hamming,256,0.001,198,2048,3072,4,exito
hamming,256,0.001,199,2048,3072,3,exito
hamming,256,0.002,0,2048,3072,6,exito
hamming,256,0.002,1,2048,3072,5,exito
hamming,256,0.002,2,2048,3072,11,exito
hamming,256,0.002,3,2048,3072,7,exito
hamming,256,0.002,4,2048,3072,7,exito
hamming,256,0.002,5,2048,3072,8,exito
hamming,256,0.002,6,2048,3072,11,no_detectado
hamming,256,0.002,7,2048,3072,6,exito
hamming,256,0.002,8,2048,3072,4,exito
hamming,256,0.002,9,2048,3072,9,exito
hamming,256,0.002,10,2048,3072,4,exito
hamming,256,0.002,11,2048,3072,10,exito
hamming,256,0.002,12,2048,3072,10,exito
hamming,256,0.002,13,2048,3072,2,exito
hamming,256,0.002,14,2048,3072,7,exito
hamming,256,0.002,15,2048,3072,2,exito
hamming,256,0.002,16,2048,3072,5,exito
hamming,256,0.002,17,2048,3072,6,exito
hamming,256,0.002,18,2048,3072,3,exito
hamming,256,0.002,19,2048,3072,6,exito
hamming,256,0.002,20,2048,3072,2,exito
hamming,256,0.002,21,2048,3072,9,exito
hamming,256,0.002,22,2048,3072,8,exito
hamming,256,0.002,23,2048,3072,5,exito
hamming,256,0.002,24,2048,3072,5,exito
hamming,256,0.002,25,2048,3072,3,exito
hamming,256,0.002,26,2048,3072,5,exito
hamming,256,0.002,27,2048,3072,6,exito
hamming,256,0.002,28,2048,3072,12,exito
hamming,256,0.002,29,2048,3072,3,exito
hamming,256,0.002,30,2048,3072,3,exito
hamming,256,0.002,31,2048,3072,8,exito
hamming,256,0.002,32,2048,3072,4,exito
hamming,256,0.002,33,2048,3072,7,exito
hamming,256,0.002,34,2048,3072,3,exito
hamming,256,0.002,35,2048,3072,4,exito
hamming,256,0.002,36,2048,3072,6,exito
hamming,256,0.002,37,2048,3072,7,exito
hamming,256,0.002,38,2048,3072,7,exito
hamming,256,0.002,39,2048,3072,7,exito
hamming,256,0.002,40,2048,3072,10,exito
hamming,256,0.002,41,2048,3072,6,exito
hamming,256,0.002,42,2048,3072,4,exito
hamming,256,0.002,43,2048,3072,4,exito
hamming,256,0.002,44,2048,3072,8,exito
hamming,256,0.002,45,2048,3072,5,exito
hamming,256,0.002,46,2048,3072,8,exito
hamming,256,0.002,47,2048,3072,11,exito
hamming,256,0.002,48,2048,3072,9,exito
hamming,256,0.002,49,2048,3072,8,exito
hamming,256,0.002,50,2048,3072,4,exito
hamming,256,0.002,51,2048,3072,4,exito
hamming,256,0.002,52,2048,3072,5,exito
hamming,256,0.002,53,2048,3072,1,exito
hamming,256,0.002,54,2048,3072,2,exito
hamming,256,0.002,55,2048,3072,7,exito
hamming,256,0.002,56,2048,3072,3,exito
hamming,256,0.002,57,2048,3072,7,exito
hamming,256,0.002,58,2048,3072,7,exito
hamming,256,0.002,59,2048,3072,6,exito
hamming,256,0.002,60,2048,3072,10,exito
hamming,256,0.002,61,2048,3072,7,exito
hamming,256,0.002,62,2048,3072,9,exito
hamming,256,0.002,63,2048,3072,8,exito
hamming,256,0.002,64,2048,3072,8,exito
hamming,256,0.002,65,2048,3072,4,exito
hamming,256,0.002,66,2048,3072,4,exito
hamming,256,0.002,67,2048,3072,6,exito
hamming,256,0.002,68,2048,3072,5,exito
hamming,256,0.002,69,2048,3072,7,exito
hamming,256,0.002,70,2048,3072,8,exito
hamming,256,0.002,71,2048,3072,10,exito
hamming,256,0.002,72,2048,3072,4,exito
hamming,256,0.002,73,2048,3072,6,detectado
hamming,256,0.002,74,2048,3072,11,exito
hamming,256,0.002,75,2048,3072,5,exito
hamming,256,0.002,76,2048,3072,5,exito
hamming,256,0.002,77,2048,3072,1,exito
hamming,256,0.002,78,2048,3072,7,exito
hamming,256,0.002,79,2048,3072,4,exito
hamming,256,0.002,80,2048,3072,9,exito
hamming,256,0.002,81,2048,3072,4,exito
hamming,256,0.002,82,2048,3072,4,exito
hamming,256,0.002,83,2048,3072,11,exito
hamming,256,0.002,84,2048,3072,6,exito
hamming,256,0.002,85,2048,3072,6,exito
hamming,256,0.002,86,2048,3072,4,exito
hamming,256,0.002,87,2048,3072,5,exito
hamming,256,0.002,88,2048,3072,10,exito
hamming,256,0.002,89,2048,3072,2,exito
hamming,256,0.002,90,2048,3072,4,exito
hamming,256,0.002,91,2048,3072,4,exito
hamming,256,0.002,92,2048,3072,6,exito
hamming,256,0.002,93,2048,3072,6,exito
hamming,256,0.002,94,2048,3072,8,exito
hamming,256,0.002,95,2048,3072,4,exito
hamming,256,0.002,96,2048,3072,9,exito
hamming,256,0.002,97,2048,3072,8,exito
hamming,256,0.002,98,2048,3072,4,exito
hamming,256,0.002,99,2048,3072,7,exito
hamming,256,0.002,100,2048,3072,7,no_detectado
hamming,256,0.002,101,2048,3072,7,exito
hamming,256,0.002,102,2048,3072,6,exito
hamming,256,0.002,103,2048,3072,9,exito
hamming,256,0.002,104,2048,3072,6,exito
hamming,256,0.002,105,2048,3072,3,exito
hamming,256,0.002,106,2048,3072,4,exito
hamming,256,0.002,107,2048,3072,6,exito
hamming,256,0.002,108,2048,3072,3,exito
hamming,256,0.002,109,2048,3072,5,exito
hamming,256,0.002,110,2048,3072,9,exito
hamming,256,0.002,111,2048,3072,0,exito
hamming,256,0.002,112,2048,3072,3,exito
hamming,256,0.002,113,2048,3072,5,exito
hamming,256,0.002,114,2048,3072,1,exito
hamming,256,0.002,115,2048,3072,8,exito
hamming,256,0.002,116,2048,3072,5,exito
hamming,256,0.002,117,2048,3072,4,exito
hamming,256,0.002,118,2048,3072,3,exito
hamming,256,0.002,119,2048,3072,11,exito
hamming,256,0.002,120,2048,3072,15,exito
hamming,256,0.002,121,2048,3072,7,exito
hamming,256,0.002,122,2048,3072,3,exito
hamming,256,0.002,123,2048,3072,6,exito
hamming,256,0.002,124,2048,3072,2,exito
hamming,256,0.002,125,2048,3072,9,exito
hamming,256,0.002,126,2048,3072,5,exito
hamming,256,0.002,127,2048,3072,7,exito
hamming,256,0.002,128,2048,3072,4,exito
hamming,256,0.002,129,2048,3072,7,exito
hamming,256,0.002,130,2048,3072,2,exito
hamming,256,0.002,131,2048,3072,7,exito
hamming,256,0.002,132,2048,3072,6,exito
hamming,256,0.002,133,2048,3072,7,exito
hamming,256,0.002,134,2048,3072,4,exito
hamming,256,0.002,135,2048,3072,8,exito
hamming,256,0.002,136,2048,3072,8,exito
hamming,256,0.002,137,2048,3072,9,exito
hamming,256,0.002,138,2048,3072,2,exito
hamming,256,0.002,139,2048,3072,7,exito
hamming,256,0.002,140,2048,3072,6,exito
hamming,256,0.002,141,2048,3072,9,exito
hamming,256,0.002,142,2048,3072,7,exito
hamming,256,0.002,143,2048,3072,6,exito
hamming,256,0.002,144,2048,3072,4,exito
hamming,256,0.002,145,2048,3072,1,exito
hamming,256,0.002,146,2048,3072,3,exito
hamming,256,0.002,147,2048,3072,3,exito
hamming,256,0.002,148,2048,3072,10,exito
hamming,256,0.002,149,2048,3072,3,exito
hamming,256,0.002,150,2048,3072,5,exito
hamming,256,0.002,151,2048,3072,2,exito
hamming,256,0.002,152,2048,3072,10,exito
hamming,256,0.002,153,2048,3072,7,exito
hamming,256,0.002,154,2048,3072,5,exito
hamming,256,0.002,155,2048,3072,6,exito
hamming,256,0.002,156,2048,3072,3,exito
hamming,256,0.002,157,2048,3072,3,exito
hamming,256,0.002,158,2048,3072,4,exito
hamming,256,0.002,159,2048,3072,6,exito
hamming,256,0.002,160,2048,3072,4,exito
hamming,256,0.002,161,2048,3072,9,exito
hamming,256,0.002,162,2048,3072,11,no_detectado
hamming,256,0.002,163,2048,3072,4,exito
hamming,256,0.002,164,2048,3072,2,exito
hamming,256,0.002,165,2048,3072,8,exito
hamming,256,0.002,166,2048,3072,1,exito
hamming,256,0.002,167,2048,3072,5,exito
hamming,256,0.002,168,2048,3072,7,no_detectado
hamming,256,0.002,169,2048,3072,8,exito
hamming,256,0.002,170,2048,3072,4,exito
hamming,256,0.002,171,2048,3072,6,exito
hamming,256,0.002,172,2048,3072,3,exito
hamming,256,0.002,173,2048,3072,10,no_detectado
hamming,256,0.002,174,2048,3072,8,exito
hamming,256,0.002,175,2048,3072,10,no_detectado
hamming,256,0.002,176,2048,3072,6,exito
hamming,256,0.002,177,2048,3072,5,exito
hamming,256,0.002,178,2048,3072,9,exito
hamming,256,0.002,179,2048,3072,2,exito
hamming,256,0.002,180,2048,3072,4,exito
hamming,256,0.002,181,2048,3072,2,exito
hamming,256,0.002,182,2048,3072,6,exito
hamming,256,0.002,183,2048,3072,5,exito
hamming,256,0.002,184,2048,3072,4,exito
hamming,256,0.002,185,2048,3072,5,exito
hamming,256,0.002,186,2048,3072,7,no_detectado
hamming,256,0.002,187,2048,3072,5,exito
hamming,256,0.002,188,2048,3072,3,exito
hamming,256,0.002,189,2048,3072,9,exito
hamming,256,0.002,190,2048,3072,6,exito
hamming,256,0.002,191,2048,3072,3,exito
hamming,256,0.002,192,2048,3072,5,exito
hamming,256,0.002,193,2048,3072,7,exito
hamming,256,0.002,194,2048,3072,7,exito
hamming,256,0.002,195,2048,3072,10,exito
hamming,256,0.002,196,2048,3072,8,exito
hamming,256,0.002,197,2048,3072,8,exito
hamming,256,0.002,198,2048,3072,12,exito
hamming,256,0.002,199,2048,3072,2,exito
hamming,256,0.005,0,2048,3072,18,no_detectado
hamming,256,0.005,1,2048,3072,12,no_detectado
hamming,256,0.005,2,2048,3072,10,detectado
hamming,256,0.005,3,2048,3072,20,no_detectado
hamming,256,0.005,4,2048,3072,13,exito
hamming,256,0.005,5,2048,3072,13,exito
hamming,256,0.005,6,2048,3072,12,exito
hamming,256,0.005,7,2048,3072,18,no_detectado
hamming,256,0.005,8,2048,3072,16,exito
hamming,256,0.005,9,2048,3072,9,exito
hamming,256,0.005,10,2048,3072,19,no_detectado
hamming,256,0.005,11,2048,3072,14,no_detectado
hamming,256,0.005,12,2048,3072,14,exito
hamming,256,0.005,13,2048,3072,19,exito
hamming,256,0.005,14,2048,3072,23,no_detectado
hamming,256,0.005,15,2048,3072,9,exito
hamming,256,0.005,16,2048,3072,10,exito
hamming,256,0.005,17,2048,3072,12,exito
hamming,256,0.005,18,2048,3072,22,no_detectado
hamming,256,0.005,19,2048,3072,11,exito
hamming,256,0.005,20,2048,3072,18,exito
hamming,256,0.005,21,2048,3072,25,no_detectado
hamming,256,0.005,22,2048,3072,12,exito
hamming,256,0.005,23,2048,3072,10,no_detectado
hamming,256,0.005,24,2048,3072,15,no_detectado
hamming,256,0.005,25,2048,3072,21,no_detectado
hamming,256,0.005,26,2048,3072,15,no_detectado
hamming,256,0.005,27,2048,3072,15,no_detectado
hamming,256,0.005,28,2048,3072,21,exito
hamming,256,0.005,29,2048,3072,11,detectado
hamming,256,0.005,30,2048,3072,20,exito
hamming,256,0.005,31,2048,3072,16,exito
hamming,256,0.005,32,2048,3072,19,exito
hamming,256,0.005,33,2048,3072,13,exito
hamming,256,0.005,34,2048,3072,18,no_detectado
hamming,256,0.005,35,2048,3072,16,exito
hamming,256,0.005,36,2048,3072,17,exito
hamming,256,0.005,37,2048,3072,16,exito
hamming,256,0.005,38,2048,3072,15,exito
hamming,256,0.005,39,2048,3072,15,exito
hamming,256,0.005,40,2048,3072,14,exito
hamming,256,0.005,41,2048,3072,15,exito
hamming,256,0.005,42,2048,3072,14,exito
hamming,256,0.005,43,2048,3072,7,exito
hamming,256,0.005,44,2048,3072,16,exito
hamming,256,0.005,45,2048,3072,9,exito
hamming,256,0.005,46,2048,3072,22,no_detectado
hamming,256,0.005,47,2048,3072,20,exito
hamming,256,0.005,48,2048,3072,20,no_detectado
hamming,256,0.005,49,2048,3072,15,exito
hamming,256,0.005,50,2048,3072,27,detectado
hamming,256,0.005,51,2048,3072,19,no_detectado
hamming,256,0.005,52,2048,3072,16,exito
hamming,256,0.005,53,2048,3072,22,exito
hamming,256,0.005,54,2048,3072,25,no_detectado
hamming,256,0.005,55,2048,3072,14,no_detectado
hamming,256,0.005,56,2048,3072,12,detectado
hamming,256,0.005,57,2048,3072,14,exito
hamming,256,0.005,58,2048,3072,15,detectado
hamming,256,0.005,59,2048,3072,17,exito
hamming,256,0.005,60,2048,3072,15,no_detectado
hamming,256,0.005,61,2048,3072,20,exito
hamming,256,0.005,62,2048,3072,12,no_detectado
hamming,256,0.005,63,2048,3072,23,no_detectado
hamming,256,0.005,64,2048,3072,14,exito
hamming,256,0.005,65,2048,3072,21,no_detectado
hamming,256,0.005,66,2048,3072,18,exito
hamming,256,0.005,67,2048,3072,15,detectado
hamming,256,0.005,68,2048,3072,19,no_detectado
hamming,256,0.005,69,2048,3072,15,no_detectado
hamming,256,0.005,70,2048,3072,15,exito
hamming,256,0.005,71,2048,3072,16,no_detectado
hamming,256,0.005,72,2048,3072,24,exito
hamming,256,0.005,73,2048,3072,15,exito
hamming,256,0.005,74,2048,3072,17,exito
hamming,256,0.005,75,2048,3072,16,exito
hamming,256,0.005,76,2048,3072,12,exito
hamming,256,0.005,77,2048,3072,10,exito
hamming,256,0.005,78,2048,3072,16,exito
hamming,256,0.005,79,2048,3072,14,detectado
hamming,256,0.005,80,2048,3072,14,exito
hamming,256,0.005,81,2048,3072,19,no_detectado
hamming,256,0.005,82,2048,3072,18,exito
hamming,256,0.005,83,2048,3072,18,exito
hamming,256,0.005,84,2048,3072,21,detectado
hamming,256,0.005,85,2048,3072,11,exito
hamming,256,0.005,86,2048,3072,19,exito
hamming,256,0.005,87,2048,3072,13,exito
hamming,256,0.005,88,2048,3072,8,exito
hamming,256,0.005,89,2048,3072,18,exito
hamming,256,0.005,90,2048,3072,18,no_detectado
hamming,256,0.005,91,2048,3072,12,exito
hamming,256,0.005,92,2048,3072,20,detectado
hamming,256,0.005,93,2048,3072,11,exito
hamming,256,0.005,94,2048,3072,11,exito
hamming,256,0.005,95,2048,3072,9,exito
hamming,256,0.005,96,2048,3072,13,exito
hamming,256,0.005,97,2048,3072,17,detectado
hamming,256,0.005,98,2048,3072,19,exito
hamming,256,0.005,99,2048,3072,14,exito
hamming,256,0.005,100,2048,3072,18,exito
hamming,256,0.005,101,2048,3072,13,no_detectado
hamming,256,0.005,102,2048,3072,25,no_detectado
hamming,256,0.005,103,2048,3072,18,no_detectado
hamming,256,0.005,104,2048,3072,11,exito
hamming,256,0.005,105,2048,3072,16,detectado
hamming,256,0.005,106,2048,3072,15,exito
hamming,256,0.005,107,2048,3072,11,exito
hamming,256,0.005,108,2048,3072,13,exito
hamming,256,0.005,109,2048,3072,21,exito
hamming,256,0.005,110,2048,3072,9,exito
hamming,256,0.005,111,2048,3072,16,exito
hamming,256,0.005,112,2048,3072,28,no_detectado
hamming,256,0.005,113,2048,3072,11,no_detectado
hamming,256,0.005,114,2048,3072,17,detectado
hamming,256,0.005,115,2048,3072,18,exito
hamming,256,0.005,116,2048,3072,17,exito
hamming,256,0.005,117,2048,3072,11,exito
hamming,256,0.005,118,2048,3072,10,exito
hamming,256,0.005,119,2048,3072,15,no_detectado
hamming,256,0.005,120,2048,3072,21,exito
hamming,256,0.005,121,2048,3072,21,detectado
hamming,256,0.005,122,2048,3072,13,exito
hamming,256,0.005,123,2048,3072,18,exito
hamming,256,0.005,124,2048,3072,17,exito
hamming,256,0.005,125,2048,3072,16,no_detectado
hamming,256,0.005,126,2048,3072,12,exito
hamming,256,0.005,127,2048,3072,14,exito
hamming,256,0.005,128,2048,3072,13,exito
hamming,256,0.005,129,2048,3072,13,detectado
hamming,256,0.005,130,2048,3072,21,exito
hamming,256,0.005,131,2048,3072,11,exito
hamming,256,0.005,132,2048,3072,21,no_detectado
hamming,256,0.005,133,2048,3072,17,exito
hamming,256,0.005,134,2048,3072,17,exito
hamming,256,0.005,135,2048,3072,16,exito
hamming,256,0.005,136,2048,3072,14,exito
hamming,256,0.005,137,2048,3072,9,exito
hamming,256,0.005,138,2048,3072,18,exito
hamming,256,0.005,139,2048,3072,13,detectado
hamming,256,0.005,140,2048,3072,14,exito
hamming,256,0.005,141,2048,3072,17,exito
hamming,256,0.005,142,2048,3072,15,exito
hamming,256,0.005,143,2048,3072,20,detectado
hamming,256,0.005,144,2048,3072,11,exito
hamming,256,0.005,145,2048,3072,15,exito
hamming,256,0.005,146,2048,3072,20,detectado
hamming,256,0.005,147,2048,3072,17,exito
hamming,256,0.005,148,2048,3072,26,no_detectado
hamming,256,0.005,149,2048,3072,19,exito
hamming,256,0.005,150,2048,3072,18,no_detectado
hamming,256,0.005,151,2048,3072,20,detectado
hamming,256,0.005,152,2048,3072,26,no_detectado
hamming,256,0.005,153,2048,3072,12,no_detectado
hamming,256,0.005,154,2048,3072,18,exito
hamming,256,0.005,155,2048,3072,12,exito
hamming,256,0.005,156,2048,3072,15,exito
hamming,256,0.005,157,2048,3072,11,exito
hamming,256,0.005,158,2048,3072,25,no_detectado
hamming,256,0.005,159,2048,3072,18,exito
hamming,256,0.005,160,2048,3072,17,detectado
hamming,256,0.005,161,2048,3072,21,exito
hamming,256,0.005,162,2048,3072,29,no_detectado
hamming,256,0.005,163,2048,3072,15,exito
hamming,256,0.005,164,2048,3072,15,exito
hamming,256,0.005,165,2048,3072,16,no_detectado
hamming,256,0.005,166,2048,3072,10,exito
hamming,256,0.005,167,2048,3072,13,exito
hamming,256,0.005,168,2048,3072,14,exito
hamming,256,0.005,169,2048,3072,11,exito
hamming,256,0.005,170,2048,3072,13,no_detectado
hamming,256,0.005,171,2048,3072,16,exito
hamming,256,0.005,172,2048,3072,14,exito
hamming,256,0.005,173,2048,3072,13,no_detectado
hamming,256,0.005,174,2048,3072,13,exito
hamming,256,0.005,175,2048,3072,16,exito
hamming,256,0.005,176,2048,3072,17,exito
hamming,256,0.005,177,2048,3072,17,no_detectado
hamming,256,0.005,178,2048,3072,15,exito
hamming,256,0.005,179,2048,3072,15,exito
hamming,256,0.005,180,2048,3072,30,no_detectado
hamming,256,0.005,181,2048,3072,20,exito
hamming,256,0.005,182,2048,3072,14,exito
hamming,256,0.005,183,2048,3072,12,exito
hamming,256,0.005,184,2048,3072,18,exito
hamming,256,0.005,185,2048,3072,20,detectado
hamming,256,0.005,186,2048,3072,22,detectado
hamming,256,0.005,187,2048,3072,24,no_detectado
hamming,256,0.005,188,2048,3072,15,no_detectado
hamming,256,0.005,189,2048,3072,15,no_detectado
hamming,256,0.005,190,2048,3072,15,exito
hamming,256,0.005,191,2048,3072,11,detectado
hamming,256,0.005,192,2048,3072,18,detectado
hamming,256,0.005,193,2048,3072,20,exito
hamming,256,0.005,194,2048,3072,15,exito
hamming,256,0.005,195,2048,3072,18,no_detectado
hamming,256,0.005,196,2048,3072,14,exito
hamming,256,0.005,197,2048,3072,17,exito
hamming,256,0.005,198,2048,3072,16,no_detectado
hamming,256,0.005,199,2048,3072,15,exito
hamming,256,0.01,0,2048,3072,41,no_detectado
hamming,256,0.01,1,2048,3072,31,no_detectado
hamming,256,0.01,2,2048,3072,24,no_detectado
hamming,256,0.01,3,2048,3072,23,exito
hamming,256,0.01,4,2048,3072,21,no_detectado
hamming,256,0.01,5,2048,3072,29,detectado
hamming,256,0.01,6,2048,3072,31,no_detectado
hamming,256,0.01,7,2048,3072,36,no_detectado
hamming,256,0.01,8,2048,3072,32,detectado
hamming,256,0.01,9,2048,3072,31,no_detectado
hamming,256,0.01,10,2048,3072,32,detectado
hamming,256,0.01,11,2048,3072,36,no_detectado
hamming,256,0.01,12,2048,3072,31,no_detectado
hamming,256,0.01,13,2048,3072,31,no_detectado
hamming,256,0.01,14,2048,3072,26,detectado
hamming,256,0.01,15,2048,3072,38,exito
hamming,256,0.01,16,2048,3072,36,no_detectado
hamming,256,0.01,17,2048,3072,35,detectado
hamming,256,0.01,18,2048,3072,46,detectado
hamming,256,0.01,19,2048,3072,32,detectado
hamming,256,0.01,20,2048,3072,30,no_detectado
hamming,256,0.01,21,2048,3072,31,detectado
hamming,256,0.01,22,2048,3072,15,exito
hamming,256,0.01,23,2048,3072,37,no_detectado
hamming,256,0.01,24,2048,3072,13,exito
hamming,256,0.01,25,2048,3072,27,no_detectado
hamming,256,0.01,26,2048,3072,25,no_detectado
hamming,256,0.01,27,2048,3072,34,detectado
hamming,256,0.01,28,2048,3072,24,no_detectado
hamming,256,0.01,29,2048,3072,32,detectado
hamming,256,0.01,30,2048,3072,29,exito
hamming,256,0.01,31,2048,3072,33,exito
hamming,256,0.01,32,2048,3072,31,exito
hamming,256,0.01,33,2048,3072,30,no_detectado
hamming,256,0.01,34,2048,3072,30,no_detectado
hamming,256,0.01,35,2048,3072,35,detectado
hamming,256,0.01,36,2048,3072,25,detectado
hamming,256,0.01,37,2048,3072,20,detectado
hamming,256,0.01,38,2048,3072,27,no_detectado
hamming,256,0.01,39,2048,3072,27,no_detectado
hamming,256,0.01,40,2048,3072,32,no_detectado
hamming,256,0.01,41,2048,3072,36,detectado
hamming,256,0.01,42,2048,3072,44,detectado
hamming,256,0.01,43,2048,3072,28,exito
hamming,256,0.01,44,2048,3072,26,no_detectado
hamming,256,0.01,45,2048,3072,26,no_detectado
hamming,256,0.01,46,2048,3072,31,exito
hamming,256,0.01,47,2048,3072,39,detectado
hamming,256,0.01,48,2048,3072,27,detectado
hamming,256,0.01,49,2048,3072,36,no_detectado
hamming,256,0.01,50,2048,3072,45,detectado
hamming,256,0.01,51,2048,3072,33,detectado
hamming,256,0.01,52,2048,3072,34,detectado
hamming,256,0.01,53,2048,3072,26,exito
hamming,256,0.01,54,2048,3072,29,detectado
hamming,256,0.01,55,2048,3072,33,no_detectado
hamming,256,0.01,56,2048,3072,32,detectado
hamming,256,0.01,57,2048,3072,27,no_detectado
hamming,256,0.01,58,2048,3072,26,detectado
hamming,256,0.01,59,2048,3072,39,no_detectado
hamming,256,0.01,60,2048,3072,29,no_detectado
hamming,256,0.01,61,2048,3072,30,no_detectado
hamming,256,0.01,62,2048,3072,32,no_detectado
hamming,256,0.01,63,2048,3072,31,detectado
hamming,256,0.01,64,2048,3072,28,exito
hamming,256,0.01,65,2048,3072,34,no_detectado
hamming,256,0.01,66,2048,3072,28,no_detectado
hamming,256,0.01,67,2048,3072,30,no_detectado
hamming,256,0.01,68,2048,3072,31,no_detectado
hamming,256,0.01,69,2048,3072,36,no_detectado
hamming,256,0.01,70,2048,3072,35,no_detectado
hamming,256,0.01,71,2048,3072,36,no_detectado
hamming,256,0.01,72,2048,3072,21,exito
hamming,256,0.01,73,2048,3072,26,exito
hamming,256,0.01,74,2048,3072,26,no_detectado
hamming,256,0.01,75,2048,3072,21,exito
hamming,256,0.01,76,2048,3072,25,exito
hamming,256,0.01,77,2048,3072,33,no_detectado
hamming,256,0.01,78,2048,3072,43,no_detectado
hamming,256,0.01,79,2048,3072,40,detectado
hamming,256,0.01,80,2048,3072,39,no_detectado
hamming,256,0.01,81,2048,3072,35,no_detectado
hamming,256,0.01,82,2048,3072,21,exito
hamming,256,0.01,83,2048,3072,33,exito
hamming,256,0.01,84,2048,3072,37,detectado
hamming,256,0.01,85,2048,3072,29,detectado
hamming,256,0.01,86,2048,3072,28,exito
hamming,256,0.01,87,2048,3072,41,no_detectado
hamming,256,0.01,88,2048,3072,32,no_detectado
hamming,256,0.01,89,2048,3072,25,no_detectado
hamming,256,0.01,90,2048,3072,33,no_detectado
hamming,256,0.01,91,2048,3072,31,exito
hamming,256,0.01,92,2048,3072,34,exito
hamming,256,0.01,93,2048,3072,39,no_detectado
hamming,256,0.01,94,2048,3072,35,exito
hamming,256,0.01,95,2048,3072,41,detectado
hamming,256,0.01,96,2048,3072,29,no_detectado
hamming,256,0.01,97,2048,3072,35,detectado
hamming,256,0.01,98,2048,3072,16,detectado
hamming,256,0.01,99,2048,3072,30,exito
hamming,256,0.01,100,2048,3072,29,detectado
hamming,256,0.01,101,2048,3072,30,exito
hamming,256,0.01,102,2048,3072,35,detectado
hamming,256,0.01,103,2048,3072,28,no_detectado
hamming,256,0.01,104,2048,3072,34,exito
hamming,256,0.01,105,2048,3072,37,no_detectado
hamming,256,0.01,106,2048,3072,34,no_detectado
hamming,256,0.01,107,2048,3072,34,no_detectado
hamming,256,0.01,108,2048,3072,31,exito
hamming,256,0.01,109,2048,3072,32,detectado
hamming,256,0.01,110,2048,3072,41,detectado
hamming,256,0.01,111,2048,3072,32,detectado
hamming,256,0.01,112,2048,3072,26,exito
hamming,256,0.01,113,2048,3072,44,detectado
hamming,256,0.01,114,2048,3072,34,no_detectado
hamming,256,0.01,115,2048,3072,39,detectado
hamming,256,0.01,116,2048,3072,33,no_detectado
hamming,256,0.01,117,2048,3072,22,no_detectado
hamming,256,0.01,118,2048,3072,34,detectado
hamming,256,0.01,119,2048,3072,17,exito
hamming,256,0.01,120,2048,3072,25,no_detectado
hamming,256,0.01,121,2048,3072,23,detectado
hamming,256,0.01,122,2048,3072,39,detectado
hamming,256,0.01,123,2048,3072,25,no_detectado
hamming,256,0.01,124,2048,3072,40,no_detectado
hamming,256,0.01,125,2048,3072,31,exito
hamming,256,0.01,126,2048,3072,37,detectado
hamming,256,0.01,127,2048,3072,26,no_detectado
hamming,256,0.01,128,2048,3072,24,exito
hamming,256,0.01,129,2048,3072,33,no_detectado
hamming,256,0.01,130,2048,3072,33,no_detectado
hamming,256,0.01,131,2048,3072,29,exito
hamming,256,0.01,132,2048,3072,27,detectado
hamming,256,0.01,133,2048,3072,18,exito
hamming,256,0.01,134,2048,3072,26,no_detectado
hamming,256,0.01,135,2048,3072,36,detectado
hamming,256,0.01,136,2048,3072,27,detectado
hamming,256,0.01,137,2048,3072,23,detectado
hamming,256,0.01,138,2048,3072,25,no_detectado
hamming,256,0.01,139,2048,3072,16,exito
hamming,256,0.01,140,2048,3072,27,no_detectado
hamming,256,0.01,141,2048,3072,35,no_detectado
hamming,256,0.01,142,2048,3072,32,no_detectado
hamming,256,0.01,143,2048,3072,34,detectado
hamming,256,0.01,144,2048,3072,29,exito
hamming,256,0.01,145,2048,3072,27,detectado
hamming,256,0.01,146,2048,3072,40,detectado
hamming,256,0.01,147,2048,3072,22,exito
hamming,256,0.01,148,2048,3072,31,exito
hamming,256,0.01,149,2048,3072,24,no_detectado
hamming,256,0.01,150,2048,3072,25,exito
hamming,256,0.01,151,2048,3072,34,no_detectado
hamming,256,0.01,152,2048,3072,40,detectado
hamming,256,0.01,153,2048,3072,25,exito
hamming,256,0.01,154,2048,3072,27,detectado
hamming,256,0.01,155,2048,3072,19,exito
hamming,256,0.01,156,2048,3072,31,detectado
hamming,256,0.01,157,2048,3072,25,exito
hamming,256,0.01,158,2048,3072,25,exito
hamming,256,0.01,159,2048,3072,25,detectado
hamming,256,0.01,160,2048,3072,29,no_detectado
hamming,256,0.01,161,2048,3072,28,no_detectado
hamming,256,0.01,162,2048,3072,36,no_detectado
hamming,256,0.01,163,2048,3072,32,exito
hamming,256,0.01,164,2048,3072,25,no_detectado
hamming,256,0.01,165,2048,3072,21,no_detectado
hamming,256,0.01,166,2048,3072,29,no_detectado
hamming,256,0.01,167,2048,3072,32,no_detectado
hamming,256,0.01,168,2048,3072,32,detectado
hamming,256,0.01,169,2048,3072,29,exito
hamming,256,0.01,170,2048,3072,24,no_detectado
hamming,256,0.01,171,2048,3072,28,detectado
hamming,256,0.01,172,2048,3072,32,no_detectado
hamming,256,0.01,173,2048,3072,29,detectado
hamming,256,0.01,174,2048,3072,35,no_detectado
hamming,256,0.01,175,2048,3072,29,exito
hamming,256,0.01,176,2048,3072,32,no_detectado
hamming,256,0.01,177,2048,3072,37,no_detectado
hamming,256,0.01,178,2048,3072,43,no_detectado
hamming,256,0.01,179,2048,3072,29,no_detectado
hamming,256,0.01,180,2048,3072,28,no_detectado
hamming,256,0.01,181,2048,3072,36,no_detectado
hamming,256,0.01,182,2048,3072,32,no_detectado
hamming,256,0.01,183,2048,3072,25,no_detectado
hamming,256,0.01,184,2048,3072,28,no_detectado
hamming,256,0.01,185,2048,3072,30,detectado
hamming,256,0.01,186,2048,3072,29,no_detectado
hamming,256,0.01,187,2048,3072,26,no_detectado
hamming,256,0.01,188,2048,3072,21,no_detectado
hamming,256,0.01,189,2048,3072,28,detectado
hamming,256,0.01,190,2048,3072,32,no_detectado
hamming,256,0.01,191,2048,3072,22,exito
hamming,256,0.01,192,2048,3072,37,no_detectado
hamming,256,0.01,193,2048,3072,36,detectado
hamming,256,0.01,194,2048,3072,37,detectado
hamming,256,0.01,195,2048,3072,34,detectado
hamming,256,0.01,196,2048,3072,27,no_detectado
hamming,256,0.01,197,2048,3072,24,no_detectado
hamming,256,0.01,198,2048,3072,28,no_detectado
hamming,256,0.01,199,2048,3072,27,no_detectado
hamming,256,0.02,0,2048,3072,58,no_detectado
hamming,256,0.02,1,2048,3072,62,detectado
hamming,256,0.02,2,2048,3072,76,detectado
hamming,256,0.02,3,2048,3072,68,no_detectado
hamming,256,0.02,4,2048,3072,64,detectado
hamming,256,0.02,5,2048,3072,57,detectado
hamming,256,0.02,6,2048,3072,62,no_detectado
hamming,256,0.02,7,2048,3072,66,detectado
hamming,256,0.02,8,2048,3072,52,detectado
hamming,256,0.02,9,2048,3072,68,detectado
hamming,256,0.02,10,2048,3072,67,detectado
hamming,256,0.02,11,2048,3072,68,detectado
hamming,256,0.02,12,2048,3072,75,detectado
hamming,256,0.02,13,2048,3072,67,detectado
hamming,256,0.02,14,2048,3072,61,no_detectado
hamming,256,0.02,15,2048,3072,45,no_detectado
hamming,256,0.02,16,2048,3072,68,detectado
hamming,256,0.02,17,2048,3072,69,detectado
hamming,256,0.02,18,2048,3072,64,no_detectado
hamming,256,0.02,19,2048,3072,60,no_detectado
hamming,256,0.02,20,2048,3072,60,no_detectado
hamming,256,0.02,21,2048,3072,77,detectado
hamming,256,0.02,22,2048,3072,64,detectado
hamming,256,0.02,23,2048,3072,61,detectado
hamming,256,0.02,24,2048,3072,48,no_detectado
hamming,256,0.02,25,2048,3072,63,no_detectado
hamming,256,0.02,26,2048,3072,59,no_detectado
hamming,256,0.02,27,2048,3072,54,detectado
hamming,256,0.02,28,2048,3072,54,detectado
hamming,256,0.02,29,2048,3072,66,no_detectado
hamming,256,0.02,30,2048,3072,76,detectado
hamming,256,0.02,31,2048,3072,54,detectado
hamming,256,0.02,32,2048,3072,68,detectado
hamming,256,0.02,33,2048,3072,58,detectado
hamming,256,0.02,34,2048,3072,68,detectado
hamming,256,0.02,35,2048,3072,63,no_detectado
hamming,256,0.02,36,2048,3072,59,no_detectado
hamming,256,0.02,37,2048,3072,65,detectado
hamming,256,0.02,38,2048,3072,65,detectado
hamming,256,0.02,39,2048,3072,59,detectado
hamming,256,0.02,40,2048,3072,52,detectado
hamming,256,0.02,41,2048,3072,57,detectado
hamming,256,0.02,42,2048,3072,64,detectado
hamming,256,0.02,43,2048,3072,63,no_detectado
hamming,256,0.02,44,2048,3072,71,no_detectado
hamming,256,0.02,45,2048,3072,67,detectado
hamming,256,0.02,46,2048,3072,61,detectado
hamming,256,0.02,47,2048,3072,64,detectado
hamming,256,0.02,48,2048,3072,54,detectado
hamming,256,0.02,49,2048,3072,60,detectado
hamming,256,0.02,50,2048,3072,68,no_detectado
hamming,256,0.02,51,2048,3072,60,detectado
hamming,256,0.02,52,2048,3072,74,detectado
hamming,256,0.02,53,2048,3072,60,no_detectado
hamming,256,0.02,54,2048,3072,57,detectado
hamming,256,0.02,55,2048,3072,55,detectado
hamming,256,0.02,56,2048,3072,57,no_detectado
hamming,256,0.02,57,2048,3072,63,no_detectado
hamming,256,0.02,58,2048,3072,63,no_detectado
hamming,256,0.02,59,2048,3072,64,detectado
hamming,256,0.02,60,2048,3072,52,detectado
hamming,256,0.02,61,2048,3072,51,detectado
hamming,256,0.02,62,2048,3072,59,detectado
hamming,256,0.02,63,2048,3072,64,detectado
hamming,256,0.02,64,2048,3072,64,no_detectado
hamming,256,0.02,65,2048,3072,63,no_detectado
hamming,256,0.02,66,2048,3072,58,detectado
hamming,256,0.02,67,2048,3072,70,detectado
hamming,256,0.02,68,2048,3072,58,no_detectado
hamming,256,0.02,69,2048,3072,74,detectado
hamming,256,0.02,70,2048,3072,73,detectado
hamming,256,0.02,71,2048,3072,65,detectado
hamming,256,0.02,72,2048,3072,59,detectado
hamming,256,0.02,73,2048,3072,52,detectado
hamming,256,0.02,74,2048,3072,60,detectado
hamming,256,0.02,75,2048,3072,57,no_detectado
hamming,256,0.02,76,2048,3072,54,detectado
hamming,256,0.02,77,2048,3072,63,detectado
hamming,256,0.02,78,2048,3072,53,detectado
hamming,256,0.02,79,2048,3072,53,no_detectado
hamming,256,0.02,80,2048,3072,54,no_detectado
hamming,256,0.02,81,2048,3072,32,no_detectado
hamming,256,0.02,82,2048,3072,80,detectado
hamming,256,0.02,83,2048,3072,47,detectado
hamming,256,0.02,84,2048,3072,56,detectado
hamming,256,0.02,85,2048,3072,53,no_detectado
hamming,256,0.02,86,2048,3072,62,no_detectado
hamming,256,0.02,87,2048,3072,57,no_detectado
hamming,256,0.02,88,2048,3072,60,no_detectado
hamming,256,0.02,89,2048,3072,63,detectado
hamming,256,0.02,90,2048,3072,68,detectado
hamming,256,0.02,91,2048,3072,56,no_detectado
hamming,256,0.02,92,2048,3072,69,no_detectado
hamming,256,0.02,93,2048,3072,63,detectado
hamming,256,0.02,94,2048,3072,55,detectado
hamming,256,0.02,95,2048,3072,45,no_detectado
hamming,256,0.02,96,2048,3072,62,detectado
hamming,256,0.02,97,2048,3072,62,no_detectado
hamming,256,0.02,98,2048,3072,61,detectado
hamming,256,0.02,99,2048,3072,64,detectado
hamming,256,0.02,100,2048,3072,47,detectado
hamming,256,0.02,101,2048,3072,58,detectado
hamming,256,0.02,102,2048,3072,62,detectado
hamming,256,0.02,103,2048,3072,56,detectado
hamming,256,0.02,104,2048,3072,70,detectado
hamming,256,0.02,105,2048,3072,57,no_detectado
hamming,256,0.02,106,2048,3072,66,detectado
hamming,256,0.02,107,2048,3072,68,detectado
hamming,256,0.02,108,2048,3072,67,detectado
hamming,256,0.02,109,2048,3072,68,detectado
hamming,256,0.02,110,2048,3072,57,detectado
hamming,256,0.02,111,2048,3072,54,no_detectado
hamming,256,0.02,112,2048,3072,72,detectado
hamming,256,0.02,113,2048,3072,62,detectado
hamming,256,0.02,114,2048,3072,63,detectado
hamming,256,0.02,115,2048,3072,64,detectado
hamming,256,0.02,116,2048,3072,65,detectado
hamming,256,0.02,117,2048,3072,64,detectado
hamming,256,0.02,118,2048,3072,44,no_detectado
hamming,256,0.02,119,2048,3072,71,detectado
hamming,256,0.02,120,2048,3072,57,no_detectado
hamming,256,0.02,121,2048,3072,67,no_detectado
hamming,256,0.02,122,2048,3072,66,detectado
hamming,256,0.02,123,2048,3072,73,detectado
hamming,256,0.02,124,2048,3072,59,detectado
hamming,256,0.02,125,2048,3072,60,detectado
hamming,256,0.02,126,2048,3072,60,no_detectado
hamming,256,0.02,127,2048,3072,59,no_detectado
hamming,256,0.02,128,2048,3072,61,detectado
hamming,256,0.02,129,2048,3072,62,detectado
hamming,256,0.02,130,2048,3072,76,detectado
hamming,256,0.02,131,2048,3072,71,detectado
hamming,256,0.02,132,2048,3072,60,detectado
hamming,256,0.02,133,2048,3072,70,detectado
hamming,256,0.02,134,2048,3072,60,no_detectado
hamming,256,0.02,135,2048,3072,64,detectado
hamming,256,0.02,136,2048,3072,56,detectado
hamming,256,0.02,137,2048,3072,61,detectado
hamming,256,0.02,138,2048,3072,45,no_detectado
hamming,256,0.02,139,2048,3072,74,detectado
hamming,256,0.02,140,2048,3072,58,detectado
hamming,256,0.02,141,2048,3072,65,detectado
hamming,256,0.02,142,2048,3072,62,detectado
hamming,256,0.02,143,2048,3072,57,detectado
hamming,256,0.02,144,2048,3072,67,detectado
hamming,256,0.02,145,2048,3072,65,detectado
hamming,256,0.02,146,2048,3072,58,no_detectado
hamming,256,0.02,147,2048,3072,68,detectado
hamming,256,0.02,148,2048,3072,58,no_detectado
hamming,256,0.02,149,2048,3072,46,no_detectado
hamming,256,0.02,150,2048,3072,56,detectado
hamming,256,0.02,151,2048,3072,65,no_detectado
hamming,256,0.02,152,2048,3072,59,detectado
hamming,256,0.02,153,2048,3072,61,no_detectado
hamming,256,0.02,154,2048,3072,69,detectado
hamming,256,0.02,155,2048,3072,63,detectado
hamming,256,0.02,156,2048,3072,66,no_detectado
hamming,256,0.02,157,2048,3072,56,detectado
hamming,256,0.02,158,2048,3072,53,detectado
hamming,256,0.02,159,2048,3072,63,detectado
hamming,256,0.02,160,2048,3072,64,detectado
hamming,256,0.02,161,2048,3072,53,detectado
hamming,256,0.02,162,2048,3072,68,no_detectado
hamming,256,0.02,163,2048,3072,66,detectado
hamming,256,0.02,164,2048,3072,67,detectado
hamming,256,0.02,165,2048,3072,66,detectado
hamming,256,0.02,166,2048,3072,62,no_detectado
hamming,256,0.02,167,2048,3072,60,no_detectado
hamming,256,0.02,168,2048,3072,56,detectado
hamming,256,0.02,169,2048,3072,68,detectado
hamming,256,0.02,170,2048,3072,53,detectado
hamming,256,0.02,171,2048,3072,72,detectado
hamming,256,0.02,172,2048,3072,71,detectado
hamming,256,0.02,173,2048,3072,63,detectado
hamming,256,0.02,174,2048,3072,59,detectado
hamming,256,0.02,175,2048,3072,58,detectado
hamming,256,0.02,176,2048,3072,64,no_detectado
hamming,256,0.02,177,2048,3072,62,no_detectado
hamming,256,0.02,178,2048,3072,65,detectado
hamming,256,0.02,179,2048,3072,59,detectado
hamming,256,0.02,180,2048,3072,62,detectado
hamming,256,0.02,181,2048,3072,67,no_detectado
hamming,256,0.02,182,2048,3072,74,detectado
hamming,256,0.02,183,2048,3072,47,detectado
hamming,256,0.02,184,2048,3072,71,detectado
hamming,256,0.02,185,2048,3072,54,no_detectado
hamming,256,0.02,186,2048,3072,64,detectado
hamming,256,0.02,187,2048,3072,66,detectado
hamming,256,0.02,188,2048,3072,45,no_detectado
hamming,256,0.02,189,2048,3072,59,detectado
hamming,256,0.02,190,2048,3072,67,detectado
hamming,256,0.02,191,2048,3072,59,detectado
hamming,256,0.02,192,2048,3072,72,detectado
hamming,256,0.02,193,2048,3072,56,detectado
hamming,256,0.02,194,2048,3072,70,detectado
hamming,256,0.02,195,2048,3072,63,detectado
hamming,256,0.02,196,2048,3072,71,detectado
hamming,256,0.02,197,2048,3072,54,detectado
hamming,256,0.02,198,2048,3072,73,detectado
hamming,256,0.02,199,2048,3072,59,detectado
hamming,256,0.05,0,2048,3072,146,detectado
hamming,256,0.05,1,2048,3072,170,detectado
hamming,256,0.05,2,2048,3072,148,detectado
hamming,256,0.05,3,2048,3072,157,detectado
hamming,256,0.05,4,2048,3072,150,detectado
hamming,256,0.05,5,2048,3072,170,detectado
hamming,256,0.05,6,2048,3072,159,detectado
hamming,256,0.05,7,2048,3072,159,detectado
hamming,256,0.05,8,2048,3072,167,detectado
hamming,256,0.05,9,2048,3072,163,detectado
hamming,256,0.05,10,2048,3072,138,detectado
hamming,256,0.05,11,2048,3072,140,detectado
hamming,256,0.05,12,2048,3072,165,detectado
hamming,256,0.05,13,2048,3072,156,detectado
hamming,256,0.05,14,2048,3072,162,detectado
hamming,256,0.05,15,2048,3072,144,detectado
hamming,256,0.05,16,2048,3072,142,detectado
hamming,256,0.05,17,2048,3072,144,detectado
hamming,256,0.05,18,2048,3072,161,detectado
hamming,256,0.05,19,2048,3072,155,detectado
hamming,256,0.05,20,2048,3072,168,detectado
hamming,256,0.05,21,2048,3072,137,detectado
hamming,256,0.05,22,2048,3072,139,detectado
hamming,256,0.05,23,2048,3072,147,detectado
hamming,256,0.05,24,2048,3072,160,detectado
hamming,256,0.05,25,2048,3072,133,detectado
hamming,256,0.05,26,2048,3072,151,detectado
hamming,256,0.05,27,2048,3072,159,detectado
hamming,256,0.05,28,2048,3072,155,detectado
hamming,256,0.05,29,2048,3072,148,detectado
hamming,256,0.05,30,2048,3072,152,detectado
hamming,256,0.05,31,2048,3072,158,detectado
hamming,256,0.05,32,2048,3072,160,detectado
hamming,256,0.05,33,2048,3072,119,detectado
hamming,256,0.05,34,2048,3072,152,detectado
hamming,256,0.05,35,2048,3072,168,detectado
hamming,256,0.05,36,2048,3072,138,detectado
hamming,256,0.05,37,2048,3072,154,detectado
hamming,256,0.05,38,2048,3072,145,detectado
hamming,256,0.05,39,2048,3072,132,detectado
hamming,256,0.05,40,2048,3072,158,detectado
hamming,256,0.05,41,2048,3072,160,detectado
hamming,256,0.05,42,2048,3072,163,detectado
hamming,256,0.05,43,2048,3072,145,detectado
hamming,256,0.05,44,2048,3072,148,detectado
hamming,256,0.05,45,2048,3072,175,detectado
hamming,256,0.05,46,2048,3072,166,detectado
hamming,256,0.05,47,2048,3072,183,detectado
hamming,256,0.05,48,2048,3072,138,detectado
hamming,256,0.05,49,2048,3072,160,detectado
hamming,256,0.05,50,2048,3072,157,detectado
hamming,256,0.05,51,2048,3072,166,detectado
hamming,256,0.05,52,2048,3072,161,detectado
hamming,256,0.05,53,2048,3072,164,detectado
hamming,256,0.05,54,2048,3072,144,detectado
hamming,256,0.05,55,2048,3072,161,detectado
hamming,256,0.05,56,2048,3072,161,detectado
hamming,256,0.05,57,2048,3072,137,detectado
hamming,256,0.05,58,2048,3072,171,detectado
hamming,256,0.05,59,2048,3072,145,detectado
hamming,256,0.05,60,2048,3072,165,detectado
hamming,256,0.05,61,2048,3072,141,detectado
hamming,256,0.05,62,2048,3072,160,detectado
hamming,256,0.05,63,2048,3072,119,detectado
hamming,256,0.05,64,2048,3072,169,detectado
hamming,256,0.05,65,2048,3072,146,detectado
hamming,256,0.05,66,2048,3072,170,detectado
hamming,256,0.05,67,2048,3072,153,detectado
hamming,256,0.05,68,2048,3072,133,detectado
hamming,256,0.05,69,2048,3072,153,detectado
hamming,256,0.05,70,2048,3072,134,detectado
hamming,256,0.05,71,2048,3072,156,detectado
hamming,256,0.05,72,2048,3072,143,detectado
hamming,256,0.05,73,2048,3072,151,detectado
hamming,256,0.05,74,2048,3072,182,detectado
hamming,256,0.05,75,2048,3072,160,detectado
hamming,256,0.05,76,2048,3072,149,detectado
hamming,256,0.05,77,2048,3072,155,detectado
hamming,256,0.05,78,2048,3072,147,detectado
hamming,256,0.05,79,2048,3072,131,detectado
hamming,256,0.05,80,2048,3072,140,detectado
hamming,256,0.05,81,2048,3072,156,detectado
hamming,256,0.05,82,2048,3072,153,detectado
hamming,256,0.05,83,2048,3072,151,detectado
hamming,256,0.05,84,2048,3072,161,detectado
hamming,256,0.05,85,2048,3072,152,detectado
hamming,256,0.05,86,2048,3072,153,detectado
hamming,256,0.05,87,2048,3072,138,detectado
hamming,256,0.05,88,2048,3072,144,detectado
hamming,256,0.05,89,2048,3072,145,detectado
hamming,256,0.05,90,2048,3072,124,detectado
hamming,256,0.05,91,2048,3072,149,detectado
hamming,256,0.05,92,2048,3072,158,detectado
hamming,256,0.05,93,2048,3072,153,detectado
hamming,256,0.05,94,2048,3072,143,detectado
hamming,256,0.05,95,2048,3072,151,detectado
hamming,256,0.05,96,2048,3072,168,detectado
hamming,256,0.05,97,2048,3072,133,detectado
hamming,256,0.05,98,2048,3072,182,detectado
hamming,256,0.05,99,2048,3072,128,detectado
hamming,256,0.05,100,2048,3072,162,detectado
hamming,256,0.05,101,2048,3072,154,detectado
hamming,256,0.05,102,2048,3072,149,detectado
hamming,256,0.05,103,2048,3072,156,detectado
hamming,256,0.05,104,2048,3072,137,detectado
hamming,256,0.05,105,2048,3072,148,detectado
hamming,256,0.05,106,2048,3072,165,detectado
hamming,256,0.05,107,2048,3072,160,detectado
hamming,256,0.05,108,2048,3072,164,detectado
hamming,256,0.05,109,2048,3072,147,detectado
hamming,256,0.05,110,2048,3072,139,detectado
hamming,256,0.05,111,2048,3072,152,detectado
hamming,256,0.05,112,2048,3072,170,detectado
hamming,256,0.05,113,2048,3072,157,detectado
hamming,256,0.05,114,2048,3072,149,detectado
hamming,256,0.05,115,2048,3072,157,detectado
hamming,256,0.05,116,2048,3072,161,detectado
hamming,256,0.05,117,2048,3072,173,detectado
hamming,256,0.05,118,2048,3072,146,detectado
hamming,256,0.05,119,2048,3072,146,detectado
hamming,256,0.05,120,2048,3072,161,detectado
hamming,256,0.05,121,2048,3072,152,detectado
hamming,256,0.05,122,2048,3072,169,detectado
hamming,256,0.05,123,2048,3072,164,detectado
hamming,256,0.05,124,2048,3072,174,detectado
hamming,256,0.05,125,2048,3072,152,detectado
hamming,256,0.05,126,2048,3072,134,detectado
hamming,256,0.05,127,2048,3072,140,detectado
hamming,256,0.05,128,2048,3072,167,detectado
hamming,256,0.05,129,2048,3072,143,detectado
hamming,256,0.05,130,2048,3072,146,detectado
hamming,256,0.05,131,2048,3072,157,detectado
hamming,256,0.05,132,2048,3072,146,detectado
hamming,256,0.05,133,2048,3072,152,detectado
hamming,256,0.05,134,2048,3072,170,detectado
hamming,256,0.05,135,2048,3072,137,detectado
hamming,256,0.05,136,2048,3072,162,detectado
hamming,256,0.05,137,2048,3072,174,detectado
hamming,256,0.05,138,2048,3072,150,detectado
hamming,256,0.05,139,2048,3072,150,detectado
hamming,256,0.05,140,2048,3072,148,detectado
hamming,256,0.05,141,2048,3072,139,detectado
hamming,256,0.05,142,2048,3072,163,detectado
hamming,256,0.05,143,2048,3072,153,detectado
hamming,256,0.05,144,2048,3072,136,detectado
hamming,256,0.05,145,2048,3072,132,detectado
hamming,256,0.05,146,2048,3072,145,detectado
hamming,256,0.05,147,2048,3072,153,detectado
hamming,256,0.05,148,2048,3072,171,detectado
hamming,256,0.05,149,2048,3072,178,detectado
hamming,256,0.05,150,2048,3072,153,detectado
hamming,256,0.05,151,2048,3072,167,detectado
hamming,256,0.05,152,2048,3072,137,detectado
hamming,256,0.05,153,2048,3072,153,detectado
hamming,256,0.05,154,2048,3072,169,detectado
hamming,256,0.05,155,2048,3072,171,detectado
hamming,256,0.05,156,2048,3072,161,detectado
hamming,256,0.05,157,2048,3072,171,detectado
hamming,256,0.05,158,2048,3072,132,detectado
hamming,256,0.05,159,2048,3072,145,detectado
hamming,256,0.05,160,2048,3072,165,detectado
hamming,256,0.05,161,2048,3072,167,detectado
hamming,256,0.05,162,2048,3072,173,detectado
hamming,256,0.05,163,2048,3072,163,detectado
hamming,256,0.05,164,2048,3072,160,detectado
hamming,256,0.05,165,2048,3072,157,detectado
hamming,256,0.05,166,2048,3072,166,detectado
hamming,256,0.05,167,2048,3072,169,detectado
hamming,256,0.05,168,2048,3072,160,detectado
hamming,256,0.05,169,2048,3072,135,detectado
hamming,256,0.05,170,2048,3072,145,detectado
hamming,256,0.05,171,2048,3072,164,detectado
hamming,256,0.05,172,2048,3072,141,detectado
hamming,256,0.05,173,2048,3072,144,detectado
hamming,256,0.05,174,2048,3072,137,detectado
hamming,256,0.05,175,2048,3072,151,detectado
hamming,256,0.05,176,2048,3072,149,detectado
hamming,256,0.05,177,2048,3072,158,detectado
hamming,256,0.05,178,2048,3072,171,detectado
hamming,256,0.05,179,2048,3072,149,detectado
hamming,256,0.05,180,2048,3072,156,detectado
hamming,256,0.05,181,2048,3072,155,detectado
hamming,256,0.05,182,2048,3072,169,detectado
hamming,256,0.05,183,2048,3072,163,detectado
hamming,256,0.05,184,2048,3072,153,detectado
hamming,256,0.05,185,2048,3072,157,detectado
hamming,256,0.05,186,2048,3072,145,detectado
hamming,256,0.05,187,2048,3072,132,detectado
hamming,256,0.05,188,2048,3072,144,detectado
hamming,256,0.05,189,2048,3072,156,detectado
hamming,256,0.05,190,2048,3072,157,detectado
hamming,256,0.05,191,2048,3072,154,detectado
hamming,256,0.05,192,2048,3072,134,detectado
hamming,256,0.05,193,2048,3072,171,detectado
hamming,256,0.05,194,2048,3072,158,detectado
hamming,256,0.05,195,2048,3072,138,detectado
hamming,256,0.05,196,2048,3072,152,detectado
hamming,256,0.05,197,2048,3072,154,detectado
hamming,256,0.05,198,2048,3072,175,detectado
hamming,256,0.05,199,2048,3072,144,detectado
hamming,256,0.1,0,2048,3072,294,detectado
hamming,256,0.1,1,2048,3072,309,detectado
hamming,256,0.1,2,2048,3072,324,detectado
hamming,256,0.1,3,2048,3072,314,detectado
hamming,256,0.1,4,2048,3072,354,detectado
hamming,256,0.1,5,2048,3072,298,detectado
hamming,256,0.1,6,2048,3072,304,detectado
hamming,256,0.1,7,2048,3072,328,detectado
hamming,256,0.1,8,2048,3072,312,detectado
hamming,256,0.1,9,2048,3072,306,detectado
hamming,256,0.1,10,2048,3072,296,detectado
hamming,256,0.1,11,2048,3072,283,detectado
hamming,256,0.1,12,2048,3072,312,detectado
hamming,256,0.1,13,2048,3072,309,detectado
hamming,256,0.1,14,2048,3072,298,detectado
hamming,256,0.1,15,2048,3072,289,detectado
hamming,256,0.1,16,2048,3072,318,detectado
hamming,256,0.1,17,2048,3072,299,detectado
hamming,256,0.1,18,2048,3072,317,detectado
hamming,256,0.1,19,2048,3072,309,detectado
hamming,256,0.1,20,2048,3072,293,detectado
hamming,256,0.1,21,2048,3072,278,detectado
hamming,256,0.1,22,2048,3072,353,detectado
hamming,256,0.1,23,2048,3072,298,detectado
hamming,256,0.1,24,2048,3072,294,detectado
hamming,256,0.1,25,2048,3072,300,detectado
hamming,256,0.1,26,2048,3072,310,detectado
hamming,256,0.1,27,2048,3072,302,detectado
hamming,256,0.1,28,2048,3072,313,detectado
hamming,256,0.1,29,2048,3072,290,detectado
hamming,256,0.1,30,2048,3072,296,detectado
hamming,256,0.1,31,2048,3072,312,detectado
hamming,256,0.1,32,2048,3072,294,detectado
hamming,256,0.1,33,2048,3072,317,detectado
hamming,256,0.1,34,2048,3072,338,detectado
hamming,256,0.1,35,2048,3072,309,detectado
hamming,256,0.1,36,2048,3072,288,detectado
hamming,256,0.1,37,2048,3072,306,detectado
hamming,256,0.1,38,2048,3072,271,detectado
hamming,256,0.1,39,2048,3072,301,detectado
hamming,256,0.1,40,2048,3072,300,detectado
hamming,256,0.1,41,2048,3072,293,detectado
hamming,256,0.1,42,2048,3072,318,detectado
hamming,256,0.1,43,2048,3072,319,detectado
hamming,256,0.1,44,2048,3072,292,detectado
hamming,256,0.1,45,2048,3072,286,detectado
hamming,256,0.1,46,2048,3072,290,detectado
hamming,256,0.1,47,2048,3072,312,detectado
hamming,256,0.1,48,2048,3072,308,detectado
hamming,256,0.1,49,2048,3072,305,detectado
hamming,256,0.1,50,2048,3072,280,detectado
hamming,256,0.1,51,2048,3072,285,detectado
hamming,256,0.1,52,2048,3072,318,detectado
hamming,256,0.1,53,2048,3072,306,detectado
hamming,256,0.1,54,2048,3072,287,detectado
hamming,256,0.1,55,2048,3072,302,detectado
hamming,256,0.1,56,2048,3072,287,detectado
hamming,256,0.1,57,2048,3072,295,detectado
hamming,256,0.1,58,2048,3072,308,detectado
hamming,256,0.1,59,2048,3072,322,detectado
hamming,256,0.1,60,2048,3072,304,detectado
hamming,256,0.1,61,2048,3072,316,detectado
hamming,256,0.1,62,2048,3072,303,detectado
hamming,256,0.1,63,2048,3072,287,detectado
hamming,256,0.1,64,2048,3072,306,detectado
hamming,256,0.1,65,2048,3072,304,detectado
hamming,256,0.1,66,2048,3072,326,detectado
hamming,256,0.1,67,2048,3072,289,detectado
hamming,256,0.1,68,2048,3072,311,detectado
hamming,256,0.1,69,2048,3072,341,detectado
hamming,256,0.1,70,2048,3072,304,detectado
hamming,256,0.1,71,2048,3072,302,detectado
hamming,256,0.1,72,2048,3072,334,detectado
hamming,256,0.1,73,2048,3072,292,detectado
hamming,256,0.1,74,2048,3072,310,detectado
hamming,256,0.1,75,2048,3072,303,detectado
hamming,256,0.1,76,2048,3072,301,detectado
hamming,256,0.1,77,2048,3072,305,detectado
hamming,256,0.1,78,2048,3072,311,detectado
hamming,256,0.1,79,2048,3072,325,detectado
hamming,256,0.1,80,2048,3072,298,detectado
hamming,256,0.1,81,2048,3072,303,detectado
hamming,256,0.1,82,2048,3072,299,detectado
hamming,256,0.1,83,2048,3072,304,detectado
hamming,256,0.1,84,2048,3072,316,detectado
hamming,256,0.1,85,2048,3072,313,detectado
hamming,256,0.1,86,2048,3072,318,detectado
hamming,256,0.1,87,2048,3072,304,detectado
hamming,256,0.1,88,2048,3072,308,detectado
hamming,256,0.1,89,2048,3072,305,detectado
hamming,256,0.1,90,2048,3072,292,detectado
hamming,256,0.1,91,2048,3072,314,detectado
hamming,256,0.1,92,2048,3072,293,detectado
hamming,256,0.1,93,2048,3072,300,detectado
hamming,256,0.1,94,2048,3072,314,detectado
hamming,256,0.1,95,2048,3072,297,detectado
hamming,256,0.1,96,2048,3072,309,detectado
hamming,256,0.1,97,2048,3072,315,detectado
hamming,256,0.1,98,2048,3072,340,detectado
hamming,256,0.1,99,2048,3072,327,detectado
hamming,256,0.1,100,2048,3072,357,detectado
hamming,256,0.1,101,2048,3072,308,detectado
hamming,256,0.1,102,2048,3072,298,detectado
hamming,256,0.1,103,2048,3072,309,detectado
hamming,256,0.1,104,2048,3072,276,detectado
hamming,256,0.1,105,2048,3072,305,detectado
hamming,256,0.1,106,2048,3072,291,detectado
hamming,256,0.1,107,2048,3072,315,detectado
hamming,256,0.1,108,2048,3072,334,detectado
hamming,256,0.1,109,2048,3072,307,detectado
hamming,256,0.1,110,2048,3072,299,detectado
hamming,256,0.1,111,2048,3072,299,detectado
hamming,256,0.1,112,2048,3072,349,detectado
hamming,256,0.1,113,2048,3072,318,detectado
hamming,256,0.1,114,2048,3072,316,detectado
hamming,256,0.1,115,2048,3072,299,detectado
hamming,256,0.1,116,2048,3072,305,detectado
hamming,256,0.1,117,2048,3072,294,detectado
hamming,256,0.1,118,2048,3072,325,detectado
hamming,256,0.1,119,2048,3072,322,detectado
hamming,256,0.1,120,2048,3072,310,detectado
hamming,256,0.1,121,2048,3072,308,detectado
hamming,256,0.1,122,2048,3072,302,detectado
hamming,256,0.1,123,2048,3072,295,detectado
hamming,256,0.1,124,2048,3072,311,detectado
hamming,256,0.1,125,2048,3072,316,detectado
hamming,256,0.1,126,2048,3072,308,detectado
hamming,256,0.1,127,2048,3072,296,detectado
hamming,256,0.1,128,2048,3072,358,detectado
hamming,256,0.1,129,2048,3072,296,detectado
hamming,256,0.1,130,2048,3072,291,detectado
hamming,256,0.1,131,2048,3072,320,detectado
hamming,256,0.1,132,2048,3072,279,detectado
hamming,256,0.1,133,2048,3072,307,detectado
hamming,256,0.1,134,2048,3072,324,detectado
hamming,256,0.1,135,2048,3072,296,detectado
hamming,256,0.1,136,2048,3072,289,detectado
hamming,256,0.1,137,2048,3072,331,detectado
hamming,256,0.1,138,2048,3072,287,detectado
hamming,256,0.1,139,2048,3072,328,detectado
hamming,256,0.1,140,2048,3072,310,detectado
hamming,256,0.1,141,2048,3072,295,detectado
hamming,256,0.1,142,2048,3072,306,detectado
hamming,256,0.1,143,2048,3072,338,detectado
hamming,256,0.1,144,2048,3072,289,detectado
hamming,256,0.1,145,2048,3072,283,detectado
hamming,256,0.1,146,2048,3072,309,detectado
hamming,256,0.1,147,2048,3072,323,detectado
hamming,256,0.1,148,2048,3072,308,detectado
hamming,256,0.1,149,2048,3072,315,detectado
hamming,256,0.1,150,2048,3072,312,detectado
hamming,256,0.1,151,2048,3072,279,detectado
hamming,256,0.1,152,2048,3072,299,detectado
hamming,256,0.1,153,2048,3072,312,detectado
hamming,256,0.1,154,2048,3072,295,detectado
hamming,256,0.1,155,2048,3072,330,detectado
hamming,256,0.1,156,2048,3072,318,detectado
hamming,256,0.1,157,2048,3072,287,detectado
hamming,256,0.1,158,2048,3072,295,detectado
hamming,256,0.1,159,2048,3072,316,detectado
hamming,256,0.1,160,2048,3072,307,detectado
hamming,256,0.1,161,2048,3072,299,detectado
hamming,256,0.1,162,2048,3072,302,detectado
hamming,256,0.1,163,2048,3072,295,detectado
hamming,256,0.1,164,2048,3072,312,detectado
hamming,256,0.1,165,2048,3072,315,detectado
hamming,256,0.1,166,2048,3072,313,detectado
hamming,256,0.1,167,2048,3072,316,detectado
hamming,256,0.1,168,2048,3072,309,detectado
hamming,256,0.1,169,2048,3072,301,detectado
hamming,256,0.1,170,2048,3072,330,detectado
hamming,256,0.1,171,2048,3072,308,detectado
hamming,256,0.1,172,2048,3072,274,detectado
hamming,256,0.1,173,2048,3072,288,detectado
hamming,256,0.1,174,2048,3072,306,detectado
hamming,256,0.1,175,2048,3072,308,detectado
hamming,256,0.1,176,2048,3072,335,detectado
hamming,256,0.1,177,2048,3072,288,detectado
hamming,256,0.1,178,2048,3072,299,detectado
hamming,256,0.1,179,2048,3072,336,detectado
hamming,256,0.1,180,2048,3072,292,detectado
hamming,256,0.1,181,2048,3072,307,detectado
hamming,256,0.1,182,2048,3072,289,detectado
hamming,256,0.1,183,2048,3072,284,detectado
hamming,256,0.1,184,2048,3072,311,detectado
hamming,256,0.1,185,2048,3072,301,detectado
hamming,256,0.1,186,2048,3072,338,detectado
hamming,256,0.1,187,2048,3072,282,detectado
hamming,256,0.1,188,2048,3072,327,detectado
hamming,256,0.1,189,2048,3072,337,detectado
hamming,256,0.1,190,2048,3072,284,detectado
hamming,256,0.1,191,2048,3072,268,detectado
hamming,256,0.1,192,2048,3072,310,detectado
hamming,256,0.1,193,2048,3072,306,detectado
hamming,256,0.1,194,2048,3072,311,detectado
hamming,256,0.1,195,2048,3072,316,detectado
hamming,256,0.1,196,2048,3072,317,detectado
hamming,256,0.1,197,2048,3072,296,detectado
hamming,256,0.1,198,2048,3072,318,detectado
hamming,256,0.1,199,2048,3072,325,detectado
crc32,4,0.001,0,32,65,0,exito
crc32,4,0.001,1,32,65,0,exito
crc32,4,0.001,2,32,65,0,exito
crc32,4,0.001,3,32,65,0,exito
crc32,4,0.001,4,32,65,0,exito
crc32,4,0.001,5,32,65,0,exito
crc32,4,0.001,6,32,65,0,exito
crc32,4,0.001,7,32,65,0,exito
crc32,4,0.001,8,32,65,0,exito
crc32,4,0.001,9,32,65,0,exito
crc32,4,0.001,10,32,65,2,detectado
crc32,4,0.001,11,32,65,0,exito
crc32,4,0.001,12,32,65,0,exito
crc32,4,0.001,13,32,65,0,exito
crc32,4,0.001,14,32,65,0,exito
crc32,4,0.001,15,32,65,0,exito
crc32,4,0.001,16,32,65,0,exito
crc32,4,0.001,17,32,65,0,exito
crc32,4,0.001,18,32,65,0,exito
crc32,4,0.001,19,32,65,0,exito
crc32,4,0.001,20,32,65,0,exito
crc32,4,0.001,21,32,65,0,exito
crc32,4,0.001,22,32,65,0,exito
crc32,4,0.001,23,32,65,0,exito
crc32,4,0.001,24,32,65,0,exito
crc32,4,0.001,25,32,65,0,exito
crc32,4,0.001,26,32,65,0,exito
crc32,4,0.001,27,32,65,0,exito
crc32,4,0.001,28,32,65,0,exito
crc32,4,0.001,29,32,65,0,exito
crc32,4,0.001,30,32,65,0,exito
crc32,4,0.001,31,32,65,0,exito
crc32,4,0.001,32,32,65,0,exito
crc32,4,0.001,33,32,65,0,exito
crc32,4,0.001,34,32,65,0,exito
crc32,4,0.001,35,32,65,0,exito
crc32,4,0.001,36,32,65,0,exito
crc32,4,0.001,37,32,65,0,exito
crc32,4,0.001,38,32,65,0,exito
crc32,4,0.001,39,32,65,1,detectado
crc32,4,0.001,40,32,65,0,exito
crc32,4,0.001,41,32,65,0,exito
crc32,4,0.001,42,32,65,0,exito
crc32,4,0.001,43,32,65,0,exito
crc32,4,0.001,44,32,65,0,exito
crc32,4,0.001,45,32,65,0,exito
crc32,4,0.001,46,32,65,0,exito
crc32,4,0.001,47,32,65,0,exito
crc32,4,0.001,48,32,65,0,exito
crc32,4,0.001,49,32,65,0,exito
crc32,4,0.001,50,32,65,0,exito
crc32,4,0.001,51,32,65,0,exito
crc32,4,0.001,52,32,65,0,exito
crc32,4,0.001,53,32,65,1,detectado
crc32,4,0.001,54,32,65,0,exito
crc32,4,0.001,55,32,65,0,exito
crc32,4,0.001,56,32,65,0,exito
crc32,4,0.001,57,32,65,0,exito
crc32,4,0.001,58,32,65,0,exito
crc32,4,0.001,59,32,65,1,detectado
crc32,4,0.001,60,32,65,0,exito
crc32,4,0.001,61,32,65,0,exito
crc32,4,0.001,62,32,65,1,detectado
crc32,4,0.001,63,32,65,0,exito
crc32,4,0.001,64,32,65,0,exito
crc32,4,0.001,65,32,65,0,exito
crc32,4,0.001,66,32,65,0,exito
crc32,4,0.001,67,32,65,0,exito
crc32,4,0.001,68,32,65,0,exito
crc32,4,0.001,69,32,65,0,exito
crc32,4,0.001,70,32,65,1,detectado
crc32,4,0.001,71,32,65,0,exito
crc32,4,0.001,72,32,65,0,exito
crc32,4,0.001,73,32,65,0,exito
crc32,4,0.001,74,32,65,0,exito
crc32,4,0.001,75,32,65,0,exito
crc32,4,0.001,76,32,65,0,exito
crc32,4,0.001,77,32,65,0,exito
crc32,4,0.001,78,32,65,0,exito
crc32,4,0.001,79,32,65,0,exito
crc32,4,0.001,80,32,65,0,exito
crc32,4,0.001,81,32,65,0,exito
crc32,4,0.001,82,32,65,0,exito
crc32,4,0.001,83,32,65,1,detectado
crc32,4,0.001,84,32,65,0,exito
crc32,4,0.001,85,32,65,0,exito
crc32,4,0.001,86,32,65,0,exito
crc32,4,0.001,87,32,65,0,exito
crc32,4,0.001,88,32,65,0,exito
crc32,4,0.001,89,32,65,0,exito
crc32,4,0.001,90,32,65,0,exito
crc32,4,0.001,91,32,65,0,exito
crc32,4,0.001,92,32,65,0,exito
crc32,4,0.001,93,32,65,0,exito
crc32,4,0.001,94,32,65,1,detectado
crc32,4,0.001,95,32,65,0,exito
crc32,4,0.001,96,32,65,0,exito
crc32,4,0.001,97,32,65,0,exito
crc32,4,0.001,98,32,65,0,exito
crc32,4,0.001,99,32,65,0,exito
crc32,4,0.001,100,32,65,0,exito
crc32,4,0.001,101,32,65,1,detectado
crc32,4,0.001,102,32,65,0,exito
crc32,4,0.001,103,32,65,0,exito
crc32,4,0.001,104,32,65,0,exito
crc32,4,0.001,105,32,65,1,detectado
crc32,4,0.001,106,32,65,0,exito
crc32,4,0.001,107,32,65,0,exito
crc32,4,0.001,108,32,65,0,exito
crc32,4,0.001,109,32,65,0,exito
crc32,4,0.001,110,32,65,0,exito
crc32,4,0.001,111,32,65,0,exito
crc32,4,0.001,112,32,65,1,detectado
crc32,4,0.001,113,32,65,0,exito
crc32,4,0.001,114,32,65,0,exito
crc32,4,0.001,115,32,65,0,exito
crc32,4,0.001,116,32,65,0,exito
crc32,4,0.001,117,32,65,0,exito
crc32,4,0.001,118,32,65,0,exito
crc32,4,0.001,119,32,65,0,exito
crc32,4,0.001,120,32,65,0,exito
crc32,4,0.001,121,32,65,0,exito
crc32,4,0.001,122,32,65,0,exito
crc32,4,0.001,123,32,65,0,exito
crc32,4,0.001,124,32,65,0,exito
crc32,4,0.001,125,32,65,0,exito
crc32,4,0.001,126,32,65,0,exito
crc32,4,0.001,127,32,65,0,exito
crc32,4,0.001,128,32,65,0,exito
crc32,4,0.001,129,32,65,0,exito
crc32,4,0.001,130,32,65,0,exito
crc32,4,0.001,131,32,65,0,exito
crc32,4,0.001,132,32,65,0,exito
crc32,4,0.001,133,32,65,0,exito
crc32,4,0.001,134,32,65,0,exito
crc32,4,0.001,135,32,65,0,exito
crc32,4,0.001,136,32,65,0,exito
crc32,4,0.001,137,32,65,0,exito
crc32,4,0.001,138,32,65,0,exito
crc32,4,0.001,139,32,65,0,exito
crc32,4,0.001,140,32,65,0,exito
crc32,4,0.001,141,32,65,0,exito
crc32,4,0.001,142,32,65,0,exito
crc32,4,0.001,143,32,65,0,exito
crc32,4,0.001,144,32,65,0,exito
crc32,4,0.001,145,32,65,0,exito
crc32,4,0.001,146,32,65,0,exito
crc32,4,0.001,147,32,65,0,exito
crc32,4,0.001,148,32,65,0,exito
crc32,4,0.001,149,32,65,0,exito
crc32,4,0.001,150,32,65,0,exito
crc32,4,0.001,151,32,65,0,exito
crc32,4,0.001,152,32,65,0,exito
crc32,4,0.001,153,32,65,0,exito
crc32,4,0.001,154,32,65,0,exito
crc32,4,0.001,155,32,65,0,exito
crc32,4,0.001,156,32,65,0,exito
crc32,4,0.001,157,32,65,0,exito
crc32,4,0.001,158,32,65,0,exito
crc32,4,0.001,159,32,65,0,exito
crc32,4,0.001,160,32,65,1,detectado
crc32,4,0.001,161,32,65,0,exito
crc32,4,0.001,162,32,65,0,exito
crc32,4,0.001,163,32,65,0,exito
crc32,4,0.001,164,32,65,0,exito
crc32,4,0.001,165,32,65,0,exito
crc32,4,0.001,166,32,65,0,exito
crc32,4,0.001,167,32,65,0,exito
crc32,4,0.001,168,32,65,0,exito
crc32,4,0.001,169,32,65,0,exito
crc32,4,0.001,170,32,65,0,exito
crc32,4,0.001,171,32,65,0,exito
crc32,4,0.001,172,32,65,0,exito
crc32,4,0.001,173,32,65,0,exito
crc32,4,0.001,174,32,65,0,exito
crc32,4,0.001,175,32,65,0,exito
crc32,4,0.001,176,32,65,0,exito
crc32,4,0.001,177,32,65,0,exito
crc32,4,0.001,178,32,65,0,exito
crc32,4,0.001,179,32,65,0,exito
crc32,4,0.001,180,32,65,0,exito
crc32,4,0.001,181,32,65,0,exito
crc32,4,0.001,182,32,65,0,exito
crc32,4,0.001,183,32,65,0,exito
crc32,4,0.001,184,32,65,0,exito
crc32,4,0.001,185,32,65,0,exito
crc32,4,0.001,186,32,65,1,detectado
crc32,4,0.001,187,32,65,0,exito
crc32,4,0.001,188,32,65,0,exito
crc32,4,0.001,189,32,65,0,exito
crc32,4,0.001,190,32,65,0,exito
crc32,4,0.001,191,32,65,0,exito
crc32,4,0.001,192,32,65,0,exito
crc32,4,0.001,193,32,65,1,detectado
crc32,4,0.001,194,32,65,0,exito
crc32,4,0.001,195,32,65,0,exito
crc32,4,0.001,196,32,65,0,exito
crc32,4,0.001,197,32,65,0,exito
crc32,4,0.001,198,32,65,1,detectado
crc32,4,0.001,199,32,65,0,exito
crc32,4,0.002,0,32,65,0,exito
crc32,4,0.002,1,32,65,0,exito
crc32,4,0.002,2,32,65,0,exito
crc32,4,0.002,3,32,65,2,detectado
crc32,4,0.002,4,32,65,0,exito
crc32,4,0.002,5,32,65,1,detectado
crc32,4,0.002,6,32,65,0,exito
crc32,4,0.002,7,32,65,1,detectado
crc32,4,0.002,8,32,65,0,exito
crc32,4,0.002,9,32,65,0,exito
crc32,4,0.002,10,32,65,1,detectado
crc32,4,0.002,11,32,65,1,detectado
crc32,4,0.002,12,32,65,0,exito
crc32,4,0.002,13,32,65,0,exito
crc32,4,0.002,14,32,65,0,exito
crc32,4,0.002,15,32,65,0,exito
crc32,4,0.002,16,32,65,0,exito
crc32,4,0.002,17,32,65,0,exito
crc32,4,0.002,18,32,65,1,detectado
crc32,4,0.002,19,32,65,1,detectado
crc32,4,0.002,20,32,65,0,exito
crc32,4,0.002,21,32,65,0,exito
crc32,4,0.002,22,32,65,0,exito
crc32,4,0.002,23,32,65,0,exito
crc32,4,0.002,24,32,65,1,detectado
crc32,4,0.002,25,32,65,0,exito
crc32,4,0.002,26,32,65,0,exito
crc32,4,0.002,27,32,65,0,exito
crc32,4,0.002,28,32,65,0,exito
crc32,4,0.002,29,32,65,2,detectado
crc32,4,0.002,30,32,65,0,exito
crc32,4,0.002,31,32,65,0,exito
crc32,4,0.002,32,32,65,0,exito
crc32,4,0.002,33,32,65,1,detectado
crc32,4,0.002,34,32,65,0,exito
crc32,4,0.002,35,32,65,1,detectado
crc32,4,0.002,36,32,65,1,detectado
crc32,4,0.002,37,32,65,1,detectado
crc32,4,0.002,38,32,65,0,exito
crc32,4,0.002,39,32,65,0,exito
crc32,4,0.002,40,32,65,0,exito
crc32,4,0.002,41,32,65,0,exito
crc32,4,0.002,42,32,65,0,exito
crc32,4,0.002,43,32,65,0,exito
crc32,4,0.002,44,32,65,0,exito
crc32,4,0.002,45,32,65,0,exito
crc32,4,0.002,46,32,65,0,exito
crc32,4,0.002,47,32,65,0,exito
crc32,4,0.002,48,32,65,1,detectado
crc32,4,0.002,49,32,65,0,exito
crc32,4,0.002,50,32,65,0,exito
crc32,4,0.002,51,32,65,0,exito
crc32,4,0.002,52,32,65,0,exito
crc32,4,0.002,53,32,65,0,exito
crc32,4,0.002,54,32,65,0,exito
crc32,4,0.002,55,32,65,0,exito
crc32,4,0.002,56,32,65,0,exito
crc32,4,0.002,57,32,65,0,exito
crc32,4,0.002,58,32,65,0,exito
crc32,4,0.002,59,32,65,0,exito
crc32,4,0.002,60,32,65,0,exito
crc32,4,0.002,61,32,65,1,detectado
crc32,4,0.002,62,32,65,0,exito
crc32,4,0.002,63,32,65,1,detectado
crc32,4,0.002,64,32,65,0,exito
crc32,4,0.002,65,32,65,0,exito
crc32,4,0.002,66,32,65,0,exito
crc32,4,0.002,67,32,65,0,exito
crc32,4,0.002,68,32,65,0,exito
crc32,4,0.002,69,32,65,1,detectado
crc32,4,0.002,70,32,65,0,exito
crc32,4,0.002,71,32,65,0,exito
crc32,4,0.002,72,32,65,0,exito
crc32,4,0.002,73,32,65,1,detectado
crc32,4,0.002,74,32,65,0,exito
crc32,4,0.002,75,32,65,0,exito
crc32,4,0.002,76,32,65,0,exito
crc32,4,0.002,77,32,65,0,exito
crc32,4,0.002,78,32,65,0,exito
crc32,4,0.002,79,32,65,0,exito
crc32,4,0.002,80,32,65,0,exito
crc32,4,0.002,81,32,65,0,exito
crc32,4,0.002,82,32,65,0,exito
crc32,4,0.002,83,32,65,0,exito
crc32,4,0.002,84,32,65,0,exito
crc32,4,0.002,85,32,65,0,exito
crc32,4,0.002,86,32,65,0,exito
crc32,4,0.002,87,32,65,1,detectado
crc32,4,0.002,88,32,65,0,exito
crc32,4,0.002,89,32,65,0,exito
crc32,4,0.002,90,32,65,0,exito
crc32,4,0.002,91,32,65,0,exito
crc32,4,0.002,92,32,65,0,exito
crc32,4,0.002,93,32,65,1,detectado
crc32,4,0.002,94,32,65,0,exito
crc32,4,0.002,95,32,65,0,exito
crc32,4,0.002,96,32,65,0,exito
crc32,4,0.002,97,32,65,0,exito
crc32,4,0.002,98,32,65,0,exito
crc32,4,0.002,99,32,65,0,exito
crc32,4,0.002,100,32,65,0,exito
crc32,4,0.002,101,32,65,0,exito
crc32,4,0.002,102,32,65,1,detectado
crc32,4,0.002,103,32,65,0,exito
crc32,4,0.002,104,32,65,0,exito
crc32,4,0.002,105,32,65,0,exito
crc32,4,0.002,106,32,65,0,exito
crc32,4,0.002,107,32,65,0,exito
crc32,4,0.002,108,32,65,0,exito
crc32,4,0.002,109,32,65,0,exito
crc32,4,0.002,110,32,65,0,exito
crc32,4,0.002,111,32,65,0,exito
crc32,4,0.002,112,32,65,1,detectado
crc32,4,0.002,113,32,65,0,exito
crc32,4,0.002,114,32,65,0,exito
crc32,4,0.002,115,32,65,0,exito
crc32,4,0.002,116,32,65,0,exito
crc32,4,0.002,117,32,65,0,exito
crc32,4,0.002,118,32,65,0,exito
crc32,4,0.002,119,32,65,0,exito
crc32,4,0.002,120,32,65,0,exito
crc32,4,0.002,121,32,65,0,exito
crc32,4,0.002,122,32,65,0,exito
crc32,4,0.002,123,32,65,0,exito
crc32,4,0.002,124,32,65,0,exito
crc32,4,0.002,125,32,65,0,exito
crc32,4,0.002,126,32,65,0,exito
crc32,4,0.002,127,32,65,0,exito
crc32,4,0.002,128,32,65,1,detectado
crc32,4,0.002,129,32,65,0,exito
crc32,4,0.002,130,32,65,0,exito
crc32,4,0.002,131,32,65,0,exito
crc32,4,0.002,132,32,65,0,exito
crc32,4,0.002,133,32,65,0,exito
crc32,4,0.002,134,32,65,0,exito
crc32,4,0.002,135,32,65,0,exito
crc32,4,0.002,136,32,65,0,exito
crc32,4,0.002,137,32,65,1,detectado
crc32,4,0.002,138,32,65,0,exito
crc32,4,0.002,139,32,65,0,exito
crc32,4,0.002,140,32,65,0,exito
crc32,4,0.002,141,32,65,0,exito
crc32,4,0.002,142,32,65,0,exito
crc32,4,0.002,143,32,65,0,exito
crc32,4,0.002,144,32,65,0,exito
crc32,4,0.002,145,32,65,0,exito
crc32,4,0.002,146,32,65,0,exito
crc32,4,0.002,147,32,65,0,exito
crc32,4,0.002,148,32,65,0,exito
crc32,4,0.002,149,32,65,0,exito
crc32,4,0.002,150,32,65,1,detectado
crc32,4,0.002,151,32,65,0,exito
crc32,4,0.002,152,32,65,0,exito
crc32,4,0.002,153,32,65,0,exito
crc32,4,0.002,154,32,65,0,exito
crc32,4,0.002,155,32,65,0,exito
crc32,4,0.002,156,32,65,1,detectado
crc32,4,0.002,157,32,65,0,exito
crc32,4,0.002,158,32,65,0,exito
crc32,4,0.002,159,32,65,0,exito
crc32,4,0.002,160,32,65,0,exito
crc32,4,0.002,161,32,65,0,exito
crc32,4,0.002,162,32,65,0,exito
crc32,4,0.002,163,32,65,0,exito
crc32,4,0.002,164,32,65,0,exito
crc32,4,0.002,165,32,65,0,exito
crc32,4,0.002,166,32,65,0,exito
crc32,4,0.002,167,32,65,0,exito
crc32,4,0.002,168,32,65,0,exito
crc32,4,0.002,169,32,65,1,detectado
crc32,4,0.002,170,32,65,0,exito
crc32,4,0.002,171,32,65,0,exito
crc32,4,0.002,172,32,65,0,exito
crc32,4,0.002,173,32,65,0,exito
crc32,4,0.002,174,32,65,0,exito
crc32,4,0.002,175,32,65,0,exito
crc32,4,0.002,176,32,65,0,exito
crc32,4,0.002,177,32,65,0,exito
crc32,4,0.002,178,32,65,0,exito
crc32,4,0.002,179,32,65,0,exito
crc32,4,0.002,180,32,65,1,detectado
crc32,4,0.002,181,32,65,0,exito
crc32,4,0.002,182,32,65,0,exito
crc32,4,0.002,183,32,65,0,exito
crc32,4,0.002,184,32,65,0,exito
crc32,4,0.002,185,32,65,0,exito
crc32,4,0.002,186,32,65,0,exito
crc32,4,0.002,187,32,65,0,exito
crc32,4,0.002,188,32,65,0,exito
crc32,4,0.002,189,32,65,0,exito
crc32,4,0.002,190,32,65,0,exito
crc32,4,0.002,191,32,65,0,exito
crc32,4,0.002,192,32,65,1,detectado
crc32,4,0.002,193,32,65,0,exito
crc32,4,0.002,194,32,65,0,exito
crc32,4,0.002,195,32,65,0,exito
crc32,4,0.002,196,32,65,0,exito
crc32,4,0.002,197,32,65,0,exito
crc32,4,0.002,198,32,65,0,exito
crc32,4,0.002,199,32,65,1,detectado
crc32,4,0.005,0,32,65,0,exito
crc32,4,0.005,1,32,65,0,exito
crc32,4,0.005,2,32,65,0,exito
crc32,4,0.005,3,32,65,3,detectado
crc32,4,0.005,4,32,65,0,exito
crc32,4,0.005,5,32,65,1,detectado
crc32,4,0.005,6,32,65,0,exito
crc32,4,0.005,7,32,65,0,exito
crc32,4,0.005,8,32,65,0,exito
crc32,4,0.005,9,32,65,1,detectado
crc32,4,0.005,10,32,65,0,exito
crc32,4,0.005,11,32,65,0,exito
crc32,4,0.005,12,32,65,0,exito
crc32,4,0.005,13,32,65,1,detectado
crc32,4,0.005,14,32,65,1,detectado
crc32,4,0.005,15,32,65,2,detectado
crc32,4,0.005,16,32,65,1,detectado
crc32,4,0.005,17,32,65,0,exito
crc32,4,0.005,18,32,65,0,exito
crc32,4,0.005,19,32,65,0,exito
crc32,4,0.005,20,32,65,0,exito
crc32,4,0.005,21,32,65,0,exito
crc32,4,0.005,22,32,65,1,detectado
crc32,4,0.005,23,32,65,0,exito
crc32,4,0.005,24,32,65,0,exito
crc32,4,0.005,25,32,65,1,detectado
crc32,4,0.005,26,32,65,0,exito
crc32,4,0.005,27,32,65,0,exito
crc32,4,0.005,28,32,65,0,exito
crc32,4,0.005,29,32,65,1,detectado
crc32,4,0.005,30,32,65,1,detectado
crc32,4,0.005,31,32,65,2,detectado
crc32,4,0.005,32,32,65,0,exito
crc32,4,0.005,33,32,65,0,exito
crc32,4,0.005,34,32,65,0,exito
crc32,4,0.005,35,32,65,0,exito
crc32,4,0.005,36,32,65,1,detectado
crc32,4,0.005,37,32,65,0,exito
crc32,4,0.005,38,32,65,1,detectado
crc32,4,0.005,39,32,65,0,exito
crc32,4,0.005,40,32,65,0,exito
crc32,4,0.005,41,32,65,1,detectado
crc32,4,0.005,42,32,65,0,exito
crc32,4,0.005,43,32,65,0,exito
crc32,4,0.005,44,32,65,0,exito
crc32,4,0.005,45,32,65,0,exito
crc32,4,0.005,46,32,65,0,exito
crc32,4,0.005,47,32,65,0,exito
crc32,4,0.005,48,32,65,0,exito
crc32,4,0.005,49,32,65,2,detectado
crc32,4,0.005,50,32,65,0,exito
crc32,4,0.005,51,32,65,0,exito
crc32,4,0.005,52,32,65,0,exito
crc32,4,0.005,53,32,65,0,exito
crc32,4,0.005,54,32,65,0,exito
crc32,4,0.005,55,32,65,0,exito
crc32,4,0.005,56,32,65,0,exito
crc32,4,0.005,57,32,65,0,exito
crc32,4,0.005,58,32,65,0,exito
crc32,4,0.005,59,32,65,1,detectado
crc32,4,0.005,60,32,65,0,exito
crc32,4,0.005,61,32,65,1,detectado
crc32,4,0.005,62,32,65,0,exito
crc32,4,0.005,63,32,65,2,detectado
crc32,4,0.005,64,32,65,0,exito
crc32,4,0.005,65,32,65,0,exito
crc32,4,0.005,66,32,65,0,exito
crc32,4,0.005,67,32,65,0,exito
crc32,4,0.005,68,32,65,0,exito
crc32,4,0.005,69,32,65,2,detectado
crc32,4,0.005,70,32,65,0,exito
crc32,4,0.005,71,32,65,0,exito
crc32,4,0.005,72,32,65,0,exito
crc32,4,0.005,73,32,65,0,exito
crc32,4,0.005,74,32,65,0,exito
crc32,4,0.005,75,32,65,1,detectado
crc32,4,0.005,76,32,65,0,exito
crc32,4,0.005,77,32,65,1,detectado
crc32,4,0.005,78,32,65,1,detectado
crc32,4,0.005,79,32,65,0,exito
crc32,4,0.005,80,32,65,0,exito
crc32,4,0.005,81,32,65,0,exito
crc32,4,0.005,82,32,65,3,detectado
crc32,4,0.005,83,32,65,0,exito
crc32,4,0.005,84,32,65,0,exito
crc32,4,0.005,85,32,65,0,exito
crc32,4,0.005,86,32,65,0,exito
crc32,4,0.005,87,32,65,0,exito
crc32,4,0.005,88,32,65,0,exito
crc32,4,0.005,89,32,65,2,detectado
crc32,4,0.005,90,32,65,0,exito
crc32,4,0.005,91,32,65,0,exito
crc32,4,0.005,92,32,65,0,exito
crc32,4,0.005,93,32,65,1,detectado
crc32,4,0.005,94,32,65,0,exito
crc32,4,0.005,95,32,65,0,exito
crc32,4,0.005,96,32,65,1,detectado
crc32,4,0.005,97,32,65,0,exito
crc32,4,0.005,98,32,65,0,exito
crc32,4,0.005,99,32,65,0,exito
crc32,4,0.005,100,32,65,0,exito
crc32,4,0.005,101,32,65,1,detectado
crc32,4,0.005,102,32,65,0,exito
crc32,4,0.005,103,32,65,1,detectado
crc32,4,0.005,104,32,65,0,exito
crc32,4,0.005,105,32,65,1,detectado
crc32,4,0.005,106,32,65,0,exito
crc32,4,0.005,107,32,65,0,exito
crc32,4,0.005,108,32,65,1,detectado
crc32,4,0.005,109,32,65,1,detectado
crc32,4,0.005,110,32,65,0,exito
crc32,4,0.005,111,32,65,0,exito
crc32,4,0.005,112,32,65,0,exito
crc32,4,0.005,113,32,65,0,exito
crc32,4,0.005,114,32,65,0,exito
crc32,4,0.005,115,32,65,1,detectado
crc32,4,0.005,116,32,65,0,exito
crc32,4,0.005,117,32,65,0,exito
crc32,4,0.005,118,32,65,0,exito
crc32,4,0.005,119,32,65,1,detectado
crc32,4,0.005,120,32,65,0,exito
crc32,4,0.005,121,32,65,0,exito
crc32,4,0.005,122,32,65,0,exito
crc32,4,0.005,123,32,65,1,detectado
crc32,4,0.005,124,32,65,1,detectado
crc32,4,0.005,125,32,65,0,exito
crc32,4,0.005,126,32,65,1,detectado
crc32,4,0.005,127,32,65,0,exito
crc32,4,0.005,128,32,65,1,detectado
crc32,4,0.005,129,32,65,1,detectado
crc32,4,0.005,130,32,65,1,detectado
crc32,4,0.005,131,32,65,1,detectado
crc32,4,0.005,132,32,65,1,detectado
crc32,4,0.005,133,32,65,0,exito
crc32,4,0.005,134,32,65,0,exito
crc32,4,0.005,135,32,65,0,exito
crc32,4,0.005,136,32,65,0,exito
crc32,4,0.005,137,32,65,0,exito
crc32,4,0.005,138,32,65,1,detectado
crc32,4,0.005,139,32,65,1,detectado
crc32,4,0.005,140,32,65,0,exito
crc32,4,0.005,141,32,65,0,exito
crc32,4,0.005,142,32,65,1,detectado
crc32,4,0.005,143,32,65,0,exito
crc32,4,0.005,144,32,65,0,exito
crc32,4,0.005,145,32,65,1,detectado
crc32,4,0.005,146,32,65,0,exito
crc32,4,0.005,147,32,65,0,exito
crc32,4,0.005,148,32,65,0,exito
crc32,4,0.005,149,32,65,1,detectado
crc32,4,0.005,150,32,65,0,exito
crc32,4,0.005,151,32,65,1,detectado
crc32,4,0.005,152,32,65,1,detectado
crc32,4,0.005,153,32,65,0,exito
crc32,4,0.005,154,32,65,0,exito
crc32,4,0.005,155,32,65,0,exito
crc32,4,0.005,156,32,65,0,exito
crc32,4,0.005,157,32,65,0,exito
crc32,4,0.005,158,32,65,0,exito
crc32,4,0.005,159,32,65,0,exito
crc32,4,0.005,160,32,65,1,detectado
crc32,4,0.005,161,32,65,0,exito
crc32,4,0.005,162,32,65,0,exito
crc32,4,0.005,163,32,65,0,exito
crc32,4,0.005,164,32,65,0,exito
crc32,4,0.005,165,32,65,2,detectado
crc32,4,0.005,166,32,65,1,detectado
crc32,4,0.005,167,32,65,0,exito
crc32,4,0.005,168,32,65,0,exito
crc32,4,0.005,169,32,65,0,exito
crc32,4,0.005,170,32,65,0,exito
crc32,4,0.005,171,32,65,1,detectado
crc32,4,0.005,172,32,65,0,exito
crc32,4,0.005,173,32,65,0,exito
crc32,4,0.005,174,32,65,1,detectado
crc32,4,0.005,175,32,65,0,exito
crc32,4,0.005,176,32,65,0,exito
crc32,4,0.005,177,32,65,0,exito
crc32,4,0.005,178,32,65,0,exito
crc32,4,0.005,179,32,65,0,exito
crc32,4,0.005,180,32,65,1,detectado
crc32,4,0.005,181,32,65,0,exito
crc32,4,0.005,182,32,65,0,exito
crc32,4,0.005,183,32,65,1,detectado
crc32,4,0.005,184,32,65,0,exito
crc32,4,0.005,185,32,65,1,detectado
crc32,4,0.005,186,32,65,0,exito
crc32,4,0.005,187,32,65,0,exito
crc32,4,0.005,188,32,65,0,exito
crc32,4,0.005,189,32,65,0,exito
crc32,4,0.005,190,32,65,0,exito
crc32,4,0.005,191,32,65,0,exito
crc32,4,0.005,192,32,65,0,exito
crc32,4,0.005,193,32,65,0,exito
crc32,4,0.005,194,32,65,0,exito
crc32,4,0.005,195,32,65,0,exito
crc32,4,0.005,196,32,65,0,exito
crc32,4,0.005,197,32,65,0,exito
crc32,4,0.005,198,32,65,0,exito
crc32,4,0.005,199,32,65,0,exito
crc32,4,0.01,0,32,65,0,exito
crc32,4,0.01,1,32,65,0,exito
crc32,4,0.01,2,32,65,1,detectado
crc32,4,0.01,3,32,65,1,detectado
crc32,4,0.01,4,32,65,1,detectado
crc32,4,0.01,5,32,65,1,detectado
crc32,4,0.01,6,32,65,0,exito
crc32,4,0.01,7,32,65,1,detectado
crc32,4,0.01,8,32,65,0,exito
crc32,4,0.01,9,32,65,0,exito
crc32,4,0.01,10,32,65,1,detectado
crc32,4,0.01,11,32,65,1,detectado
crc32,4,0.01,12,32,65,0,exito
crc32,4,0.01,13,32,65,0,exito
crc32,4,0.01,14,32,65,0,exito
crc32,4,0.01,15,32,65,1,detectado
crc32,4,0.01,16,32,65,0,exito
crc32,4,0.01,17,32,65,1,detectado
crc32,4,0.01,18,32,65,0,exito
crc32,4,0.01,19,32,65,2,detectado
crc32,4,0.01,20,32,65,1,detectado
crc32,4,0.01,21,32,65,1,detectado
crc32,4,0.01,22,32,65,1,detectado
crc32,4,0.01,23,32,65,0,exito
crc32,4,0.01,24,32,65,0,exito
crc32,4,0.01,25,32,65,0,exito
crc32,4,0.01,26,32,65,1,detectado
crc32,4,0.01,27,32,65,1,detectado
crc32,4,0.01,28,32,65,0,exito
crc32,4,0.01,29,32,65,0,exito
crc32,4,0.01,30,32,65,0,exito
crc32,4,0.01,31,32,65,0,exito
crc32,4,0.01,32,32,65,1,detectado
crc32,4,0.01,33,32,65,0,exito
crc32,4,0.01,34,32,65,1,detectado
crc32,4,0.01,35,32,65,0,exito
crc32,4,0.01,36,32,65,1,detectado
crc32,4,0.01,37,32,65,0,exito
crc32,4,0.01,38,32,65,1,detectado
crc32,4,0.01,39,32,65,1,detectado
crc32,4,0.01,40,32,65,0,exito
crc32,4,0.01,41,32,65,0,exito
crc32,4,0.01,42,32,65,1,detectado
crc32,4,0.01,43,32,65,0,exito
crc32,4,0.01,44,32,65,1,detectado
crc32,4,0.01,45,32,65,5,detectado
crc32,4,0.01,46,32,65,0,exito
crc32,4,0.01,47,32,65,0,exito
crc32,4,0.01,48,32,65,1,detectado
crc32,4,0.01,49,32,65,1,detectado
crc32,4,0.01,50,32,65,0,exito
crc32,4,0.01,51,32,65,0,exito
crc32,4,0.01,52,32,65,0,exito
crc32,4,0.01,53,32,65,0,exito
crc32,4,0.01,54,32,65,0,exito
crc32,4,0.01,55,32,65,0,exito
crc32,4,0.01,56,32,65,1,detectado
crc32,4,0.01,57,32,65,1,detectado
crc32,4,0.01,58,32,65,1,detectado
crc32,4,0.01,59,32,65,0,exito
crc32,4,0.01,60,32,65,0,exito
crc32,4,0.01,61,32,65,0,exito
crc32,4,0.01,62,32,65,0,exito
crc32,4,0.01,63,32,65,0,exito
crc32,4,0.01,64,32,65,0,exito
crc32,4,0.01,65,32,65,2,detectado
crc32,4,0.01,66,32,65,0,exito
crc32,4,0.01,67,32,65,1,detectado
crc32,4,0.01,68,32,65,2,detectado
crc32,4,0.01,69,32,65,2,detectado
crc32,4,0.01,70,32,65,0,exito
crc32,4,0.01,71,32,65,1,detectado
crc32,4,0.01,72,32,65,0,exito
crc32,4,0.01,73,32,65,1,detectado
crc32,4,0.01,74,32,65,0,exito
crc32,4,0.01,75,32,65,1,detectado
crc32,4,0.01,76,32,65,0,exito
crc32,4,0.01,77,32,65,1,detectado
crc32,4,0.01,78,32,65,1,detectado
crc32,4,0.01,79,32,65,0,exito
crc32,4,0.01,80,32,65,0,exito
crc32,4,0.01,81,32,65,1,detectado
crc32,4,0.01,82,32,65,0,exito
crc32,4,0.01,83,32,65,0,exito
crc32,4,0.01,84,32,65,2,detectado
crc32,4,0.01,85,32,65,0,exito
crc32,4,0.01,86,32,65,1,detectado
crc32,4,0.01,87,32,65,0,exito
crc32,4,0.01,88,32,65,0,exito
crc32,4,0.01,89,32,65,0,exito
crc32,4,0.01,90,32,65,0,exito
crc32,4,0.01,91,32,65,0,exito
crc32,4,0.01,92,32,65,0,exito
crc32,4,0.01,93,32,65,1,detectado
crc32,4,0.01,94,32,65,0,exito
crc32,4,0.01,95,32,65,0,exito
crc32,4,0.01,96,32,65,1,detectado
crc32,4,0.01,97,32,65,0,exito
crc32,4,0.01,98,32,65,0,exito
crc32,4,0.01,99,32,65,0,exito
crc32,4,0.01,100,32,65,0,exito
crc32,4,0.01,101,32,65,1,detectado
crc32,4,0.01,102,32,65,1,detectado
crc32,4,0.01,103,32,65,0,exito
crc32,4,0.01,104,32,65,0,exito
crc32,4,0.01,105,32,65,1,detectado
crc32,4,0.01,106,32,65,1,detectado
crc32,4,0.01,107,32,65,1,detectado
crc32,4,0.01,108,32,65,1,detectado
crc32,4,0.01,109,32,65,0,exito
crc32,4,0.01,110,32,65,0,exito
crc32,4,0.01,111,32,65,1,detectado
crc32,4,0.01,112,32,65,0,exito
crc32,4,0.01,113,32,65,0,exito
crc32,4,0.01,114,32,65,0,exito
crc32,4,0.01,115,32,65,0,exito
crc32,4,0.01,116,32,65,1,detectado
crc32,4,0.01,117,32,65,0,exito
crc32,4,0.01,118,32,65,1,detectado
crc32,4,0.01,119,32,65,0,exito
crc32,4,0.01,120,32,65,3,detectado
crc32,4,0.01,121,32,65,0,exito
crc32,4,0.01,122,32,65,2,detectado
crc32,4,0.01,123,32,65,1,detectado
crc32,4,0.01,124,32,65,0,exito
crc32,4,0.01,125,32,65,2,detectado
crc32,4,0.01,126,32,65,0,exito
crc32,4,0.01,127,32,65,2,detectado
crc32,4,0.01,128,32,65,2,detectado
crc32,4,0.01,129,32,65,1,detectado
crc32,4,0.01,130,32,65,0,exito
crc32,4,0.01,131,32,65,0,exito
crc32,4,0.01,132,32,65,0,exito
crc32,4,0.01,133,32,65,0,exito
crc32,4,0.01,134,32,65,0,exito
crc32,4,0.01,135,32,65,2,detectado
crc32,4,0.01,136,32,65,0,exito
crc32,4,0.01,137,32,65,0,exito
crc32,4,0.01,138,32,65,0,exito
crc32,4,0.01,139,32,65,4,detectado
crc32,4,0.01,140,32,65,0,exito
crc32,4,0.01,141,32,65,5,detectado
crc32,4,0.01,142,32,65,0,exito
crc32,4,0.01,143,32,65,0,exito
crc32,4,0.01,144,32,65,2,detectado
crc32,4,0.01,145,32,65,2,detectado
crc32,4,0.01,146,32,65,0,exito
crc32,4,0.01,147,32,65,0,exito
crc32,4,0.01,148,32,65,0,exito
crc32,4,0.01,149,32,65,1,detectado
crc32,4,0.01,150,32,65,0,exito
crc32,4,0.01,151,32,65,0,exito
crc32,4,0.01,152,32,65,1,detectado
crc32,4,0.01,153,32,65,1,detectado
crc32,4,0.01,154,32,65,2,detectado
crc32,4,0.01,155,32,65,3,detectado
crc32,4,0.01,156,32,65,0,exito
crc32,4,0.01,157,32,65,1,detectado
crc32,4,0.01,158,32,65,0,exito
crc32,4,0.01,159,32,65,0,exito
crc32,4,0.01,160,32,65,2,detectado
crc32,4,0.01,161,32,65,0,exito
crc32,4,0.01,162,32,65,1,detectado
crc32,4,0.01,163,32,65,0,exito
crc32,4,0.01,164,32,65,0,exito
crc32,4,0.01,165,32,65,1,detectado
crc32,4,0.01,166,32,65,0,exito
crc32,4,0.01,167,32,65,0,exito
crc32,4,0.01,168,32,65,1,detectado
crc32,4,0.01,169,32,65,0,exito
crc32,4,0.01,170,32,65,0,exito
crc32,4,0.01,171,32,65,0,exito
crc32,4,0.01,172,32,65,1,detectado
crc32,4,0.01,173,32,65,2,detectado
crc32,4,0.01,174,32,65,1,detectado
crc32,4,0.01,175,32,65,0,exito
crc32,4,0.01,176,32,65,1,detectado
crc32,4,0.01,177,32,65,1,detectado
crc32,4,0.01,178,32,65,1,detectado
crc32,4,0.01,179,32,65,1,detectado
crc32,4,0.01,180,32,65,0,exito
crc32,4,0.01,181,32,65,3,detectado
crc32,4,0.01,182,32,65,2,detectado
crc32,4,0.01,183,32,65,0,exito
crc32,4,0.01,184,32,65,0,exito
crc32,4,0.01,185,32,65,1,detectado
crc32,4,0.01,186,32,65,0,exito
crc32,4,0.01,187,32,65,1,detectado
crc32,4,0.01,188,32,65,1,detectado
crc32,4,0.01,189,32,65,0,exito
crc32,4,0.01,190,32,65,0,exito
crc32,4,0.01,191,32,65,1,detectado
crc32,4,0.01,192,32,65,1,detectado
crc32,4,0.01,193,32,65,2,detectado
crc32,4,0.01,194,32,65,0,exito
crc32,4,0.01,195,32,65,0,exito
crc32,4,0.01,196,32,65,1,detectado
crc32,4,0.01,197,32,65,2,detectado
crc32,4,0.01,198,32,65,1,detectado
crc32,4,0.01,199,32,65,0,exito
crc32,4,0.02,0,32,65,2,detectado
crc32,4,0.02,1,32,65,1,detectado
crc32,4,0.02,2,32,65,2,detectado
crc32,4,0.02,3,32,65,1,detectado
crc32,4,0.02,4,32,65,1,detectado
crc32,4,0.02,5,32,65,2,detectado
crc32,4,0.02,6,32,65,2,detectado
crc32,4,0.02,7,32,65,3,detectado
crc32,4,0.02,8,32,65,2,detectado
crc32,4,0.02,9,32,65,1,detectado
crc32,4,0.02,10,32,65,2,detectado
crc32,4,0.02,11,32,65,4,detectado
crc32,4,0.02,12,32,65,2,detectado
crc32,4,0.02,13,32,65,0,exito
crc32,4,0.02,14,32,65,0,exito
crc32,4,0.02,15,32,65,3,detectado
crc32,4,0.02,16,32,65,2,detectado
crc32,4,0.02,17,32,65,0,exito
crc32,4,0.02,18,32,65,2,detectado
crc32,4,0.02,19,32,65,0,exito
crc32,4,0.02,20,32,65,0,exito
crc32,4,0.02,21,32,65,1,detectado
crc32,4,0.02,22,32,65,1,detectado
crc32,4,0.02,23,32,65,0,exito
crc32,4,0.02,24,32,65,4,detectado
crc32,4,0.02,25,32,65,1,detectado
crc32,4,0.02,26,32,65,1,detectado
crc32,4,0.02,27,32,65,0,exito
crc32,4,0.02,28,32,65,0,exito
crc32,4,0.02,29,32,65,0,exito
crc32,4,0.02,30,32,65,2,detectado
crc32,4,0.02,31,32,65,1,detectado
crc32,4,0.02,32,32,65,0,exito
crc32,4,0.02,33,32,65,2,detectado
crc32,4,0.02,34,32,65,3,detectado
crc32,4,0.02,35,32,65,2,detectado
crc32,4,0.02,36,32,65,2,detectado
crc32,4,0.02,37,32,65,2,detectado
crc32,4,0.02,38,32,65,1,detectado
crc32,4,0.02,39,32,65,1,detectado
crc32,4,0.02,40,32,65,2,detectado
crc32,4,0.02,41,32,65,0,exito
crc32,4,0.02,42,32,65,2,detectado
crc32,4,0.02,43,32,65,5,detectado
crc32,4,0.02,44,32,65,0,exito
crc32,4,0.02,45,32,65,2,detectado
crc32,4,0.02,46,32,65,1,detectado
crc32,4,0.02,47,32,65,1,detectado
crc32,4,0.02,48,32,65,2,detectado
crc32,4,0.02,49,32,65,2,detectado
crc32,4,0.02,50,32,65,0,exito
crc32,4,0.02,51,32,65,0,exito
crc32,4,0.02,52,32,65,1,detectado
crc32,4,0.02,53,32,65,1,detectado
crc32,4,0.02,54,32,65,1,detectado
crc32,4,0.02,55,32,65,0,exito
crc32,4,0.02,56,32,65,1,detectado
crc32,4,0.02,57,32,65,1,detectado
crc32,4,0.02,58,32,65,0,exito
crc32,4,0.02,59,32,65,2,detectado
crc32,4,0.02,60,32,65,3,detectado
crc32,4,0.02,61,32,65,2,detectado
crc32,4,0.02,62,32,65,0,exito
crc32,4,0.02,63,32,65,0,exito
crc32,4,0.02,64,32,65,0,exito
crc32,4,0.02,65,32,65,1,detectado
crc32,4,0.02,66,32,65,1,detectado
crc32,4,0.02,67,32,65,2,detectado
crc32,4,0.02,68,32,65,0,exito
crc32,4,0.02,69,32,65,4,detectado
crc32,4,0.02,70,32,65,3,detectado
crc32,4,0.02,71,32,65,1,detectado
crc32,4,0.02,72,32,65,1,detectado
crc32,4,0.02,73,32,65,1,detectado
crc32,4,0.02,74,32,65,2,detectado
crc32,4,0.02,75,32,65,3,detectado
crc32,4,0.02,76,32,65,1,detectado
crc32,4,0.02,77,32,65,2,detectado
crc32,4,0.02,78,32,65,3,detectado
crc32,4,0.02,79,32,65,1,detectado
crc32,4,0.02,80,32,65,1,detectado
crc32,4,0.02,81,32,65,3,detectado
crc32,4,0.02,82,32,65,2,detectado
crc32,4,0.02,83,32,65,0,exito
crc32,4,0.02,84,32,65,1,detectado
crc32,4,0.02,85,32,65,2,detectado
crc32,4,0.02,86,32,65,2,detectado
crc32,4,0.02,87,32,65,1,detectado
crc32,4,0.02,88,32,65,0,exito
crc32,4,0.02,89,32,65,4,detectado
crc32,4,0.02,90,32,65,2,detectado
crc32,4,0.02,91,32,65,0,exito
crc32,4,0.02,92,32,65,3,detectado
crc32,4,0.02,93,32,65,2,detectado
crc32,4,0.02,94,32,65,0,exito
crc32,4,0.02,95,32,65,0,exito
crc32,4,0.02,96,32,65,1,detectado
crc32,4,0.02,97,32,65,0,exito
crc32,4,0.02,98,32,65,1,detectado
crc32,4,0.02,99,32,65,2,detectado
crc32,4,0.02,100,32,65,2,detectado
crc32,4,0.02,101,32,65,2,detectado
crc32,4,0.02,102,32,65,3,detectado
crc32,4,0.02,103,32,65,0,exito
crc32,4,0.02,104,32,65,0,exito
crc32,4,0.02,105,32,65,1,detectado
crc32,4,0.02,106,32,65,0,exito
crc32,4,0.02,107,32,65,3,detectado
crc32,4,0.02,108,32,65,1,detectado
crc32,4,0.02,109,32,65,0,exito
crc32,4,0.02,110,32,65,1,detectado
crc32,4,0.02,111,32,65,2,detectado
crc32,4,0.02,112,32,65,1,detectado
crc32,4,0.02,113,32,65,3,detectado
crc32,4,0.02,114,32,65,2,detectado
crc32,4,0.02,115,32,65,2,detectado
crc32,4,0.02,116,32,65,3,detectado
crc32,4,0.02,117,32,65,1,detectado
crc32,4,0.02,118,32,65,1,detectado
crc32,4,0.02,119,32,65,1,detectado
crc32,4,0.02,120,32,65,1,detectado
crc32,4,0.02,121,32,65,4,detectado
crc32,4,0.02,122,32,65,0,exito
crc32,4,0.02,123,32,65,2,detectado
crc32,4,0.02,124,32,65,1,detectado
crc32,4,0.02,125,32,65,2,detectado
crc32,4,0.02,126,32,65,2,detectado
crc32,4,0.02,127,32,65,1,detectado
crc32,4,0.02,128,32,65,1,detectado
crc32,4,0.02,129,32,65,3,detectado
crc32,4,0.02,130,32,65,3,detectado
crc32,4,0.02,131,32,65,3,detectado
crc32,4,0.02,132,32,65,0,exito
crc32,4,0.02,133,32,65,1,detectado
crc32,4,0.02,134,32,65,2,detectado
crc32,4,0.02,135,32,65,0,exito
crc32,4,0.02,136,32,65,2,detectado
crc32,4,0.02,137,32,65,1,detectado
crc32,4,0.02,138,32,65,0,exito
crc32,4,0.02,139,32,65,1,detectado
crc32,4,0.02,140,32,65,0,exito
crc32,4,0.02,141,32,65,1,detectado
crc32,4,0.02,142,32,65,0,exito
crc32,4,0.02,143,32,65,2,detectado
crc32,4,0.02,144,32,65,2,detectado
crc32,4,0.02,145,32,65,2,detectado
crc32,4,0.02,146,32,65,0,exito
crc32,4,0.02,147,32,65,2,detectado
crc32,4,0.02,148,32,65,1,detectado
crc32,4,0.02,149,32,65,1,detectado
crc32,4,0.02,150,32,65,3,detectado
crc32,4,0.02,151,32,65,0,exito
crc32,4,0.02,152,32,65,2,detectado
crc32,4,0.02,153,32,65,1,detectado
crc32,4,0.02,154,32,65,2,detectado
crc32,4,0.02,155,32,65,0,exito
crc32,4,0.02,156,32,65,2,detectado
crc32,4,0.02,157,32,65,0,exito
crc32,4,0.02,158,32,65,1,detectado
crc32,4,0.02,159,32,65,1,detectado
crc32,4,0.02,160,32,65,2,detectado
crc32,4,0.02,161,32,65,5,detectado
crc32,4,0.02,162,32,65,0,exito
crc32,4,0.02,163,32,65,2,detectado
crc32,4,0.02,164,32,65,1,detectado
crc32,4,0.02,165,32,65,0,exito
crc32,4,0.02,166,32,65,0,exito
crc32,4,0.02,167,32,65,0,exito
crc32,4,0.02,168,32,65,2,detectado
crc32,4,0.02,169,32,65,2,detectado
crc32,4,0.02,170,32,65,3,detectado
crc32,4,0.02,171,32,65,0,exito
crc32,4,0.02,172,32,65,1,detectado
crc32,4,0.02,173,32,65,0,exito
crc32,4,0.02,174,32,65,1,detectado
crc32,4,0.02,175,32,65,1,detectado
crc32,4,0.02,176,32,65,1,detectado
crc32,4,0.02,177,32,65,1,detectado
crc32,4,0.02,178,32,65,4,detectado
crc32,4,0.02,179,32,65,1,detectado
crc32,4,0.02,180,32,65,0,exito
crc32,4,0.02,181,32,65,0,exito
crc32,4,0.02,182,32,65,0,exito
crc32,4,0.02,183,32,65,2,detectado
crc32,4,0.02,184,32,65,2,detectado
crc32,4,0.02,185,32,65,1,detectado
crc32,4,0.02,186,32,65,3,detectado
crc32,4,0.02,187,32,65,2,detectado
crc32,4,0.02,188,32,65,0,exito
crc32,4,0.02,189,32,65,3,detectado
crc32,4,0.02,190,32,65,1,detectado
crc32,4,0.02,191,32,65,3,detectado
crc32,4,0.02,192,32,65,1,detectado
crc32,4,0.02,193,32,65,1,detectado
crc32,4,0.02,194,32,65,1,detectado
crc32,4,0.02,195,32,65,0,exito
crc32,4,0.02,196,32,65,1,detectado
crc32,4,0.02,197,32,65,1,detectado
crc32,4,0.02,198,32,65,1,detectado
crc32,4,0.02,199,32,65,0,exito
crc32,4,0.05,0,32,65,4,detectado
crc32,4,0.05,1,32,65,6,detectado
crc32,4,0.05,2,32,65,5,detectado
crc32,4,0.05,3,32,65,0,exito
crc32,4,0.05,4,32,65,0,exito
crc32,4,0.05,5,32,65,3,detectado
crc32,4,0.05,6,32,65,1,detectado
crc32,4,0.05,7,32,65,5,detectado
crc32,4,0.05,8,32,65,7,detectado
crc32,4,0.05,9,32,65,1,detectado
crc32,4,0.05,10,32,65,3,detectado
crc32,4,0.05,11,32,65,6,detectado
crc32,4,0.05,12,32,65,4,detectado
crc32,4,0.05,13,32,65,2,detectado
crc32,4,0.05,14,32,65,5,detectado
crc32,4,0.05,15,32,65,1,detectado
crc32,4,0.05,16,32,65,5,detectado
crc32,4,0.05,17,32,65,3,detectado
crc32,4,0.05,18,32,65,7,detectado
crc32,4,0.05,19,32,65,5,detectado
crc32,4,0.05,20,32,65,3,detectado
crc32,4,0.05,21,32,65,4,detectado
crc32,4,0.05,22,32,65,6,detectado
crc32,4,0.05,23,32,65,4,detectado
crc32,4,0.05,24,32,65,4,detectado
crc32,4,0.05,25,32,65,2,detectado
crc32,4,0.05,26,32,65,2,detectado
crc32,4,0.05,27,32,65,3,detectado
crc32,4,0.05,28,32,65,7,detectado
crc32,4,0.05,29,32,65,3,detectado
crc32,4,0.05,30,32,65,3,detectado
crc32,4,0.05,31,32,65,4,detectado
crc32,4,0.05,32,32,65,3,detectado
crc32,4,0.05,33,32,65,3,detectado
crc32,4,0.05,34,32,65,4,detectado
crc32,4,0.05,35,32,65,2,detectado
crc32,4,0.05,36,32,65,1,detectado
crc32,4,0.05,37,32,65,8,detectado
crc32,4,0.05,38,32,65,3,detectado
crc32,4,0.05,39,32,65,6,detectado
crc32,4,0.05,40,32,65,3,detectado
crc32,4,0.05,41,32,65,8,detectado
crc32,4,0.05,42,32,65,4,detectado
crc32,4,0.05,43,32,65,3,detectado
crc32,4,0.05,44,32,65,1,detectado
crc32,4,0.05,45,32,65,6,detectado
crc32,4,0.05,46,32,65,2,detectado
crc32,4,0.05,47,32,65,2,detectado
crc32,4,0.05,48,32,65,4,detectado
crc32,4,0.05,49,32,65,3,detectado
crc32,4,0.05,50,32,65,1,detectado
crc32,4,0.05,51,32,65,3,detectado
crc32,4,0.05,52,32,65,1,detectado
crc32,4,0.05,53,32,65,4,detectado
crc32,4,0.05,54,32,65,5,detectado
crc32,4,0.05,55,32,65,1,detectado
crc32,4,0.05,56,32,65,4,detectado
crc32,4,0.05,57,32,65,1,detectado
crc32,4,0.05,58,32,65,3,detectado
crc32,4,0.05,59,32,65,3,detectado
crc32,4,0.05,60,32,65,3,detectado
crc32,4,0.05,61,32,65,3,detectado
crc32,4,0.05,62,32,65,2,detectado
crc32,4,0.05,63,32,65,2,detectado
crc32,4,0.05,64,32,65,5,detectado
crc32,4,0.05,65,32,65,3,detectado
crc32,4,0.05,66,32,65,3,detectado
crc32,4,0.05,67,32,65,3,detectado
crc32,4,0.05,68,32,65,3,detectado
crc32,4,0.05,69,32,65,5,detectado
crc32,4,0.05,70,32,65,1,detectado
crc32,4,0.05,71,32,65,3,detectado
crc32,4,0.05,72,32,65,1,detectado
crc32,4,0.05,73,32,65,1,detectado
crc32,4,0.05,74,32,65,4,detectado
crc32,4,0.05,75,32,65,3,detectado
crc32,4,0.05,76,32,65,4,detectado
crc32,4,0.05,77,32,65,3,detectado
crc32,4,0.05,78,32,65,4,detectado
crc32,4,0.05,79,32,65,6,detectado
crc32,4,0.05,80,32,65,2,detectado
crc32,4,0.05,81,32,65,2,detectado
crc32,4,0.05,82,32,65,3,detectado
crc32,4,0.05,83,32,65,1,detectado
crc32,4,0.05,84,32,65,2,detectado
crc32,4,0.05,85,32,65,1,detectado
crc32,4,0.05,86,32,65,5,detectado
crc32,4,0.05,87,32,65,1,detectado
crc32,4,0.05,88,32,65,5,detectado
crc32,4,0.05,89,32,65,2,detectado
crc32,4,0.05,90,32,65,1,detectado
crc32,4,0.05,91,32,65,4,detectado
crc32,4,0.05,92,32,65,6,detectado
crc32,4,0.05,93,32,65,2,detectado
crc32,4,0.05,94,32,65,2,detectado
crc32,4,0.05,95,32,65,5,detectado
crc32,4,0.05,96,32,65,3,detectado
crc32,4,0.05,97,32,65,2,detectado
crc32,4,0.05,98,32,65,2,detectado
crc32,4,0.05,99,32,65,3,detectado
crc32,4,0.05,100,32,65,3,detectado
crc32,4,0.05,101,32,65,5,detectado
crc32,4,0.05,102,32,65,6,detectado
crc32,4,0.05,103,32,65,5,detectado
crc32,4,0.05,104,32,65,5,detectado
crc32,4,0.05,105,32,65,3,detectado
crc32,4,0.05,106,32,65,0,exito
crc32,4,0.05,107,32,65,2,detectado
crc32,4,0.05,108,32,65,2,detectado
crc32,4,0.05,109,32,65,3,detectado
crc32,4,0.05,110,32,65,7,detectado
crc32,4,0.05,111,32,65,6,detectado
crc32,4,0.05,112,32,65,5,detectado
crc32,4,0.05,113,32,65,5,detectado
crc32,4,0.05,114,32,65,3,detectado
crc32,4,0.05,115,32,65,3,detectado
crc32,4,0.05,116,32,65,5,detectado
crc32,4,0.05,117,32,65,1,detectado
crc32,4,0.05,118,32,65,3,detectado
crc32,4,0.05,119,32,65,3,detectado
crc32,4,0.05,120,32,65,1,detectado
crc32,4,0.05,121,32,65,2,detectado
crc32,4,0.05,122,32,65,7,detectado
crc32,4,0.05,123,32,65,5,detectado
crc32,4,0.05,124,32,65,3,detectado
crc32,4,0.05,125,32,65,3,detectado
crc32,4,0.05,126,32,65,3,detectado
crc32,4,0.05,127,32,65,4,detectado
crc32,4,0.05,128,32,65,5,detectado
crc32,4,0.05,129,32,65,1,detectado
crc32,4,0.05,130,32,65,1,detectado
crc32,4,0.05,131,32,65,1,detectado
crc32,4,0.05,132,32,65,4,detectado
crc32,4,0.05,133,32,65,7,detectado
crc32,4,0.05,134,32,65,3,detectado
crc32,4,0.05,135,32,65,5,detectado
crc32,4,0.05,136,32,65,1,detectado
crc32,4,0.05,137,32,65,7,detectado
crc32,4,0.05,138,32,65,7,detectado
crc32,4,0.05,139,32,65,5,detectado
crc32,4,0.05,140,32,65,2,detectado
crc32,4,0.05,141,32,65,8,detectado
crc32,4,0.05,142,32,65,3,detectado
crc32,4,0.05,143,32,65,1,detectado
crc32,4,0.05,144,32,65,2,detectado
crc32,4,0.05,145,32,65,4,detectado
crc32,4,0.05,146,32,65,2,detectado
crc32,4,0.05,147,32,65,6,detectado
crc32,4,0.05,148,32,65,3,detectado
crc32,4,0.05,149,32,65,5,detectado
crc32,4,0.05,150,32,65,4,detectado
crc32,4,0.05,151,32,65,6,detectado
crc32,4,0.05,152,32,65,2,detectado
crc32,4,0.05,153,32,65,1,detectado
crc32,4,0.05,154,32,65,1,detectado
crc32,4,0.05,155,32,65,5,detectado
crc32,4,0.05,156,32,65,4,detectado
crc32,4,0.05,157,32,65,3,detectado
crc32,4,0.05,158,32,65,7,detectado
crc32,4,0.05,159,32,65,1,detectado
crc32,4,0.05,160,32,65,2,detectado
crc32,4,0.05,161,32,65,5,detectado
crc32,4,0.05,162,32,65,1,detectado
crc32,4,0.05,163,32,65,2,detectado
crc32,4,0.05,164,32,65,2,detectado
crc32,4,0.05,165,32,65,7,detectado
crc32,4,0.05,166,32,65,4,detectado
crc32,4,0.05,167,32,65,3,detectado
crc32,4,0.05,168,32,65,3,detectado
crc32,4,0.05,169,32,65,1,detectado
crc32,4,0.05,170,32,65,4,detectado
crc32,4,0.05,171,32,65,2,detectado
crc32,4,0.05,172,32,65,4,detectado
crc32,4,0.05,173,32,65,4,detectado
crc32,4,0.05,174,32,65,2,detectado
crc32,4,0.05,175,32,65,2,detectado
crc32,4,0.05,176,32,65,2,detectado
crc32,4,0.05,177,32,65,4,detectado
crc32,4,0.05,178,32,65,2,detectado
crc32,4,0.05,179,32,65,2,detectado
crc32,4,0.05,180,32,65,2,detectado
crc32,4,0.05,181,32,65,4,detectado
crc32,4,0.05,182,32,65,4,detectado
crc32,4,0.05,183,32,65,2,detectado
crc32,4,0.05,184,32,65,2,detectado
crc32,4,0.05,185,32,65,3,detectado
crc32,4,0.05,186,32,65,4,detectado
crc32,4,0.05,187,32,65,1,detectado
crc32,4,0.05,188,32,65,6,detectado
crc32,4,0.05,189,32,65,4,detectado
crc32,4,0.05,190,32,65,2,detectado
crc32,4,0.05,191,32,65,3,detectado
crc32,4,0.05,192,32,65,4,detectado
crc32,4,0.05,193,32,65,7,detectado
crc32,4,0.05,194,32,65,4,detectado
crc32,4,0.05,195,32,65,2,detectado
crc32,4,0.05,196,32,65,7,detectado
crc32,4,0.05,197,32,65,5,detectado
crc32,4,0.05,198,32,65,5,detectado
crc32,4,0.05,199,32,65,2,detectado
crc32,4,0.1,0,32,65,7,detectado
crc32,4,0.1,1,32,65,10,detectado
crc32,4,0.1,2,32,65,4,detectado
crc32,4,0.1,3,32,65,8,detectado
crc32,4,0.1,4,32,65,9,detectado
crc32,4,0.1,5,32,65,9,detectado
crc32,4,0.1,6,32,65,5,detectado
crc32,4,0.1,7,32,65,5,detectado
crc32,4,0.1,8,32,65,8,detectado
crc32,4,0.1,9,32,65,6,detectado
crc32,4,0.1,10,32,65,10,detectado
crc32,4,0.1,11,32,65,6,detectado
crc32,4,0.1,12,32,65,6,detectado
crc32,4,0.1,13,32,65,10,detectado
crc32,4,0.1,14,32,65,4,detectado
crc32,4,0.1,15,32,65,10,detectado
crc32,4,0.1,16,32,65,7,detectado
crc32,4,0.1,17,32,65,5,detectado
crc32,4,0.1,18,32,65,6,detectado
crc32,4,0.1,19,32,65,9,detectado
crc32,4,0.1,20,32,65,6,detectado
crc32,4,0.1,21,32,65,6,detectado
crc32,4,0.1,22,32,65,3,detectado
crc32,4,0.1,23,32,65,2,detectado
crc32,4,0.1,24,32,65,5,detectado
crc32,4,0.1,25,32,65,6,detectado
crc32,4,0.1,26,32,65,2,detectado
crc32,4,0.1,27,32,65,6,detectado
crc32,4,0.1,28,32,65,5,detectado
crc32,4,0.1,29,32,65,5,detectado
crc32,4,0.1,30,32,65,4,detectado
crc32,4,0.1,31,32,65,4,detectado
crc32,4,0.1,32,32,65,4,detectado
crc32,4,0.1,33,32,65,9,detectado
crc32,4,0.1,34,32,65,6,detectado
crc32,4,0.1,35,32,65,6,detectado
crc32,4,0.1,36,32,65,5,detectado
crc32,4,0.1,37,32,65,12,detectado
crc32,4,0.1,38,32,65,5,detectado
crc32,4,0.1,39,32,65,12,detectado
crc32,4,0.1,40,32,65,7,detectado
crc32,4,0.1,41,32,65,8,detectado
crc32,4,0.1,42,32,65,6,detectado
crc32,4,0.1,43,32,65,9,detectado
crc32,4,0.1,44,32,65,4,detectado
crc32,4,0.1,45,32,65,9,detectado
crc32,4,0.1,46,32,65,5,detectado
crc32,4,0.1,47,32,65,8,detectado
crc32,4,0.1,48,32,65,9,detectado
crc32,4,0.1,49,32,65,6,detectado
crc32,4,0.1,50,32,65,5,detectado
crc32,4,0.1,51,32,65,7,detectado
crc32,4,0.1,52,32,65,5,detectado
crc32,4,0.1,53,32,65,5,detectado
crc32,4,0.1,54,32,65,9,detectado
crc32,4,0.1,55,32,65,10,detectado
crc32,4,0.1,56,32,65,5,detectado
crc32,4,0.1,57,32,65,4,detectado
crc32,4,0.1,58,32,65,3,detectado
crc32,4,0.1,59,32,65,7,detectado
crc32,4,0.1,60,32,65,5,detectado
crc32,4,0.1,61,32,65,6,detectado
crc32,4,0.1,62,32,65,5,detectado
crc32,4,0.1,63,32,65,14,detectado
crc32,4,0.1,64,32,65,6,detectado
crc32,4,0.1,65,32,65,3,detectado
crc32,4,0.1,66,32,65,6,detectado
crc32,4,0.1,67,32,65,10,detectado
crc32,4,0.1,68,32,65,5,detectado
crc32,4,0.1,69,32,65,8,detectado
crc32,4,0.1,70,32,65,9,detectado
crc32,4,0.1,71,32,65,3,detectado
crc32,4,0.1,72,32,65,6,detectado
crc32,4,0.1,73,32,65,4,detectado
crc32,4,0.1,74,32,65,7,detectado
crc32,4,0.1,75,32,65,7,detectado
crc32,4,0.1,76,32,65,7,detectado
crc32,4,0.1,77,32,65,6,detectado
crc32,4,0.1,78,32,65,11,detectado
crc32,4,0.1,79,32,65,10,detectado
crc32,4,0.1,80,32,65,6,detectado
crc32,4,0.1,81,32,65,2,detectado
crc32,4,0.1,82,32,65,5,detectado
crc32,4,0.1,83,32,65,6,detectado
crc32,4,0.1,84,32,65,11,detectado
crc32,4,0.1,85,32,65,6,detectado
crc32,4,0.1,86,32,65,6,detectado
crc32,4,0.1,87,32,65,10,detectado
crc32,4,0.1,88,32,65,4,detectado
crc32,4,0.1,89,32,65,4,detectado
crc32,4,0.1,90,32,65,11,detectado
crc32,4,0.1,91,32,65,5,detectado
crc32,4,0.1,92,32,65,7,detectado
crc32,4,0.1,93,32,65,5,detectado
crc32,4,0.1,94,32,65,6,detectado
crc32,4,0.1,95,32,65,6,detectado
crc32,4,0.1,96,32,65,4,detectado
crc32,4,0.1,97,32,65,8,detectado
crc32,4,0.1,98,32,65,10,detectado
crc32,4,0.1,99,32,65,6,detectado
crc32,4,0.1,100,32,65,4,detectado
crc32,4,0.1,101,32,65,9,detectado
crc32,4,0.1,102,32,65,8,detectado
crc32,4,0.1,103,32,65,7,detectado
crc32,4,0.1,104,32,65,7,detectado
crc32,4,0.1,105,32,65,2,detectado
crc32,4,0.1,106,32,65,9,detectado
crc32,4,0.1,107,32,65,3,detectado
crc32,4,0.1,108,32,65,6,detectado
crc32,4,0.1,109,32,65,12,detectado
crc32,4,0.1,110,32,65,5,detectado
crc32,4,0.1,111,32,65,7,detectado
crc32,4,0.1,112,32,65,8,detectado
crc32,4,0.1,113,32,65,10,detectado
crc32,4,0.1,114,32,65,4,detectado
crc32,4,0.1,115,32,65,7,detectado
crc32,4,0.1,116,32,65,6,detectado
crc32,4,0.1,117,32,65,6,detectado
crc32,4,0.1,118,32,65,9,detectado
crc32,4,0.1,119,32,65,6,detectado
crc32,4,0.1,120,32,65,7,detectado
crc32,4,0.1,121,32,65,4,detectado
crc32,4,0.1,122,32,65,3,detectado
crc32,4,0.1,123,32,65,7,detectado
crc32,4,0.1,124,32,65,11,detectado
crc32,4,0.1,125,32,65,8,detectado
crc32,4,0.1,126,32,65,6,detectado
crc32,4,0.1,127,32,65,7,detectado
crc32,4,0.1,128,32,65,4,detectado
crc32,4,0.1,129,32,65,7,detectado
crc32,4,0.1,130,32,65,8,detectado
crc32,4,0.1,131,32,65,5,detectado
crc32,4,0.1,132,32,65,5,detectado
crc32,4,0.1,133,32,65,8,detectado
crc32,4,0.1,134,32,65,10,detectado
crc32,4,0.1,135,32,65,4,detectado
crc32,4,0.1,136,32,65,9,detectado
crc32,4,0.1,137,32,65,4,detectado
crc32,4,0.1,138,32,65,7,detectado
crc32,4,0.1,139,32,65,10,detectado
crc32,4,0.1,140,32,65,9,detectado
crc32,4,0.1,141,32,65,7,detectado
crc32,4,0.1,142,32,65,5,detectado
crc32,4,0.1,143,32,65,6,detectado
crc32,4,0.1,144,32,65,4,detectado
crc32,4,0.1,145,32,65,11,detectado
crc32,4,0.1,146,32,65,6,detectado
crc32,4,0.1,147,32,65,9,detectado
crc32,4,0.1,148,32,65,4,detectado
crc32,4,0.1,149,32,65,5,detectado
crc32,4,0.1,150,32,65,5,detectado
crc32,4,0.1,151,32,65,5,detectado
crc32,4,0.1,152,32,65,9,detectado
crc32,4,0.1,153,32,65,5,detectado
crc32,4,0.1,154,32,65,9,detectado
crc32,4,0.1,155,32,65,5,detectado
crc32,4,0.1,156,32,65,9,detectado
crc32,4,0.1,157,32,65,7,detectado
crc32,4,0.1,158,32,65,11,detectado
crc32,4,0.1,159,32,65,2,detectado
crc32,4,0.1,160,32,65,7,detectado
crc32,4,0.1,161,32,65,13,detectado
crc32,4,0.1,162,32,65,8,detectado
crc32,4,0.1,163,32,65,7,detectado
crc32,4,0.1,164,32,65,6,detectado
crc32,4,0.1,165,32,65,9,detectado
crc32,4,0.1,166,32,65,7,detectado
crc32,4,0.1,167,32,65,5,detectado
crc32,4,0.1,168,32,65,9,detectado
crc32,4,0.1,169,32,65,3,detectado
crc32,4,0.1,170,32,65,8,detectado
crc32,4,0.1,171,32,65,4,detectado
crc32,4,0.1,172,32,65,7,detectado
crc32,4,0.1,173,32,65,7,detectado
crc32,4,0.1,174,32,65,6,detectado
crc32,4,0.1,175,32,65,10,detectado
crc32,4,0.1,176,32,65,7,detectado
crc32,4,0.1,177,32,65,6,detectado
crc32,4,0.1,178,32,65,8,detectado
crc32,4,0.1,179,32,65,3,detectado
crc32,4,0.1,180,32,65,8,detectado
crc32,4,0.1,181,32,65,5,detectado
crc32,4,0.1,182,32,65,6,detectado
crc32,4,0.1,183,32,65,5,detectado
crc32,4,0.1,184,32,65,4,detectado
crc32,4,0.1,185,32,65,4,detectado
crc32,4,0.1,186,32,65,6,detectado
crc32,4,0.1,187,32,65,8,detectado
crc32,4,0.1,188,32,65,8,detectado
crc32,4,0.1,189,32,65,7,detectado
crc32,4,0.1,190,32,65,7,detectado
crc32,4,0.1,191,32,65,8,detectado
crc32,4,0.1,192,32,65,7,detectado
crc32,4,0.1,193,32,65,4,detectado
crc32,4,0.1,194,32,65,2,detectado
crc32,4,0.1,195,32,65,8,detectado
crc32,4,0.1,196,32,65,3,detectado
crc32,4,0.1,197,32,65,10,detectado
crc32,4,0.1,198,32,65,7,detectado
crc32,4,0.1,199,32,65,8,detectado
crc32,16,0.001,0,128,160,0,exito
crc32,16,0.001,1,128,160,0,exito
crc32,16,0.001,2,128,160,0,exito
crc32,16,0.001,3,128,160,0,exito
crc32,16,0.001,4,128,160,0,exito
crc32,16,0.001,5,128,160,1,detectado
crc32,16,0.001,6,128,160,0,exito
crc32,16,0.001,7,128,160,0,exito
crc32,16,0.001,8,128,160,0,exito
crc32,16,0.001,9,128,160,0,exito
crc32,16,0.001,10,128,160,0,exito
crc32,16,0.001,11,128,160,0,exito
crc32,16,0.001,12,128,160,0,exito
crc32,16,0.001,13,128,160,0,exito
crc32,16,0.001,14,128,160,1,detectado
crc32,16,0.001,15,128,160,0,exito
crc32,16,0.001,16,128,160,0,exito
crc32,16,0.001,17,128,160,0,exito
crc32,16,0.001,18,128,160,0,exito
crc32,16,0.001,19,128,160,0,exito
crc32,16,0.001,20,128,160,0,exito
crc32,16,0.001,21,128,160,0,exito
crc32,16,0.001,22,128,160,0,exito
crc32,16,0.001,23,128,160,0,exito
crc32,16,0.001,24,128,160,1,detectado
crc32,16,0.001,25,128,160,0,exito
crc32,16,0.001,26,128,160,0,exito
crc32,16,0.001,27,128,160,0,exito
crc32,16,0.001,28,128,160,0,exito
crc32,16,0.001,29,128,160,0,exito
crc32,16,0.001,30,128,160,0,exito
crc32,16,0.001,31,128,160,0,exito
crc32,16,0.001,32,128,160,0,exito
crc32,16,0.001,33,128,160,0,exito
crc32,16,0.001,34,128,160,0,exito
crc32,16,0.001,35,128,160,0,exito
crc32,16,0.001,36,128,160,0,exito
crc32,16,0.001,37,128,160,0,exito
crc32,16,0.001,38,128,160,0,exito
crc32,16,0.001,39,128,160,0,exito
crc32,16,0.001,40,128,160,0,exito
crc32,16,0.001,41,128,160,0,exito
crc32,16,0.001,42,128,160,0,exito
crc32,16,0.001,43,128,160,0,exito
crc32,16,0.001,44,128,160,0,exito
crc32,16,0.001,45,128,160,0,exito
crc32,16,0.001,46,128,160,0,exito
crc32,16,0.001,47,128,160,0,exito
crc32,16,0.001,48,128,160,0,exito
crc32,16,0.001,49,128,160,0,exito
crc32,16,0.001,50,128,160,0,exito
crc32,16,0.001,51,128,160,0,exito
crc32,16,0.001,52,128,160,0,exito
crc32,16,0.001,53,128,160,0,exito
crc32,16,0.001,54,128,160,0,exito
crc32,16,0.001,55,128,160,2,detectado
crc32,16,0.001,56,128,160,0,exito
crc32,16,0.001,57,128,160,0,exito
crc32,16,0.001,58,128,160,0,exito
crc32,16,0.001,59,128,160,0,exito
crc32,16,0.001,60,128,160,0,exito
crc32,16,0.001,61,128,160,0,exito
crc32,16,0.001,62,128,160,0,exito
crc32,16,0.001,63,128,160,0,exito
crc32,16,0.001,64,128,160,0,exito
crc32,16,0.001,65,128,160,1,detectado
crc32,16,0.001,66,128,160,1,detectado
crc32,16,0.001,67,128,160,0,exito
crc32,16,0.001,68,128,160,0,exito
crc32,16,0.001,69,128,160,0,exito
crc32,16,0.001,70,128,160,0,exito
crc32,16,0.001,71,128,160,1,detectado
crc32,16,0.001,72,128,160,0,exito
crc32,16,0.001,73,128,160,1,detectado
crc32,16,0.001,74,128,160,0,exito
crc32,16,0.001,75,128,160,0,exito
crc32,16,0.001,76,128,160,1,detectado
crc32,16,0.001,77,128,160,0,exito
crc32,16,0.001,78,128,160,0,exito
crc32,16,0.001,79,128,160,0,exito
crc32,16,0.001,80,128,160,0,exito
crc32,16,0.001,81,128,160,0,exito
crc32,16,0.001,82,128,160,0,exito
crc32,16,0.001,83,128,160,0,exito
crc32,16,0.001,84,128,160,1,detectado
crc32,16,0.001,85,128,160,0,exito
crc32,16,0.001,86,128,160,0,exito
crc32,16,0.001,87,128,160,0,exito
crc32,16,0.001,88,128,160,0,exito
crc32,16,0.001,89,128,160,0,exito
crc32,16,0.001,90,128,160,0,exito
crc32,16,0.001,91,128,160,1,detectado
crc32,16,0.001,92,128,160,0,exito
crc32,16,0.001,93,128,160,0,exito
crc32,16,0.001,94,128,160,0,exito
crc32,16,0.001,95,128,160,0,exito
crc32,16,0.001,96,128,160,0,exito
crc32,16,0.001,97,128,160,0,exito
crc32,16,0.001,98,128,160,1,detectado
crc32,16,0.001,99,128,160,0,exito
crc32,16,0.001,100,128,160,0,exito
crc32,16,0.001,101,128,160,0,exito
crc32,16,0.001,102,128,160,0,exito
crc32,16,0.001,103,128,160,0,exito
crc32,16,0.001,104,128,160,0,exito
crc32,16,0.001,105,128,160,0,exito
crc32,16,0.001,106,128,160,0,exito
crc32,16,0.001,107,128,160,0,exito
crc32,16,0.001,108,128,160,0,exito
crc32,16,0.001,109,128,160,1,detectado
crc32,16,0.001,110,128,160,1,detectado
crc32,16,0.001,111,128,160,0,exito
crc32,16,0.001,112,128,160,0,exito
crc32,16,0.001,113,128,160,1,detectado
crc32,16,0.001,114,128,160,0,exito
crc32,16,0.001,115,128,160,0,exito
crc32,16,0.001,116,128,160,0,exito
crc32,16,0.001,117,128,160,0,exito
crc32,16,0.001,118,128,160,0,exito
crc32,16,0.001,119,128,160,0,exito
crc32,16,0.001,120,128,160,0,exito
crc32,16,0.001,121,128,160,2,detectado
crc32,16,0.001,122,128,160,0,exito
crc32,16,0.001,123,128,160,0,exito
crc32,16,0.001,124,128,160,0,exito
crc32,16,0.001,125,128,160,1,detectado
crc32,16,0.001,126,128,160,0,exito
crc32,16,0.001,127,128,160,0,exito
crc32,16,0.001,128,128,160,0,exito
crc32,16,0.001,129,128,160,0,exito
crc32,16,0.001,130,128,160,0,exito
crc32,16,0.001,131,128,160,0,exito
crc32,16,0.001,132,128,160,1,detectado
crc32,16,0.001,133,128,160,0,exito
crc32,16,0.001,134,128,160,0,exito
crc32,16,0.001,135,128,160,1,detectado
crc32,16,0.001,136,128,160,0,exito
crc32,16,0.001,137,128,160,0,exito
crc32,16,0.001,138,128,160,0,exito
crc32,16,0.001,139,128,160,0,exito
crc32,16,0.001,140,128,160,1,detectado
crc32,16,0.001,141,128,160,0,exito
crc32,16,0.001,142,128,160,0,exito
crc32,16,0.001,143,128,160,0,exito
crc32,16,0.001,144,128,160,0,exito
crc32,16,0.001,145,128,160,0,exito
crc32,16,0.001,146,128,160,1,detectado
crc32,16,0.001,147,128,160,1,detectado
crc32,16,0.001,148,128,160,0,exito
crc32,16,0.001,149,128,160,0,exito
crc32,16,0.001,150,128,160,0,exito
crc32,16,0.001,151,128,160,1,detectado
crc32,16,0.001,152,128,160,0,exito
crc32,16,0.001,153,128,160,0,exito
crc32,16,0.001,154,128,160,0,exito
crc32,16,0.001,155,128,160,0,exito
crc32,16,0.001,156,128,160,1,detectado
crc32,16,0.001,157,128,160,0,exito
crc32,16,0.001,158,128,160,0,exito
crc32,16,0.001,159,128,160,0,exito
crc32,16,0.001,160,128,160,0,exito
crc32,16,0.001,161,128,160,0,exito
crc32,16,0.001,162,128,160,0,exito
crc32,16,0.001,163,128,160,1,detectado
crc32,16,0.001,164,128,160,0,exito
crc32,16,0.001,165,128,160,0,exito
crc32,16,0.001,166,128,160,0,exito
crc32,16,0.001,167,128,160,0,exito
crc32,16,0.001,168,128,160,0,exito
crc32,16,0.001,169,128,160,0,exito
crc32,16,0.001,170,128,160,0,exito
crc32,16,0.001,171,128,160,0,exito
crc32,16,0.001,172,128,160,0,exito
crc32,16,0.001,173,128,160,0,exito
crc32,16,0.001,174,128,160,0,exito
crc32,16,0.001,175,128,160,0,exito
crc32,16,0.001,176,128,160,0,exito
crc32,16,0.001,177,128,160,0,exito
crc32,16,0.001,178,128,160,1,detectado
crc32,16,0.001,179,128,160,0,exito
crc32,16,0.001,180,128,160,1,detectado
crc32,16,0.001,181,128,160,0,exito
crc32,16,0.001,182,128,160,0,exito
crc32,16,0.001,183,128,160,0,exito
crc32,16,0.001,184,128,160,0,exito
crc32,16,0.001,185,128,160,0,exito
crc32,16,0.001,186,128,160,0,exito
crc32,16,0.001,187,128,160,0,exito
crc32,16,0.001,188,128,160,0,exito
crc32,16,0.001,189,128,160,1,detectado
crc32,16,0.001,190,128,160,0,exito
crc32,16,0.001,191,128,160,0,exito
crc32,16,0.001,192,128,160,3,detectado
crc32,16,0.001,193,128,160,0,exito
crc32,16,0.001,194,128,160,0,exito
crc32,16,0.001,195,128,160,0,exito
crc32,16,0.001,196,128,160,0,exito
crc32,16,0.001,197,128,160,0,exito
crc32,16,0.001,198,128,160,1,detectado
crc32,16,0.001,199,128,160,0,exito
crc32,16,0.002,0,128,160,0,exito
crc32,16,0.002,1,128,160,0,exito
crc32,16,0.002,2,128,160,0,exito
crc32,16,0.002,3,128,160,0,exito
crc32,16,0.002,4,128,160,0,exito
crc32,16,0.002,5,128,160,0,exito
crc32,16,0.002,6,128,160,0,exito
crc32,16,0.002,7,128,160,1,detectado
crc32,16,0.002,8,128,160,0,exito
crc32,16,0.002,9,128,160,0,exito
crc32,16,0.002,10,128,160,0,exito
crc32,16,0.002,11,128,160,0,exito
crc32,16,0.002,12,128,160,0,exito
crc32,16,0.002,13,128,160,0,exito
crc32,16,0.002,14,128,160,0,exito
crc32,16,0.002,15,128,160,0,exito
crc32,16,0.002,16,128,160,0,exito
crc32,16,0.002,17,128,160,1,detectado
crc32,16,0.002,18,128,160,0,exito
crc32,16,0.002,19,128,160,0,exito
crc32,16,0.002,20,128,160,0,exito
crc32,16,0.002,21,128,160,0,exito
crc32,16,0.002,22,128,160,0,exito
crc32,16,0.002,23,128,160,1,detectado
crc32,16,0.002,24,128,160,0,exito
crc32,16,0.002,25,128,160,0,exito
crc32,16,0.002,26,128,160,0,exito
crc32,16,0.002,27,128,160,0,exito
crc32,16,0.002,28,128,160,0,exito
crc32,16,0.002,29,128,160,0,exito
crc32,16,0.002,30,128,160,0,exito
crc32,16,0.002,31,128,160,0,exito
crc32,16,0.002,32,128,160,0,exito
crc32,16,0.002,33,128,160,0,exito
crc32,16,0.002,34,128,160,0,exito
crc32,16,0.002,35,128,160,0,exito
crc32,16,0.002,36,128,160,0,exito
crc32,16,0.002,37,128,160,1,detectado
crc32,16,0.002,38,128,160,0,exito
crc32,16,0.002,39,128,160,0,exito
crc32,16,0.002,40,128,160,1,detectado
crc32,16,0.002,41,128,160,0,exito
crc32,16,0.002,42,128,160,1,detectado
crc32,16,0.002,43,128,160,0,exito
crc32,16,0.002,44,128,160,0,exito
crc32,16,0.002,45,128,160,0,exito
crc32,16,0.002,46,128,160,0,exito
crc32,16,0.002,47,128,160,0,exito
crc32,16,0.002,48,128,160,0,exito
crc32,16,0.002,49,128,160,1,detectado
crc32,16,0.002,50,128,160,1,detectado
crc32,16,0.002,51,128,160,1,detectado
crc32,16,0.002,52,128,160,0,exito
crc32,16,0.002,53,128,160,0,exito
crc32,16,0.002,54,128,160,1,detectado
crc32,16,0.002,55,128,160,0,exito
crc32,16,0.002,56,128,160,0,exito
crc32,16,0.002,57,128,160,2,detectado
crc32,16,0.002,58,128,160,0,exito
crc32,16,0.002,59,128,160,0,exito
crc32,16,0.002,60,128,160,0,exito
crc32,16,0.002,61,128,160,0,exito
crc32,16,0.002,62,128,160,0,exito
crc32,16,0.002,63,128,160,0,exito
crc32,16,0.002,64,128,160,0,exito
crc32,16,0.002,65,128,160,0,exito
crc32,16,0.002,66,128,160,0,exito
crc32,16,0.002,67,128,160,0,exito
crc32,16,0.002,68,128,160,0,exito
crc32,16,0.002,69,128,160,0,exito
crc32,16,0.002,70,128,160,0,exito
crc32,16,0.002,71,128,160,1,detectado
crc32,16,0.002,72,128,160,0,exito
crc32,16,0.002,73,128,160,0,exito
crc32,16,0.002,74,128,160,1,detectado
crc32,16,0.002,75,128,160,0,exito
crc32,16,0.002,76,128,160,0,exito
crc32,16,0.002,77,128,160,0,exito
crc32,16,0.002,78,128,160,0,exito
crc32,16,0.002,79,128,160,0,exito
crc32,16,0.002,80,128,160,0,exito
crc32,16,0.002,81,128,160,0,exito
crc32,16,0.002,82,128,160,1,detectado
crc32,16,0.002,83,128,160,0,exito
crc32,16,0.002,84,128,160,1,detectado
crc32,16,0.002,85,128,160,0,exito
crc32,16,0.002,86,128,160,0,exito
crc32,16,0.002,87,128,160,0,exito
crc32,16,0.002,88,128,160,0,exito
crc32,16,0.002,89,128,160,0,exito
crc32,16,0.002,90,128,160,1,detectado
crc32,16,0.002,91,128,160,2,detectado
crc32,16,0.002,92,128,160,0,exito
crc32,16,0.002,93,128,160,0,exito
crc32,16,0.002,94,128,160,0,exito
crc32,16,0.002,95,128,160,1,detectado
crc32,16,0.002,96,128,160,0,exito
crc32,16,0.002,97,128,160,1,detectado
crc32,16,0.002,98,128,160,0,exito
crc32,16,0.002,99,128,160,1,detectado
crc32,16,0.002,100,128,160,0,exito
crc32,16,0.002,101,128,160,0,exito
crc32,16,0.002,102,128,160,0,exito
crc32,16,0.002,103,128,160,0,exito
crc32,16,0.002,104,128,160,0,exito
crc32,16,0.002,105,128,160,0,exito
crc32,16,0.002,106,128,160,0,exito
crc32,16,0.002,107,128,160,0,exito
crc32,16,0.002,108,128,160,0,exito
crc32,16,0.002,109,128,160,0,exito
crc32,16,0.002,110,128,160,0,exito
crc32,16,0.002,111,128,160,0,exito
crc32,16,0.002,112,128,160,0,exito
crc32,16,0.002,113,128,160,0,exito
crc32,16,0.002,114,128,160,0,exito
crc32,16,0.002,115,128,160,0,exito
crc32,16,0.002,116,128,160,1,detectado
crc32,16,0.002,117,128,160,0,exito
crc32,16,0.002,118,128,160,0,exito
crc32,16,0.002,119,128,160,1,detectado
crc32,16,0.002,120,128,160,0,exito
crc32,16,0.002,121,128,160,0,exito
crc32,16,0.002,122,128,160,1,detectado
crc32,16,0.002,123,128,160,0,exito
crc32,16,0.002,124,128,160,0,exito
crc32,16,0.002,125,128,160,0,exito
crc32,16,0.002,126,128,160,0,exito
crc32,16,0.002,127,128,160,0,exito
crc32,16,0.002,128,128,160,0,exito
crc32,16,0.002,129,128,160,0,exito
crc32,16,0.002,130,128,160,1,detectado
crc32,16,0.002,131,128,160,0,exito
crc32,16,0.002,132,128,160,0,exito
crc32,16,0.002,133,128,160,0,exito
crc32,16,0.002,134,128,160,1,detectado
crc32,16,0.002,135,128,160,0,exito
crc32,16,0.002,136,128,160,1,detectado
crc32,16,0.002,137,128,160,0,exito
crc32,16,0.002,138,128,160,0,exito
crc32,16,0.002,139,128,160,0,exito
crc32,16,0.002,140,128,160,0,exito
crc32,16,0.002,141,128,160,0,exito
crc32,16,0.002,142,128,160,0,exito
crc32,16,0.002,143,128,160,0,exito
crc32,16,0.002,144,128,160,1,detectado
crc32,16,0.002,145,128,160,0,exito
crc32,16,0.002,146,128,160,0,exito
crc32,16,0.002,147,128,160,0,exito
crc32,16,0.002,148,128,160,0,exito
crc32,16,0.002,149,128,160,0,exito
crc32,16,0.002,150,128,160,0,exito
crc32,16,0.002,151,128,160,0,exito
crc32,16,0.002,152,128,160,2,detectado
crc32,16,0.002,153,128,160,0,exito
crc32,16,0.002,154,128,160,0,exito
crc32,16,0.002,155,128,160,1,detectado
crc32,16,0.002,156,128,160,0,exito
crc32,16,0.002,157,128,160,0,exito
crc32,16,0.002,158,128,160,0,exito
crc32,16,0.002,159,128,160,0,exito
crc32,16,0.002,160,128,160,1,detectado
crc32,16,0.002,161,128,160,0,exito
crc32,16,0.002,162,128,160,0,exito
crc32,16,0.002,163,128,160,0,exito
crc32,16,0.002,164,128,160,0,exito
crc32,16,0.002,165,128,160,0,exito
crc32,16,0.002,166,128,160,0,exito
crc32,16,0.002,167,128,160,0,exito
crc32,16,0.002,168,128,160,0,exito
crc32,16,0.002,169,128,160,3,detectado
crc32,16,0.002,170,128,160,1,detectado
crc32,16,0.002,171,128,160,1,detectado
crc32,16,0.002,172,128,160,0,exito
crc32,16,0.002,173,128,160,0,exito
crc32,16,0.002,174,128,160,1,detectado
crc32,16,0.002,175,128,160,1,detectado
crc32,16,0.002,176,128,160,0,exito
crc32,16,0.002,177,128,160,0,exito
crc32,16,0.002,178,128,160,0,exito
crc32,16,0.002,179,128,160,2,detectado
crc32,16,0.002,180,128,160,0,exito
crc32,16,0.002,181,128,160,2,detectado
crc32,16,0.002,182,128,160,1,detectado
crc32,16,0.002,183,128,160,0,exito
crc32,16,0.002,184,128,160,0,exito
crc32,16,0.002,185,128,160,0,exito
crc32,16,0.002,186,128,160,0,exito
crc32,16,0.002,187,128,160,0,exito
crc32,16,0.002,188,128,160,0,exito
crc32,16,0.002,189,128,160,0,exito
crc32,16,0.002,190,128,160,1,detectado
crc32,16,0.002,191,128,160,0,exito
crc32,16,0.002,192,128,160,1,detectado
crc32,16,0.002,193,128,160,0,exito
crc32,16,0.002,194,128,160,0,exito
crc32,16,0.002,195,128,160,1,detectado
crc32,16,0.002,196,128,160,1,detectado
crc32,16,0.002,197,128,160,0,exito
crc32,16,0.002,198,128,160,0,exito
crc32,16,0.002,199,128,160,1,detectado
crc32,16,0.005,0,128,160,1,detectado
crc32,16,0.005,1,128,160,1,detectado
crc32,16,0.005,2,128,160,2,detectado
crc32,16,0.005,3,128,160,0,exito
crc32,16,0.005,4,128,160,0,exito
crc32,16,0.005,5,128,160,2,detectado
crc32,16,0.005,6,128,160,2,detectado
crc32,16,0.005,7,128,160,2,detectado
crc32,16,0.005,8,128,160,1,detectado
crc32,16,0.005,9,128,160,0,exito
crc32,16,0.005,10,128,160,2,detectado
crc32,16,0.005,11,128,160,2,detectado
crc32,16,0.005,12,128,160,0,exito
crc32,16,0.005,13,128,160,0,exito
crc32,16,0.005,14,128,160,2,detectado
crc32,16,0.005,15,128,160,0,exito
crc32,16,0.005,16,128,160,0,exito
crc32,16,0.005,17,128,160,0,exito
crc32,16,0.005,18,128,160,0,exito
crc32,16,0.005,19,128,160,0,exito
crc32,16,0.005,20,128,160,1,detectado
crc32,16,0.005,21,128,160,0,exito
crc32,16,0.005,22,128,160,0,exito
crc32,16,0.005,23,128,160,0,exito
crc32,16,0.005,24,128,160,0,exito
crc32,16,0.005,25,128,160,1,detectado
crc32,16,0.005,26,128,160,2,detectado
crc32,16,0.005,27,128,160,1,detectado
crc32,16,0.005,28,128,160,1,detectado
crc32,16,0.005,29,128,160,2,detectado
crc32,16,0.005,30,128,160,0,exito
crc32,16,0.005,31,128,160,1,detectado
crc32,16,0.005,32,128,160,1,detectado
crc32,16,0.005,33,128,160,0,exito
crc32,16,0.005,34,128,160,1,detectado
crc32,16,0.005,35,128,160,0,exito
crc32,16,0.005,36,128,160,0,exito
crc32,16,0.005,37,128,160,0,exito
crc32,16,0.005,38,128,160,0,exito
crc32,16,0.005,39,128,160,1,detectado
crc32,16,0.005,40,128,160,1,detectado
crc32,16,0.005,41,128,160,1,detectado
crc32,16,0.005,42,128,160,0,exito
crc32,16,0.005,43,128,160,2,detectado
crc32,16,0.005,44,128,160,1,detectado
crc32,16,0.005,45,128,160,0,exito
crc32,16,0.005,46,128,160,3,detectado
crc32,16,0.005,47,128,160,0,exito
crc32,16,0.005,48,128,160,0,exito
crc32,16,0.005,49,128,160,0,exito
crc32,16,0.005,50,128,160,1,detectado
crc32,16,0.005,51,128,160,2,detectado
crc32,16,0.005,52,128,160,0,exito
crc32,16,0.005,53,128,160,1,detectado
crc32,16,0.005,54,128,160,1,detectado
crc32,16,0.005,55,128,160,0,exito
crc32,16,0.005,56,128,160,1,detectado
crc32,16,0.005,57,128,160,0,exito
crc32,16,0.005,58,128,160,1,detectado
crc32,16,0.005,59,128,160,1,detectado
crc32,16,0.005,60,128,160,2,detectado
crc32,16,0.005,61,128,160,1,detectado
crc32,16,0.005,62,128,160,0,exito
crc32,16,0.005,63,128,160,2,detectado
crc32,16,0.005,64,128,160,0,exito
crc32,16,0.005,65,128,160,0,exito
crc32,16,0.005,66,128,160,2,detectado
crc32,16,0.005,67,128,160,0,exito
crc32,16,0.005,68,128,160,0,exito
crc32,16,0.005,69,128,160,2,detectado
crc32,16,0.005,70,128,160,1,detectado
crc32,16,0.005,71,128,160,1,detectado
crc32,16,0.005,72,128,160,0,exito
crc32,16,0.005,73,128,160,1,detectado
crc32,16,0.005,74,128,160,0,exito
crc32,16,0.005,75,128,160,0,exito
crc32,16,0.005,76,128,160,2,detectado
crc32,16,0.005,77,128,160,0,exito
crc32,16,0.005,78,128,160,2,detectado
crc32,16,0.005,79,128,160,0,exito
crc32,16,0.005,80,128,160,2,detectado
crc32,16,0.005,81,128,160,2,detectado
crc32,16,0.005,82,128,160,2,detectado
crc32,16,0.005,83,128,160,1,detectado
crc32,16,0.005,84,128,160,1,detectado
crc32,16,0.005,85,128,160,2,detectado
crc32,16,0.005,86,128,160,0,exito
crc32,16,0.005,87,128,160,2,detectado
crc32,16,0.005,88,128,160,0,exito
crc32,16,0.005,89,128,160,1,detectado
crc32,16,0.005,90,128,160,0,exito
crc32,16,0.005,91,128,160,0,exito
crc32,16,0.005,92,128,160,0,exito
crc32,16,0.005,93,128,160,1,detectado
crc32,16,0.005,94,128,160,1,detectado
crc32,16,0.005,95,128,160,0,exito
crc32,16,0.005,96,128,160,1,detectado
crc32,16,0.005,97,128,160,2,detectado
crc32,16,0.005,98,128,160,2,detectado
crc32,16,0.005,99,128,160,0,exito
crc32,16,0.005,100,128,160,0,exito
crc32,16,0.005,101,128,160,2,detectado
crc32,16,0.005,102,128,160,2,detectado
crc32,16,0.005,103,128,160,1,detectado
crc32,16,0.005,104,128,160,0,exito
crc32,16,0.005,105,128,160,0,exito
crc32,16,0.005,106,128,160,0,exito
crc32,16,0.005,107,128,160,0,exito
crc32,16,0.005,108,128,160,2,detectado
crc32,16,0.005,109,128,160,1,detectado
crc32,16,0.005,110,128,160,1,detectado
crc32,16,0.005,111,128,160,1,detectado
crc32,16,0.005,112,128,160,1,detectado
crc32,16,0.005,113,128,160,3,detectado
crc32,16,0.005,114,128,160,0,exito
crc32,16,0.005,115,128,160,1,detectado
crc32,16,0.005,116,128,160,0,exito
crc32,16,0.005,117,128,160,1,detectado
crc32,16,0.005,118,128,160,2,detectado
crc32,16,0.005,119,128,160,0,exito
crc32,16,0.005,120,128,160,2,detectado
crc32,16,0.005,121,128,160,1,detectado
crc32,16,0.005,122,128,160,0,exito
crc32,16,0.005,123,128,160,0,exito
crc32,16,0.005,124,128,160,0,exito
crc32,16,0.005,125,128,160,2,detectado
crc32,16,0.005,126,128,160,2,detectado
crc32,16,0.005,127,128,160,0,exito
crc32,16,0.005,128,128,160,0,exito
crc32,16,0.005,129,128,160,3,detectado
crc32,16,0.005,130,128,160,3,detectado
crc32,16,0.005,131,128,160,2,detectado
crc32,16,0.005,132,128,160,0,exito
crc32,16,0.005,133,128,160,1,detectado
crc32,16,0.005,134,128,160,0,exito
crc32,16,0.005,135,128,160,0,exito
crc32,16,0.005,136,128,160,2,detectado
crc32,16,0.005,137,128,160,0,exito
crc32,16,0.005,138,128,160,2,detectado
crc32,16,0.005,139,128,160,0,exito
crc32,16,0.005,140,128,160,2,detectado
crc32,16,0.005,141,128,160,1,detectado
crc32,16,0.005,142,128,160,1,detectado
crc32,16,0.005,143,128,160,0,exito
crc32,16,0.005,144,128,160,1,detectado
crc32,16,0.005,145,128,160,0,exito
crc32,16,0.005,146,128,160,0,exito
crc32,16,0.005,147,128,160,1,detectado
crc32,16,0.005,148,128,160,2,detectado
crc32,16,0.005,149,128,160,1,detectado
crc32,16,0.005,150,128,160,1,detectado
crc32,16,0.005,151,128,160,0,exito
crc32,16,0.005,152,128,160,1,detectado
crc32,16,0.005,153,128,160,0,exito
crc32,16,0.005,154,128,160,1,detectado
crc32,16,0.005,155,128,160,3,detectado
crc32,16,0.005,156,128,160,2,detectado
crc32,16,0.005,157,128,160,3,detectado
crc32,16,0.005,158,128,160,1,detectado
crc32,16,0.005,159,128,160,0,exito
crc32,16,0.005,160,128,160,0,exito
crc32,16,0.005,161,128,160,1,detectado
crc32,16,0.005,162,128,160,0,exito
crc32,16,0.005,163,128,160,0,exito
crc32,16,0.005,164,128,160,1,detectado
crc32,16,0.005,165,128,160,0,exito
crc32,16,0.005,166,128,160,1,detectado
crc32,16,0.005,167,128,160,0,exito
crc32,16,0.005,168,128,160,0,exito
crc32,16,0.005,169,128,160,1,detectado
crc32,16,0.005,170,128,160,0,exito
crc32,16,0.005,171,128,160,1,detectado
crc32,16,0.005,172,128,160,2,detectado
crc32,16,0.005,173,128,160,0,exito
crc32,16,0.005,174,128,160,1,detectado
crc32,16,0.005,175,128,160,2,detectado
crc32,16,0.005,176,128,160,1,detectado
crc32,16,0.005,177,128,160,1,detectado
crc32,16,0.005,178,128,160,2,detectado
crc32,16,0.005,179,128,160,1,detectado
crc32,16,0.005,180,128,160,1,detectado
crc32,16,0.005,181,128,160,0,exito
crc32,16,0.005,182,128,160,1,detectado
crc32,16,0.005,183,128,160,1,detectado
crc32,16,0.005,184,128,160,1,detectado
crc32,16,0.005,185,128,160,1,detectado
crc32,16,0.005,186,128,160,1,detectado
crc32,16,0.005,187,128,160,1,detectado
crc32,16,0.005,188,128,160,0,exito
crc32,16,0.005,189,128,160,2,detectado
crc32,16,0.005,190,128,160,0,exito
crc32,16,0.005,191,128,160,4,detectado
crc32,16,0.005,192,128,160,0,exito
crc32,16,0.005,193,128,160,0,exito
crc32,16,0.005,194,128,160,0,exito
crc32,16,0.005,195,128,160,0,exito
crc32,16,0.005,196,128,160,1,detectado
crc32,16,0.005,197,128,160,2,detectado
crc32,16,0.005,198,128,160,0,exito
crc32,16,0.005,199,128,160,0,exito
crc32,16,0.01,0,128,160,1,detectado
crc32,16,0.01,1,128,160,4,detectado
crc32,16,0.01,2,128,160,2,detectado
crc32,16,0.01,3,128,160,0,exito
crc32,16,0.01,4,128,160,2,detectado
crc32,16,0.01,5,128,160,1,detectado
crc32,16,0.01,6,128,160,2,detectado
crc32,16,0.01,7,128,160,0,exito
crc32,16,0.01,8,128,160,0,exito
crc32,16,0.01,9,128,160,1,detectado
crc32,16,0.01,10,128,160,1,detectado
crc32,16,0.01,11,128,160,0,exito
crc32,16,0.01,12,128,160,0,exito
crc32,16,0.01,13,128,160,1,detectado
crc32,16,0.01,14,128,160,0,exito
crc32,16,0.01,15,128,160,2,detectado
crc32,16,0.01,16,128,160,1,detectado
crc32,16,0.01,17,128,160,2,detectado
crc32,16,0.01,18,128,160,4,detectado
crc32,16,0.01,19,128,160,3,detectado
crc32,16,0.01,20,128,160,1,detectado
crc32,16,0.01,21,128,160,2,detectado
crc32,16,0.01,22,128,160,0,exito
crc32,16,0.01,23,128,160,1,detectado
crc32,16,0.01,24,128,160,0,exito
crc32,16,0.01,25,128,160,1,detectado
crc32,16,0.01,26,128,160,0,exito
crc32,16,0.01,27,128,160,1,detectado
crc32,16,0.01,28,128,160,2,detectado
crc32,16,0.01,29,128,160,2,detectado
crc32,16,0.01,30,128,160,2,detectado
crc32,16,0.01,31,128,160,1,detectado
crc32,16,0.01,32,128,160,0,exito
crc32,16,0.01,33,128,160,3,detectado
crc32,16,0.01,34,128,160,1,detectado
crc32,16,0.01,35,128,160,2,detectado
crc32,16,0.01,36,128,160,0,exito
crc32,16,0.01,37,128,160,1,detectado
crc32,16,0.01,38,128,160,0,exito
crc32,16,0.01,39,128,160,5,detectado
crc32,16,0.01,40,128,160,2,detectado
crc32,16,0.01,41,128,160,2,detectado
crc32,16,0.01,42,128,160,1,detectado
crc32,16,0.01,43,128,160,1,detectado
crc32,16,0.01,44,128,160,2,detectado
crc32,16,0.01,45,128,160,0,exito
crc32,16,0.01,46,128,160,2,detectado
crc32,16,0.01,47,128,160,0,exito
crc32,16,0.01,48,128,160,2,detectado
crc32,16,0.01,49,128,160,1,detectado
crc32,16,0.01,50,128,160,1,detectado
crc32,16,0.01,51,128,160,3,detectado
crc32,16,0.01,52,128,160,1,detectado
crc32,16,0.01,53,128,160,1,detectado
crc32,16,0.01,54,128,160,2,detectado
crc32,16,0.01,55,128,160,2,detectado
crc32,16,0.01,56,128,160,3,detectado
crc32,16,0.01,57,128,160,2,detectado
crc32,16,0.01,58,128,160,1,detectado
crc32,16,0.01,59,128,160,1,detectado
crc32,16,0.01,60,128,160,0,exito
crc32,16,0.01,61,128,160,2,detectado
crc32,16,0.01,62,128,160,5,detectado
crc32,16,0.01,63,128,160,2,detectado
crc32,16,0.01,64,128,160,1,detectado
crc32,16,0.01,65,128,160,0,exito
crc32,16,0.01,66,128,160,1,detectado
crc32,16,0.01,67,128,160,3,detectado
crc32,16,0.01,68,128,160,2,detectado
crc32,16,0.01,69,128,160,2,detectado
crc32,16,0.01,70,128,160,1,detectado
crc32,16,0.01,71,128,160,0,exito
crc32,16,0.01,72,128,160,4,detectado
crc32,16,0.01,73,128,160,2,detectado
crc32,16,0.01,74,128,160,1,detectado
crc32,16,0.01,75,128,160,1,detectado
crc32,16,0.01,76,128,160,3,detectado
crc32,16,0.01,77,128,160,4,detectado
crc32,16,0.01,78,128,160,1,detectado
crc32,16,0.01,79,128,160,2,detectado
crc32,16,0.01,80,128,160,0,exito
crc32,16,0.01,81,128,160,0,exito
crc32,16,0.01,82,128,160,3,detectado
crc32,16,0.01,83,128,160,2,detectado
crc32,16,0.01,84,128,160,1,detectado
crc32,16,0.01,85,128,160,3,detectado
crc32,16,0.01,86,128,160,1,detectado
crc32,16,0.01,87,128,160,6,detectado
crc32,16,0.01,88,128,160,2,detectado
crc32,16,0.01,89,128,160,1,detectado
crc32,16,0.01,90,128,160,3,detectado
crc32,16,0.01,91,128,160,0,exito
crc32,16,0.01,92,128,160,1,detectado
crc32,16,0.01,93,128,160,2,detectado
crc32,16,0.01,94,128,160,2,detectado
crc32,16,0.01,95,128,160,1,detectado
crc32,16,0.01,96,128,160,3,detectado
crc32,16,0.01,97,128,160,0,exito
crc32,16,0.01,98,128,160,1,detectado
crc32,16,0.01,99,128,160,0,exito
crc32,16,0.01,100,128,160,2,detectado
crc32,16,0.01,101,128,160,1,detectado
crc32,16,0.01,102,128,160,1,detectado
crc32,16,0.01,103,128,160,3,detectado
crc32,16,0.01,104,128,160,0,exito
crc32,16,0.01,105,128,160,0,exito
crc32,16,0.01,106,128,160,1,detectado
crc32,16,0.01,107,128,160,2,detectado
crc32,16,0.01,108,128,160,0,exito
crc32,16,0.01,109,128,160,2,detectado
crc32,16,0.01,110,128,160,3,detectado
crc32,16,0.01,111,128,160,2,detectado
crc32,16,0.01,112,128,160,1,detectado
crc32,16,0.01,113,128,160,0,exito
crc32,16,0.01,114,128,160,1,detectado
crc32,16,0.01,115,128,160,1,detectado
crc32,16,0.01,116,128,160,0,exito
crc32,16,0.01,117,128,160,1,detectado
crc32,16,0.01,118,128,160,2,detectado
crc32,16,0.01,119,128,160,1,detectado
crc32,16,0.01,120,128,160,1,detectado
crc32,16,0.01,121,128,160,1,detectado
crc32,16,0.01,122,128,160,1,detectado
crc32,16,0.01,123,128,160,2,detectado
crc32,16,0.01,124,128,160,1,detectado
crc32,16,0.01,125,128,160,1,detectado
crc32,16,0.01,126,128,160,2,detectado
crc32,16,0.01,127,128,160,1,detectado
crc32,16,0.01,128,128,160,2,detectado
crc32,16,0.01,129,128,160,0,exito
crc32,16,0.01,130,128,160,0,exito
crc32,16,0.01,131,128,160,4,detectado
crc32,16,0.01,132,128,160,2,detectado
crc32,16,0.01,133,128,160,2,detectado
crc32,16,0.01,134,128,160,2,detectado
crc32,16,0.01,135,128,160,1,detectado
crc32,16,0.01,136,128,160,5,detectado
crc32,16,0.01,137,128,160,1,detectado
crc32,16,0.01,138,128,160,1,detectado
crc32,16,0.01,139,128,160,2,detectado
crc32,16,0.01,140,128,160,2,detectado
crc32,16,0.01,141,128,160,2,detectado
crc32,16,0.01,142,128,160,3,detectado
crc32,16,0.01,143,128,160,1,detectado
crc32,16,0.01,144,128,160,0,exito
crc32,16,0.01,145,128,160,0,exito
crc32,16,0.01,146,128,160,1,detectado
crc32,16,0.01,147,128,160,0,exito
crc32,16,0.01,148,128,160,1,detectado
crc32,16,0.01,149,128,160,2,detectado
crc32,16,0.01,150,128,160,4,detectado
crc32,16,0.01,151,128,160,1,detectado
crc32,16,0.01,152,128,160,1,detectado
crc32,16,0.01,153,128,160,2,detectado
crc32,16,0.01,154,128,160,1,detectado
crc32,16,0.01,155,128,160,1,detectado
crc32,16,0.01,156,128,160,3,detectado
crc32,16,0.01,157,128,160,2,detectado
crc32,16,0.01,158,128,160,4,detectado
crc32,16,0.01,159,128,160,2,detectado
crc32,16,0.01,160,128,160,1,detectado
crc32,16,0.01,161,128,160,1,detectado
crc32,16,0.01,162,128,160,0,exito
crc32,16,0.01,163,128,160,1,detectado
crc32,16,0.01,164,128,160,4,detectado
crc32,16,0.01,165,128,160,3,detectado
crc32,16,0.01,166,128,160,4,detectado
crc32,16,0.01,167,128,160,1,detectado
crc32,16,0.01,168,128,160,3,detectado
crc32,16,0.01,169,128,160,2,detectado
crc32,16,0.01,170,128,160,3,detectado
crc32,16,0.01,171,128,160,3,detectado
crc32,16,0.01,172,128,160,1,detectado
crc32,16,0.01,173,128,160,6,detectado
crc32,16,0.01,174,128,160,0,exito
crc32,16,0.01,175,128,160,0,exito
crc32,16,0.01,176,128,160,1,detectado
crc32,16,0.01,177,128,160,0,exito
crc32,16,0.01,178,128,160,2,detectado
crc32,16,0.01,179,128,160,1,detectado
crc32,16,0.01,180,128,160,2,detectado
crc32,16,0.01,181,128,160,1,detectado
crc32,16,0.01,182,128,160,1,detectado
crc32,16,0.01,183,128,160,0,exito
crc32,16,0.01,184,128,160,2,detectado
crc32,16,0.01,185,128,160,0,exito
crc32,16,0.01,186,128,160,2,detectado
crc32,16,0.01,187,128,160,3,detectado
crc32,16,0.01,188,128,160,4,detectado
crc32,16,0.01,189,128,160,3,detectado
crc32,16,0.01,190,128,160,3,detectado
crc32,16,0.01,191,128,160,0,exito
crc32,16,0.01,192,128,160,1,detectado
crc32,16,0.01,193,128,160,3,detectado
crc32,16,0.01,194,128,160,1,detectado
crc32,16,0.01,195,128,160,1,detectado
crc32,16,0.01,196,128,160,0,exito
crc32,16,0.01,197,128,160,2,detectado
crc32,16,0.01,198,128,160,2,detectado
crc32,16,0.01,199,128,160,1,detectado
crc32,16,0.02,0,128,160,5,detectado
crc32,16,0.02,1,128,160,8,detectado
crc32,16,0.02,2,128,160,3,detectado
crc32,16,0.02,3,128,160,1,detectado
crc32,16,0.02,4,128,160,1,detectado
crc32,16,0.02,5,128,160,1,detectado
crc32,16,0.02,6,128,160,7,detectado
crc32,16,0.02,7,128,160,3,detectado
crc32,16,0.02,8,128,160,3,detectado
crc32,16,0.02,9,128,160,1,detectado
crc32,16,0.02,10,128,160,3,detectado
crc32,16,0.02,11,128,160,2,detectado
crc32,16,0.02,12,128,160,5,detectado
crc32,16,0.02,13,128,160,0,exito
crc32,16,0.02,14,128,160,1,detectado
crc32,16,0.02,15,128,160,3,detectado
crc32,16,0.02,16,128,160,1,detectado
crc32,16,0.02,17,128,160,3,detectado
crc32,16,0.02,18,128,160,3,detectado
crc32,16,0.02,19,128,160,3,detectado
crc32,16,0.02,20,128,160,4,detectado
crc32,16,0.02,21,128,160,2,detectado
crc32,16,0.02,22,128,160,3,detectado
crc32,16,0.02,23,128,160,3,detectado
crc32,16,0.02,24,128,160,3,detectado
crc32,16,0.02,25,128,160,3,detectado
crc32,16,0.02,26,128,160,1,detectado
crc32,16,0.02,27,128,160,2,detectado
crc32,16,0.02,28,128,160,1,detectado
crc32,16,0.02,29,128,160,0,exito
crc32,16,0.02,30,128,160,5,detectado
crc32,16,0.02,31,128,160,2,detectado
crc32,16,0.02,32,128,160,4,detectado
crc32,16,0.02,33,128,160,3,detectado
crc32,16,0.02,34,128,160,2,detectado
crc32,16,0.02,35,128,160,3,detectado
crc32,16,0.02,36,128,160,5,detectado
crc32,16,0.02,37,128,160,3,detectado
crc32,16,0.02,38,128,160,4,detectado
crc32,16,0.02,39,128,160,5,detectado
crc32,16,0.02,40,128,160,1,detectado
crc32,16,0.02,41,128,160,5,detectado
crc32,16,0.02,42,128,160,2,detectado
crc32,16,0.02,43,128,160,2,detectado
crc32,16,0.02,44,128,160,1,detectado
crc32,16,0.02,45,128,160,3,detectado
crc32,16,0.02,46,128,160,1,detectado
crc32,16,0.02,47,128,160,2,detectado
crc32,16,0.02,48,128,160,2,detectado
crc32,16,0.02,49,128,160,6,detectado
crc32,16,0.02,50,128,160,2,detectado
crc32,16,0.02,51,128,160,5,detectado
crc32,16,0.02,52,128,160,7,detectado
crc32,16,0.02,53,128,160,3,detectado
crc32,16,0.02,54,128,160,5,detectado
crc32,16,0.02,55,128,160,0,exito
crc32,16,0.02,56,128,160,2,detectado
crc32,16,0.02,57,128,160,5,detectado
crc32,16,0.02,58,128,160,1,detectado
crc32,16,0.02,59,128,160,1,detectado
crc32,16,0.02,60,128,160,3,detectado
crc32,16,0.02,61,128,160,3,detectado
crc32,16,0.02,62,128,160,7,detectado
crc32,16,0.02,63,128,160,1,detectado
crc32,16,0.02,64,128,160,3,detectado
crc32,16,0.02,65,128,160,4,detectado
crc32,16,0.02,66,128,160,2,detectado
crc32,16,0.02,67,128,160,5,detectado
crc32,16,0.02,68,128,160,2,detectado
crc32,16,0.02,69,128,160,4,detectado
crc32,16,0.02,70,128,160,2,detectado
crc32,16,0.02,71,128,160,1,detectado
crc32,16,0.02,72,128,160,0,exito
crc32,16,0.02,73,128,160,4,detectado
crc32,16,0.02,74,128,160,5,detectado
crc32,16,0.02,75,128,160,0,exito
crc32,16,0.02,76,128,160,1,detectado
crc32,16,0.02,77,128,160,2,detectado
crc32,16,0.02,78,128,160,2,detectado
crc32,16,0.02,79,128,160,4,detectado
crc32,16,0.02,80,128,160,4,detectado
crc32,16,0.02,81,128,160,3,detectado
crc32,16,0.02,82,128,160,3,detectado
crc32,16,0.02,83,128,160,1,detectado
crc32,16,0.02,84,128,160,1,detectado
crc32,16,0.02,85,128,160,5,detectado
crc32,16,0.02,86,128,160,2,detectado
crc32,16,0.02,87,128,160,7,detectado
crc32,16,0.02,88,128,160,2,detectado
crc32,16,0.02,89,128,160,5,detectado
crc32,16,0.02,90,128,160,3,detectado
crc32,16,0.02,91,128,160,1,detectado
crc32,16,0.02,92,128,160,2,detectado
crc32,16,0.02,93,128,160,4,detectado
crc32,16,0.02,94,128,160,5,detectado
crc32,16,0.02,95,128,160,2,detectado
crc32,16,0.02,96,128,160,0,exito
crc32,16,0.02,97,128,160,3,detectado
crc32,16,0.02,98,128,160,2,detectado
crc32,16,0.02,99,128,160,3,detectado
crc32,16,0.02,100,128,160,3,detectado
crc32,16,0.02,101,128,160,4,detectado
crc32,16,0.02,102,128,160,4,detectado
crc32,16,0.02,103,128,160,2,detectado
crc32,16,0.02,104,128,160,1,detectado
crc32,16,0.02,105,128,160,2,detectado
crc32,16,0.02,106,128,160,2,detectado
crc32,16,0.02,107,128,160,4,detectado
crc32,16,0.02,108,128,160,4,detectado
crc32,16,0.02,109,128,160,1,detectado
crc32,16,0.02,110,128,160,6,detectado
crc32,16,0.02,111,128,160,4,detectado
crc32,16,0.02,112,128,160,4,detectado
crc32,16,0.02,113,128,160,2,detectado
crc32,16,0.02,114,128,160,3,detectado
crc32,16,0.02,115,128,160,1,detectado
crc32,16,0.02,116,128,160,4,detectado
crc32,16,0.02,117,128,160,5,detectado
crc32,16,0.02,118,128,160,2,detectado
crc32,16,0.02,119,128,160,1,detectado
crc32,16,0.02,120,128,160,1,detectado
crc32,16,0.02,121,128,160,0,exito
crc32,16,0.02,122,128,160,2,detectado
crc32,16,0.02,123,128,160,3,detectado
crc32,16,0.02,124,128,160,3,detectado
crc32,16,0.02,125,128,160,6,detectado
crc32,16,0.02,126,128,160,3,detectado
crc32,16,0.02,127,128,160,2,detectado
crc32,16,0.02,128,128,160,2,detectado
crc32,16,0.02,129,128,160,1,detectado
crc32,16,0.02,130,128,160,3,detectado
crc32,16,0.02,131,128,160,4,detectado
crc32,16,0.02,132,128,160,3,detectado
crc32,16,0.02,133,128,160,1,detectado
crc32,16,0.02,134,128,160,3,detectado
crc32,16,0.02,135,128,160,2,detectado
crc32,16,0.02,136,128,160,1,detectado
crc32,16,0.02,137,128,160,4,detectado
crc32,16,0.02,138,128,160,7,detectado
crc32,16,0.02,139,128,160,2,detectado
crc32,16,0.02,140,128,160,0,exito
crc32,16,0.02,141,128,160,4,detectado
crc32,16,0.02,142,128,160,3,detectado
crc32,16,0.02,143,128,160,3,detectado
crc32,16,0.02,144,128,160,3,detectado
crc32,16,0.02,145,128,160,2,detectado
crc32,16,0.02,146,128,160,6,detectado
crc32,16,0.02,147,128,160,5,detectado
crc32,16,0.02,148,128,160,2,detectado
crc32,16,0.02,149,128,160,1,detectado
crc32,16,0.02,150,128,160,5,detectado
crc32,16,0.02,151,128,160,2,detectado
crc32,16,0.02,152,128,160,6,detectado
crc32,16,0.02,153,128,160,1,detectado
crc32,16,0.02,154,128,160,4,detectado
crc32,16,0.02,155,128,160,5,detectado
crc32,16,0.02,156,128,160,4,detectado
crc32,16,0.02,157,128,160,4,detectado
crc32,16,0.02,158,128,160,2,detectado
crc32,16,0.02,159,128,160,4,detectado
crc32,16,0.02,160,128,160,6,detectado
crc32,16,0.02,161,128,160,3,detectado
crc32,16,0.02,162,128,160,2,detectado
crc32,16,0.02,163,128,160,1,detectado
crc32,16,0.02,164,128,160,3,detectado
crc32,16,0.02,165,128,160,2,detectado
crc32,16,0.02,166,128,160,1,detectado
crc32,16,0.02,167,128,160,4,detectado
crc32,16,0.02,168,128,160,3,detectado
crc32,16,0.02,169,128,160,1,detectado
crc32,16,0.02,170,128,160,6,detectado
crc32,16,0.02,171,128,160,1,detectado
crc32,16,0.02,172,128,160,6,detectado
crc32,16,0.02,173,128,160,2,detectado
crc32,16,0.02,174,128,160,3,detectado
crc32,16,0.02,175,128,160,1,detectado
crc32,16,0.02,176,128,160,2,detectado
crc32,16,0.02,177,128,160,4,detectado
crc32,16,0.02,178,128,160,5,detectado
crc32,16,0.02,179,128,160,4,detectado
crc32,16,0.02,180,128,160,6,detectado
crc32,16,0.02,181,128,160,2,detectado
crc32,16,0.02,182,128,160,2,detectado
crc32,16,0.02,183,128,160,2,detectado
crc32,16,0.02,184,128,160,4,detectado
crc32,16,0.02,185,128,160,4,detectado
crc32,16,0.02,186,128,160,3,detectado
crc32,16,0.02,187,128,160,3,detectado
crc32,16,0.02,188,128,160,1,detectado
crc32,16,0.02,189,128,160,1,detectado
crc32,16,0.02,190,128,160,3,detectado
crc32,16,0.02,191,128,160,2,detectado
crc32,16,0.02,192,128,160,2,detectado
crc32,16,0.02,193,128,160,2,detectado
crc32,16,0.02,194,128,160,2,detectado
crc32,16,0.02,195,128,160,4,detectado
crc32,16,0.02,196,128,160,2,detectado
crc32,16,0.02,197,128,160,2,detectado
crc32,16,0.02,198,128,160,2,detectado
crc32,16,0.02,199,128,160,4,detectado
crc32,16,0.05,0,128,160,6,detectado
crc32,16,0.05,1,128,160,10,detectado
crc32,16,0.05,2,128,160,10,detectado
crc32,16,0.05,3,128,160,7,detectado
crc32,16,0.05,4,128,160,11,detectado
crc32,16,0.05,5,128,160,6,detectado
crc32,16,0.05,6,128,160,3,detectado
crc32,16,0.05,7,128,160,10,detectado
crc32,16,0.05,8,128,160,10,detectado
crc32,16,0.05,9,128,160,7,detectado
crc32,16,0.05,10,128,160,11,detectado
crc32,16,0.05,11,128,160,7,detectado
crc32,16,0.05,12,128,160,12,detectado
crc32,16,0.05,13,128,160,7,detectado
crc32,16,0.05,14,128,160,6,detectado
crc32,16,0.05,15,128,160,7,detectado
crc32,16,0.05,16,128,160,9,detectado
crc32,16,0.05,17,128,160,9,detectado
crc32,16,0.05,18,128,160,8,detectado
crc32,16,0.05,19,128,160,6,detectado
crc32,16,0.05,20,128,160,7,detectado
crc32,16,0.05,21,128,160,10,detectado
crc32,16,0.05,22,128,160,6,detectado
crc32,16,0.05,23,128,160,12,detectado
crc32,16,0.05,24,128,160,10,detectado
crc32,16,0.05,25,128,160,9,detectado
crc32,16,0.05,26,128,160,6,detectado
crc32,16,0.05,27,128,160,13,detectado
crc32,16,0.05,28,128,160,4,detectado
crc32,16,0.05,29,128,160,12,detectado
crc32,16,0.05,30,128,160,6,detectado
crc32,16,0.05,31,128,160,7,detectado
crc32,16,0.05,32,128,160,6,detectado
crc32,16,0.05,33,128,160,5,detectado
crc32,16,0.05,34,128,160,5,detectado
crc32,16,0.05,35,128,160,4,detectado
crc32,16,0.05,36,128,160,10,detectado
crc32,16,0.05,37,128,160,5,detectado
crc32,16,0.05,38,128,160,5,detectado
crc32,16,0.05,39,128,160,11,detectado
crc32,16,0.05,40,128,160,4,detectado
crc32,16,0.05,41,128,160,8,detectado
crc32,16,0.05,42,128,160,8,detectado
crc32,16,0.05,43,128,160,4,detectado
crc32,16,0.05,44,128,160,4,detectado
crc32,16,0.05,45,128,160,8,detectado
crc32,16,0.05,46,128,160,11,detectado
crc32,16,0.05,47,128,160,8,detectado
crc32,16,0.05,48,128,160,15,detectado
crc32,16,0.05,49,128,160,11,detectado
crc32,16,0.05,50,128,160,3,detectado
crc32,16,0.05,51,128,160,12,detectado
crc32,16,0.05,52,128,160,8,detectado
crc32,16,0.05,53,128,160,10,detectado
crc32,16,0.05,54,128,160,5,detectado
crc32,16,0.05,55,128,160,8,detectado
crc32,16,0.05,56,128,160,10,detectado
crc32,16,0.05,57,128,160,9,detectado
crc32,16,0.05,58,128,160,8,detectado
crc32,16,0.05,59,128,160,6,detectado
crc32,16,0.05,60,128,160,6,detectado
crc32,16,0.05,61,128,160,6,detectado
crc32,16,0.05,62,128,160,11,detectado
crc32,16,0.05,63,128,160,12,detectado
crc32,16,0.05,64,128,160,8,detectado
crc32,16,0.05,65,128,160,9,detectado
crc32,16,0.05,66,128,160,15,detectado
crc32,16,0.05,67,128,160,8,detectado
crc32,16,0.05,68,128,160,11,detectado
crc32,16,0.05,69,128,160,11,detectado
crc32,16,0.05,70,128,160,6,detectado
crc32,16,0.05,71,128,160,6,detectado
crc32,16,0.05,72,128,160,5,detectado
crc32,16,0.05,73,128,160,10,detectado
crc32,16,0.05,74,128,160,8,detectado
crc32,16,0.05,75,128,160,8,detectado
crc32,16,0.05,76,128,160,6,detectado
crc32,16,0.05,77,128,160,8,detectado
crc32,16,0.05,78,128,160,10,detectado
crc32,16,0.05,79,128,160,9,detectado
crc32,16,0.05,80,128,160,5,detectado
crc32,16,0.05,81,128,160,5,detectado
crc32,16,0.05,82,128,160,4,detectado
crc32,16,0.05,83,128,160,6,detectado
crc32,16,0.05,84,128,160,8,detectado
crc32,16,0.05,85,128,160,11,detectado
crc32,16,0.05,86,128,160,5,detectado
crc32,16,0.05,87,128,160,7,detectado
crc32,16,0.05,88,128,160,9,detectado
crc32,16,0.05,89,128,160,8,detectado
crc32,16,0.05,90,128,160,13,detectado
crc32,16,0.05,91,128,160,8,detectado
crc32,16,0.05,92,128,160,13,detectado
crc32,16,0.05,93,128,160,8,detectado
crc32,16,0.05,94,128,160,4,detectado
crc32,16,0.05,95,128,160,12,detectado
crc32,16,0.05,96,128,160,8,detectado
crc32,16,0.05,97,128,160,11,detectado
crc32,16,0.05,98,128,160,9,detectado
crc32,16,0.05,99,128,160,4,detectado
crc32,16,0.05,100,128,160,5,detectado
crc32,16,0.05,101,128,160,9,detectado
crc32,16,0.05,102,128,160,8,detectado
crc32,16,0.05,103,128,160,11,detectado
crc32,16,0.05,104,128,160,8,detectado
crc32,16,0.05,105,128,160,10,detectado
crc32,16,0.05,106,128,160,7,detectado
crc32,16,0.05,107,128,160,13,detectado
crc32,16,0.05,108,128,160,15,detectado
crc32,16,0.05,109,128,160,9,detectado
crc32,16,0.05,110,128,160,10,detectado
crc32,16,0.05,111,128,160,5,detectado
crc32,16,0.05,112,128,160,8,detectado
crc32,16,0.05,113,128,160,14,detectado
crc32,16,0.05,114,128,160,8,detectado
crc32,16,0.05,115,128,160,10,detectado
crc32,16,0.05,116,128,160,6,detectado
crc32,16,0.05,117,128,160,9,detectado
crc32,16,0.05,118,128,160,5,detectado
crc32,16,0.05,119,128,160,11,detectado
crc32,16,0.05,120,128,160,7,detectado
crc32,16,0.05,121,128,160,9,detectado
crc32,16,0.05,122,128,160,9,detectado
crc32,16,0.05,123,128,160,9,detectado
crc32,16,0.05,124,128,160,9,detectado
crc32,16,0.05,125,128,160,13,detectado
crc32,16,0.05,126,128,160,5,detectado
crc32,16,0.05,127,128,160,4,detectado
crc32,16,0.05,128,128,160,13,detectado
crc32,16,0.05,129,128,160,3,detectado
crc32,16,0.05,130,128,160,11,detectado
crc32,16,0.05,131,128,160,13,detectado
crc32,16,0.05,132,128,160,5,detectado
crc32,16,0.05,133,128,160,10,detectado
crc32,16,0.05,134,128,160,8,detectado
crc32,16,0.05,135,128,160,14,detectado
crc32,16,0.05,136,128,160,6,detectado
crc32,16,0.05,137,128,160,5,detectado
crc32,16,0.05,138,128,160,7,detectado
crc32,16,0.05,139,128,160,12,detectado
crc32,16,0.05,140,128,160,4,detectado
crc32,16,0.05,141,128,160,9,detectado
crc32,16,0.05,142,128,160,4,detectado
crc32,16,0.05,143,128,160,8,detectado
crc32,16,0.05,144,128,160,8,detectado
crc32,16,0.05,145,128,160,9,detectado
crc32,16,0.05,146,128,160,8,detectado
crc32,16,0.05,147,128,160,11,detectado
crc32,16,0.05,148,128,160,7,detectado
crc32,16,0.05,149,128,160,7,detectado
crc32,16,0.05,150,128,160,8,detectado
crc32,16,0.05,151,128,160,11,detectado
crc32,16,0.05,152,128,160,7,detectado
crc32,16,0.05,153,128,160,6,detectado
crc32,16,0.05,154,128,160,9,detectado
crc32,16,0.05,155,128,160,16,detectado
crc32,16,0.05,156,128,160,6,detectado
crc32,16,0.05,157,128,160,14,detectado
crc32,16,0.05,158,128,160,5,detectado
crc32,16,0.05,159,128,160,11,detectado
crc32,16,0.05,160,128,160,9,detectado
crc32,16,0.05,161,128,160,8,detectado
crc32,16,0.05,162,128,160,4,detectado
crc32,16,0.05,163,128,160,10,detectado
crc32,16,0.05,164,128,160,8,detectado
crc32,16,0.05,165,128,160,7,detectado
crc32,16,0.05,166,128,160,9,detectado
crc32,16,0.05,167,128,160,11,detectado
crc32,16,0.05,168,128,160,6,detectado
crc32,16,0.05,169,128,160,11,detectado
crc32,16,0.05,170,128,160,2,detectado
crc32,16,0.05,171,128,160,7,detectado
crc32,16,0.05,172,128,160,7,detectado
crc32,16,0.05,173,128,160,9,detectado
crc32,16,0.05,174,128,160,11,detectado
crc32,16,0.05,175,128,160,9,detectado
crc32,16,0.05,176,128,160,17,detectado
crc32,16,0.05,177,128,160,7,detectado
crc32,16,0.05,178,128,160,17,detectado
crc32,16,0.05,179,128,160,8,detectado
crc32,16,0.05,180,128,160,6,detectado
crc32,16,0.05,181,128,160,7,detectado
crc32,16,0.05,182,128,160,14,detectado
crc32,16,0.05,183,128,160,8,detectado
crc32,16,0.05,184,128,160,10,detectado
crc32,16,0.05,185,128,160,5,detectado
crc32,16,0.05,186,128,160,5,detectado
crc32,16,0.05,187,128,160,8,detectado
crc32,16,0.05,188,128,160,17,detectado
crc32,16,0.05,189,128,160,4,detectado
crc32,16,0.05,190,128,160,10,detectado
crc32,16,0.05,191,128,160,3,detectado
crc32,16,0.05,192,128,160,3,detectado
crc32,16,0.05,193,128,160,11,detectado
crc32,16,0.05,194,128,160,7,detectado
crc32,16,0.05,195,128,160,9,detectado
crc32,16,0.05,196,128,160,7,detectado
crc32,16,0.05,197,128,160,7,detectado
crc32,16,0.05,198,128,160,8,detectado
crc32,16,0.05,199,128,160,7,detectado
crc32,16,0.1,0,128,160,17,detectado
crc32,16,0.1,1,128,160,24,detectado
crc32,16,0.1,2,128,160,19,detectado
crc32,16,0.1,3,128,160,15,detectado
crc32,16,0.1,4,128,160,16,detectado
crc32,16,0.1,5,128,160,10,detectado
crc32,16,0.1,6,128,160,12,detectado
crc32,16,0.1,7,128,160,17,detectado
crc32,16,0.1,8,128,160,15,detectado
crc32,16,0.1,9,128,160,16,detectado
crc32,16,0.1,10,128,160,16,detectado
crc32,16,0.1,11,128,160,19,detectado
crc32,16,0.1,12,128,160,18,detectado
crc32,16,0.1,13,128,160,21,detectado
crc32,16,0.1,14,128,160,10,detectado
crc32,16,0.1,15,128,160,13,detectado
crc32,16,0.1,16,128,160,11,detectado
crc32,16,0.1,17,128,160,8,detectado
crc32,16,0.1,18,128,160,15,detectado
crc32,16,0.1,19,128,160,14,detectado
crc32,16,0.1,20,128,160,22,detectado
crc32,16,0.1,21,128,160,14,detectado
crc32,16,0.1,22,128,160,18,detectado
crc32,16,0.1,23,128,160,20,detectado
crc32,16,0.1,24,128,160,14,detectado
crc32,16,0.1,25,128,160,12,detectado
crc32,16,0.1,26,128,160,23,detectado
crc32,16,0.1,27,128,160,13,detectado
crc32,16,0.1,28,128,160,20,detectado
crc32,16,0.1,29,128,160,10,detectado
crc32,16,0.1,30,128,160,13,detectado
crc32,16,0.1,31,128,160,16,detectado
crc32,16,0.1,32,128,160,14,detectado
crc32,16,0.1,33,128,160,15,detectado
crc32,16,0.1,34,128,160,10,detectado
crc32,16,0.1,35,128,160,9,detectado
crc32,16,0.1,36,128,160,18,detectado
crc32,16,0.1,37,128,160,19,detectado
crc32,16,0.1,38,128,160,15,detectado
crc32,16,0.1,39,128,160,11,detectado
crc32,16,0.1,40,128,160,16,detectado
crc32,16,0.1,41,128,160,18,detectado
crc32,16,0.1,42,128,160,16,detectado
crc32,16,0.1,43,128,160,16,detectado
crc32,16,0.1,44,128,160,19,detectado
crc32,16,0.1,45,128,160,16,detectado
crc32,16,0.1,46,128,160,15,detectado
crc32,16,0.1,47,128,160,12,detectado
crc32,16,0.1,48,128,160,16,detectado
crc32,16,0.1,49,128,160,16,detectado
crc32,16,0.1,50,128,160,13,detectado
crc32,16,0.1,51,128,160,20,detectado
crc32,16,0.1,52,128,160,13,detectado
crc32,16,0.1,53,128,160,19,detectado
crc32,16,0.1,54,128,160,16,detectado
crc32,16,0.1,55,128,160,18,detectado
crc32,16,0.1,56,128,160,18,detectado
crc32,16,0.1,57,128,160,13,detectado
crc32,16,0.1,58,128,160,19,detectado
crc32,16,0.1,59,128,160,22,detectado
crc32,16,0.1,60,128,160,14,detectado
crc32,16,0.1,61,128,160,16,detectado
crc32,16,0.1,62,128,160,16,detectado
crc32,16,0.1,63,128,160,19,detectado
crc32,16,0.1,64,128,160,19,detectado
crc32,16,0.1,65,128,160,18,detectado
crc32,16,0.1,66,128,160,16,detectado
crc32,16,0.1,67,128,160,18,detectado
crc32,16,0.1,68,128,160,19,detectado
crc32,16,0.1,69,128,160,15,detectado
crc32,16,0.1,70,128,160,17,detectado
crc32,16,0.1,71,128,160,10,detectado
crc32,16,0.1,72,128,160,12,detectado
crc32,16,0.1,73,128,160,14,detectado
crc32,16,0.1,74,128,160,15,detectado
crc32,16,0.1,75,128,160,18,detectado
crc32,16,0.1,76,128,160,15,detectado
crc32,16,0.1,77,128,160,20,detectado
crc32,16,0.1,78,128,160,10,detectado
crc32,16,0.1,79,128,160,12,detectado
crc32,16,0.1,80,128,160,22,detectado
crc32,16,0.1,81,128,160,18,detectado
crc32,16,0.1,82,128,160,17,detectado
crc32,16,0.1,83,128,160,19,detectado
crc32,16,0.1,84,128,160,12,detectado
crc32,16,0.1,85,128,160,13,detectado
crc32,16,0.1,86,128,160,14,detectado
crc32,16,0.1,87,128,160,12,detectado
crc32,16,0.1,88,128,160,23,detectado
crc32,16,0.1,89,128,160,14,detectado
crc32,16,0.1,90,128,160,21,detectado
crc32,16,0.1,91,128,160,12,detectado
crc32,16,0.1,92,128,160,11,detectado
crc32,16,0.1,93,128,160,18,detectado
crc32,16,0.1,94,128,160,13,detectado
crc32,16,0.1,95,128,160,17,detectado
crc32,16,0.1,96,128,160,12,detectado
crc32,16,0.1,97,128,160,17,detectado
crc32,16,0.1,98,128,160,17,detectado
crc32,16,0.1,99,128,160,18,detectado
crc32,16,0.1,100,128,160,16,detectado
crc32,16,0.1,101,128,160,17,detectado
crc32,16,0.1,102,128,160,12,detectado
crc32,16,0.1,103,128,160,16,detectado
crc32,16,0.1,104,128,160,15,detectado
crc32,16,0.1,105,128,160,16,detectado
crc32,16,0.1,106,128,160,11,detectado
crc32,16,0.1,107,128,160,9,detectado
crc32,16,0.1,108,128,160,13,detectado
crc32,16,0.1,109,128,160,14,detectado
crc32,16,0.1,110,128,160,13,detectado
crc32,16,0.1,111,128,160,16,detectado
crc32,16,0.1,112,128,160,20,detectado
crc32,16,0.1,113,128,160,16,detectado
crc32,16,0.1,114,128,160,16,detectado
crc32,16,0.1,115,128,160,16,detectado
crc32,16,0.1,116,128,160,16,detectado
crc32,16,0.1,117,128,160,20,detectado
crc32,16,0.1,118,128,160,13,detectado
crc32,16,0.1,119,128,160,19,detectado
crc32,16,0.1,120,128,160,17,detectado
crc32,16,0.1,121,128,160,21,detectado
crc32,16,0.1,122,128,160,8,detectado
crc32,16,0.1,123,128,160,12,detectado
crc32,16,0.1,124,128,160,18,detectado
crc32,16,0.1,125,128,160,19,detectado
crc32,16,0.1,126,128,160,10,detectado
crc32,16,0.1,127,128,160,14,detectado
crc32,16,0.1,128,128,160,18,detectado
crc32,16,0.1,129,128,160,20,detectado
crc32,16,0.1,130,128,160,16,detectado
crc32,16,0.1,131,128,160,16,detectado
crc32,16,0.1,132,128,160,17,detectado
crc32,16,0.1,133,128,160,20,detectado
crc32,16,0.1,134,128,160,18,detectado
crc32,16,0.1,135,128,160,16,detectado
crc32,16,0.1,136,128,160,18,detectado
crc32,16,0.1,137,128,160,19,detectado
crc32,16,0.1,138,128,160,23,detectado
crc32,16,0.1,139,128,160,15,detectado
crc32,16,0.1,140,128,160,22,detectado
crc32,16,0.1,141,128,160,14,detectado
crc32,16,0.1,142,128,160,18,detectado
crc32,16,0.1,143,128,160,23,detectado
crc32,16,0.1,144,128,160,20,detectado
crc32,16,0.1,145,128,160,9,detectado
crc32,16,0.1,146,128,160,13,detectado
crc32,16,0.1,147,128,160,11,detectado
crc32,16,0.1,148,128,160,16,detectado
crc32,16,0.1,149,128,160,18,detectado
crc32,16,0.1,150,128,160,18,detectado
crc32,16,0.1,151,128,160,18,detectado
crc32,16,0.1,152,128,160,16,detectado
crc32,16,0.1,153,128,160,15,detectado
crc32,16,0.1,154,128,160,11,detectado
crc32,16,0.1,155,128,160,13,detectado
crc32,16,0.1,156,128,160,12,detectado
crc32,16,0.1,157,128,160,10,detectado
crc32,16,0.1,158,128,160,21,detectado
crc32,16,0.1,159,128,160,14,detectado
crc32,16,0.1,160,128,160,7,detectado
crc32,16,0.1,161,128,160,11,detectado
crc32,16,0.1,162,128,160,13,detectado
crc32,16,0.1,163,128,160,14,detectado
crc32,16,0.1,164,128,160,12,detectado
crc32,16,0.1,165,128,160,17,detectado
crc32,16,0.1,166,128,160,22,detectado
crc32,16,0.1,167,128,160,12,detectado
crc32,16,0.1,168,128,160,23,detectado
crc32,16,0.1,169,128,160,13,detectado
crc32,16,0.1,170,128,160,9,detectado
crc32,16,0.1,171,128,160,17,detectado
crc32,16,0.1,172,128,160,9,detectado
crc32,16,0.1,173,128,160,21,detectado
crc32,16,0.1,174,128,160,18,detectado
crc32,16,0.1,175,128,160,14,detectado
crc32,16,0.1,176,128,160,21,detectado
crc32,16,0.1,177,128,160,25,detectado
crc32,16,0.1,178,128,160,11,detectado
crc32,16,0.1,179,128,160,23,detectado
crc32,16,0.1,180,128,160,16,detectado
crc32,16,0.1,181,128,160,15,detectado
crc32,16,0.1,182,128,160,14,detectado
crc32,16,0.1,183,128,160,16,detectado
crc32,16,0.1,184,128,160,13,detectado
crc32,16,0.1,185,128,160,18,detectado
crc32,16,0.1,186,128,160,22,detectado
crc32,16,0.1,187,128,160,13,detectado
crc32,16,0.1,188,128,160,19,detectado
crc32,16,0.1,189,128,160,10,detectado
crc32,16,0.1,190,128,160,14,detectado
crc32,16,0.1,191,128,160,17,detectado
crc32,16,0.1,192,128,160,17,detectado
crc32,16,0.1,193,128,160,14,detectado
crc32,16,0.1,194,128,160,14,detectado
crc32,16,0.1,195,128,160,16,detectado
crc32,16,0.1,196,128,160,15,detectado
crc32,16,0.1,197,128,160,16,detectado
crc32,16,0.1,198,128,160,16,detectado
crc32,16,0.1,199,128,160,20,detectado
crc32,64,0.001,0,512,544,0,exito
crc32,64,0.001,1,512,544,1,detectado
crc32,64,0.001,2,512,544,0,exito
crc32,64,0.001,3,512,544,0,exito
crc32,64,0.001,4,512,544,3,detectado
crc32,64,0.001,5,512,544,3,detectado
crc32,64,0.001,6,512,544,0,exito
crc32,64,0.001,7,512,544,2,detectado
crc32,64,0.001,8,512,544,0,exito
crc32,64,0.001,9,512,544,0,exito
crc32,64,0.001,10,512,544,0,exito
crc32,64,0.001,11,512,544,0,exito
crc32,64,0.001,12,512,544,1,detectado
crc32,64,0.001,13,512,544,0,exito
crc32,64,0.001,14,512,544,0,exito
crc32,64,0.001,15,512,544,0,exito
crc32,64,0.001,16,512,544,1,detectado
crc32,64,0.001,17,512,544,1,detectado
crc32,64,0.001,18,512,544,1,detectado
crc32,64,0.001,19,512,544,0,exito
crc32,64,0.001,20,512,544,1,detectado
crc32,64,0.001,21,512,544,1,detectado
crc32,64,0.001,22,512,544,0,exito
crc32,64,0.001,23,512,544,1,detectado
crc32,64,0.001,24,512,544,0,exito
crc32,64,0.001,25,512,544,0,exito
crc32,64,0.001,26,512,544,0,exito
crc32,64,0.001,27,512,544,2,detectado
crc32,64,0.001,28,512,544,0,exito
crc32,64,0.001,29,512,544,1,detectado
crc32,64,0.001,30,512,544,0,exito
crc32,64,0.001,31,512,544,0,exito
crc32,64,0.001,32,512,544,0,exito
crc32,64,0.001,33,512,544,1,detectado
crc32,64,0.001,34,512,544,1,detectado
crc32,64,0.001,35,512,544,0,exito
crc32,64,0.001,36,512,544,1,detectado
crc32,64,0.001,37,512,544,1,detectado
crc32,64,0.001,38,512,544,1,detectado
crc32,64,0.001,39,512,544,1,detectado
crc32,64,0.001,40,512,544,2,detectado
crc32,64,0.001,41,512,544,0,exito
crc32,64,0.001,42,512,544,0,exito
crc32,64,0.001,43,512,544,0,exito
crc32,64,0.001,44,512,544,0,exito
crc32,64,0.001,45,512,544,0,exito
crc32,64,0.001,46,512,544,0,exito
crc32,64,0.001,47,512,544,0,exito
crc32,64,0.001,48,512,544,1,detectado
crc32,64,0.001,49,512,544,0,exito
crc32,64,0.001,50,512,544,1,detectado
crc32,64,0.001,51,512,544,1,detectado
crc32,64,0.001,52,512,544,1,detectado
crc32,64,0.001,53,512,544,0,exito
crc32,64,0.001,54,512,544,1,detectado
crc32,64,0.001,55,512,544,0,exito
crc32,64,0.001,56,512,544,1,detectado
crc32,64,0.001,57,512,544,1,detectado
crc32,64,0.001,58,512,544,1,detectado
crc32,64,0.001,59,512,544,0,exito
crc32,64,0.001,60,512,544,0,exito
crc32,64,0.001,61,512,544,0,exito
crc32,64,0.001,62,512,544,0,exito
crc32,64,0.001,63,512,544,1,detectado
crc32,64,0.001,64,512,544,0,exito
crc32,64,0.001,65,512,544,0,exito
crc32,64,0.001,66,512,544,1,detectado
crc32,64,0.001,67,512,544,0,exito
crc32,64,0.001,68,512,544,1,detectado
crc32,64,0.001,69,512,544,0,exito
crc32,64,0.001,70,512,544,2,detectado
crc32,64,0.001,71,512,544,0,exito
crc32,64,0.001,72,512,544,1,detectado
crc32,64,0.001,73,512,544,0,exito
crc32,64,0.001,74,512,544,1,detectado
crc32,64,0.001,75,512,544,0,exito
crc32,64,0.001,76,512,544,0,exito
crc32,64,0.001,77,512,544,1,detectado
crc32,64,0.001,78,512,544,2,detectado
crc32,64,0.001,79,512,544,0,exito
crc32,64,0.001,80,512,544,0,exito
crc32,64,0.001,81,512,544,1,detectado
crc32,64,0.001,82,512,544,0,exito
crc32,64,0.001,83,512,544,0,exito
crc32,64,0.001,84,512,544,1,detectado
crc32,64,0.001,85,512,544,1,detectado
crc32,64,0.001,86,512,544,0,exito
crc32,64,0.001,87,512,544,1,detectado
crc32,64,0.001,88,512,544,0,exito
crc32,64,0.001,89,512,544,0,exito
crc32,64,0.001,90,512,544,2,detectado
crc32,64,0.001,91,512,544,0,exito
crc32,64,0.001,92,512,544,0,exito
crc32,64,0.001,93,512,544,0,exito
crc32,64,0.001,94,512,544,0,exito
crc32,64,0.001,95,512,544,0,exito
crc32,64,0.001,96,512,544,1,detectado
crc32,64,0.001,97,512,544,2,detectado
crc32,64,0.001,98,512,544,1,detectado
crc32,64,0.001,99,512,544,1,detectado
crc32,64,0.001,100,512,544,0,exito
crc32,64,0.001,101,512,544,1,detectado
crc32,64,0.001,102,512,544,0,exito
crc32,64,0.001,103,512,544,0,exito
crc32,64,0.001,104,512,544,0,exito
crc32,64,0.001,105,512,544,0,exito
crc32,64,0.001,106,512,544,0,exito
crc32,64,0.001,107,512,544,1,detectado
crc32,64,0.001,108,512,544,0,exito
crc32,64,0.001,109,512,544,0,exito
crc32,64,0.001,110,512,544,0,exito
crc32,64,0.001,111,512,544,2,detectado
crc32,64,0.001,112,512,544,0,exito
crc32,64,0.001,113,512,544,0,exito
crc32,64,0.001,114,512,544,0,exito
crc32,64,0.001,115,512,544,0,exito
crc32,64,0.001,116,512,544,1,detectado
crc32,64,0.001,117,512,544,0,exito
crc32,64,0.001,118,512,544,1,detectado
crc32,64,0.001,119,512,544,0,exito
crc32,64,0.001,120,512,544,0,exito
crc32,64,0.001,121,512,544,0,exito
crc32,64,0.001,122,512,544,0,exito
crc32,64,0.001,123,512,544,0,exito
crc32,64,0.001,124,512,544,1,detectado
crc32,64,0.001,125,512,544,0,exito
crc32,64,0.001,126,512,544,0,exito
crc32,64,0.001,127,512,544,1,detectado
crc32,64,0.001,128,512,544,1,detectado
crc32,64,0.001,129,512,544,0,exito
crc32,64,0.001,130,512,544,1,detectado
crc32,64,0.001,131,512,544,2,detectado
crc32,64,0.001,132,512,544,0,exito
crc32,64,0.001,133,512,544,0,exito
crc32,64,0.001,134,512,544,0,exito
crc32,64,0.001,135,512,544,0,exito
crc32,64,0.001,136,512,544,0,exito
crc32,64,0.001,137,512,544,0,exito
crc32,64,0.001,138,512,544,1,detectado
crc32,64,0.001,139,512,544,0,exito
crc32,64,0.001,140,512,544,0,exito
crc32,64,0.001,141,512,544,0,exito
crc32,64,0.001,142,512,544,1,detectado
crc32,64,0.001,143,512,544,2,detectado
crc32,64,0.001,144,512,544,2,detectado
crc32,64,0.001,145,512,544,1,detectado
crc32,64,0.001,146,512,544,1,detectado
crc32,64,0.001,147,512,544,1,detectado
crc32,64,0.001,148,512,544,0,exito
crc32,64,0.001,149,512,544,2,detectado
crc32,64,0.001,150,512,544,0,exito
crc32,64,0.001,151,512,544,0,exito
crc32,64,0.001,152,512,544,0,exito
crc32,64,0.001,153,512,544,2,detectado
crc32,64,0.001,154,512,544,0,exito
crc32,64,0.001,155,512,544,1,detectado
crc32,64,0.001,156,512,544,0,exito
crc32,64,0.001,157,512,544,0,exito
crc32,64,0.001,158,512,544,0,exito
crc32,64,0.001,159,512,544,0,exito
crc32,64,0.001,160,512,544,0,exito
crc32,64,0.001,161,512,544,0,exito
crc32,64,0.001,162,512,544,0,exito
crc32,64,0.001,163,512,544,1,detectado
crc32,64,0.001,164,512,544,1,detectado
crc32,64,0.001,165,512,544,0,exito
crc32,64,0.001,166,512,544,0,exito
crc32,64,0.001,167,512,544,1,detectado
crc32,64,0.001,168,512,544,0,exito
crc32,64,0.001,169,512,544,0,exito
crc32,64,0.001,170,512,544,0,exito
crc32,64,0.001,171,512,544,0,exito
crc32,64,0.001,172,512,544,0,exito
crc32,64,0.001,173,512,544,0,exito
crc32,64,0.001,174,512,544,0,exito
crc32,64,0.001,175,512,544,0,exito
crc32,64,0.001,176,512,544,0,exito
crc32,64,0.001,177,512,544,1,detectado
crc32,64,0.001,178,512,544,1,detectado
crc32,64,0.001,179,512,544,0,exito
crc32,64,0.001,180,512,544,0,exito
crc32,64,0.001,181,512,544,2,detectado
crc32,64,0.001,182,512,544,1,detectado
crc32,64,0.001,183,512,544,1,detectado
crc32,64,0.001,184,512,544,2,detectado
crc32,64,0.001,185,512,544,0,exito
crc32,64,0.001,186,512,544,2,detectado
crc32,64,0.001,187,512,544,1,detectado
crc32,64,0.001,188,512,544,0,exito
crc32,64,0.001,189,512,544,0,exito
crc32,64,0.001,190,512,544,1,detectado
crc32,64,0.001,191,512,544,0,exito
crc32,64,0.001,192,512,544,1,detectado
crc32,64,0.001,193,512,544,2,detectado
crc32,64,0.001,194,512,544,0,exito
crc32,64,0.001,195,512,544,1,detectado
crc32,64,0.001,196,512,544,1,detectado
crc32,64,0.001,197,512,544,0,exito
crc32,64,0.001,198,512,544,1,detectado
crc32,64,0.001,199,512,544,0,exito
crc32,64,0.002,0,512,544,0,exito
crc32,64,0.002,1,512,544,1,detectado
crc32,64,0.002,2,512,544,0,exito
crc32,64,0.002,3,512,544,2,detectado
crc32,64,0.002,4,512,544,0,exito
crc32,64,0.002,5,512,544,0,exito
crc32,64,0.002,6,512,544,1,detectado
crc32,64,0.002,7,512,544,2,detectado
crc32,64,0.002,8,512,544,4,detectado
crc32,64,0.002,9,512,544,0,exito
crc32,64,0.002,10,512,544,2,detectado
crc32,64,0.002,11,512,544,0,exito
crc32,64,0.002,12,512,544,0,exito
crc32,64,0.002,13,512,544,2,detectado
crc32,64,0.002,14,512,544,2,detectado
crc32,64,0.002,15,512,544,4,detectado
crc32,64,0.002,16,512,544,0,exito
crc32,64,0.002,17,512,544,1,detectado
crc32,64,0.002,18,512,544,2,detectado
crc32,64,0.002,19,512,544,0,exito
crc32,64,0.002,20,512,544,1,detectado
crc32,64,0.002,21,512,544,1,detectado
crc32,64,0.002,22,512,544,0,exito
crc32,64,0.002,23,512,544,0,exito
crc32,64,0.002,24,512,544,1,detectado
crc32,64,0.002,25,512,544,1,detectado
crc32,64,0.002,26,512,544,0,exito
crc32,64,0.002,27,512,544,0,exito
crc32,64,0.002,28,512,544,1,detectado
crc32,64,0.002,29,512,544,1,detectado
crc32,64,0.002,30,512,544,0,exito
crc32,64,0.002,31,512,544,3,detectado
crc32,64,0.002,32,512,544,1,detectado
crc32,64,0.002,33,512,544,3,detectado
crc32,64,0.002,34,512,544,1,detectado
crc32,64,0.002,35,512,544,0,exito
crc32,64,0.002,36,512,544,1,detectado
crc32,64,0.002,37,512,544,2,detectado
crc32,64,0.002,38,512,544,1,detectado
crc32,64,0.002,39,512,544,0,exito
crc32,64,0.002,40,512,544,0,exito
crc32,64,0.002,41,512,544,0,exito
crc32,64,0.002,42,512,544,0,exito
crc32,64,0.002,43,512,544,1,detectado
crc32,64,0.002,44,512,544,3,detectado
crc32,64,0.002,45,512,544,1,detectado
crc32,64,0.002,46,512,544,4,detectado
crc32,64,0.002,47,512,544,1,detectado
crc32,64,0.002,48,512,544,0,exito
crc32,64,0.002,49,512,544,2,detectado
crc32,64,0.002,50,512,544,2,detectado
crc32,64,0.002,51,512,544,0,exito
crc32,64,0.002,52,512,544,0,exito
crc32,64,0.002,53,512,544,0,exito
crc32,64,0.002,54,512,544,3,detectado
crc32,64,0.002,55,512,544,1,detectado
crc32,64,0.002,56,512,544,1,detectado
crc32,64,0.002,57,512,544,0,exito
crc32,64,0.002,58,512,544,1,detectado
crc32,64,0.002,59,512,544,2,detectado
crc32,64,0.002,60,512,544,2,detectado
crc32,64,0.002,61,512,544,1,detectado
crc32,64,0.002,62,512,544,1,detectado
crc32,64,0.002,63,512,544,1,detectado
crc32,64,0.002,64,512,544,2,detectado
crc32,64,0.002,65,512,544,0,exito
crc32,64,0.002,66,512,544,1,detectado
crc32,64,0.002,67,512,544,0,exito
crc32,64,0.002,68,512,544,0,exito
crc32,64,0.002,69,512,544,2,detectado
crc32,64,0.002,70,512,544,3,detectado
crc32,64,0.002,71,512,544,1,detectado
crc32,64,0.002,72,512,544,1,detectado
crc32,64,0.002,73,512,544,0,exito
crc32,64,0.002,74,512,544,1,detectado
crc32,64,0.002,75,512,544,1,detectado
crc32,64,0.002,76,512,544,1,detectado
crc32,64,0.002,77,512,544,0,exito
crc32,64,0.002,78,512,544,1,detectado
crc32,64,0.002,79,512,544,0,exito
crc32,64,0.002,80,512,544,0,exito
crc32,64,0.002,81,512,544,0,exito
crc32,64,0.002,82,512,544,0,exito
crc32,64,0.002,83,512,544,0,exito
crc32,64,0.002,84,512,544,1,detectado
crc32,64,0.002,85,512,544,2,detectado
crc32,64,0.002,86,512,544,2,detectado
crc32,64,0.002,87,512,544,1,detectado
crc32,64,0.002,88,512,544,1,detectado
crc32,64,0.002,89,512,544,0,exito
crc32,64,0.002,90,512,544,1,detectado
crc32,64,0.002,91,512,544,1,detectado
crc32,64,0.002,92,512,544,0,exito
crc32,64,0.002,93,512,544,1,detectado
crc32,64,0.002,94,512,544,1,detectado
crc32,64,0.002,95,512,544,0,exito
crc32,64,0.002,96,512,544,0,exito
crc32,64,0.002,97,512,544,1,detectado
crc32,64,0.002,98,512,544,1,detectado
crc32,64,0.002,99,512,544,2,detectado
crc32,64,0.002,100,512,544,0,exito
crc32,64,0.002,101,512,544,0,exito
crc32,64,0.002,102,512,544,1,detectado
crc32,64,0.002,103,512,544,0,exito
crc32,64,0.002,104,512,544,2,detectado
crc32,64,0.002,105,512,544,2,detectado
crc32,64,0.002,106,512,544,1,detectado
crc32,64,0.002,107,512,544,3,detectado
crc32,64,0.002,108,512,544,1,detectado
crc32,64,0.002,109,512,544,1,detectado
crc32,64,0.002,110,512,544,0,exito
crc32,64,0.002,111,512,544,0,exito
crc32,64,0.002,112,512,544,2,detectado
crc32,64,0.002,113,512,544,0,exito
crc32,64,0.002,114,512,544,2,detectado
crc32,64,0.002,115,512,544,1,detectado
crc32,64,0.002,116,512,544,2,detectado
crc32,64,0.002,117,512,544,0,exito
crc32,64,0.002,118,512,544,0,exito
crc32,64,0.002,119,512,544,0,exito
crc32,64,0.002,120,512,544,2,detectado
crc32,64,0.002,121,512,544,1,detectado
crc32,64,0.002,122,512,544,3,detectado
crc32,64,0.002,123,512,544,1,detectado
crc32,64,0.002,124,512,544,0,exito
crc32,64,0.002,125,512,544,1,detectado
crc32,64,0.002,126,512,544,2,detectado
crc32,64,0.002,127,512,544,1,detectado
crc32,64,0.002,128,512,544,1,detectado
crc32,64,0.002,129,512,544,1,detectado
crc32,64,0.002,130,512,544,0,exito
crc32,64,0.002,131,512,544,2,detectado
crc32,64,0.002,132,512,544,1,detectado
crc32,64,0.002,133,512,544,2,detectado
crc32,64,0.002,134,512,544,3,detectado
crc32,64,0.002,135,512,544,0,exito
crc32,64,0.002,136,512,544,2,detectado
crc32,64,0.002,137,512,544,2,detectado
crc32,64,0.002,138,512,544,2,detectado
crc32,64,0.002,139,512,544,2,detectado
crc32,64,0.002,140,512,544,1,detectado
crc32,64,0.002,141,512,544,0,exito
crc32,64,0.002,142,512,544,1,detectado
crc32,64,0.002,143,512,544,1,detectado
crc32,64,0.002,144,512,544,0,exito
crc32,64,0.002,145,512,544,0,exito
crc32,64,0.002,146,512,544,0,exito
crc32,64,0.002,147,512,544,2,detectado
crc32,64,0.002,148,512,544,0,exito
crc32,64,0.002,149,512,544,1,detectado
crc32,64,0.002,150,512,544,1,detectado
crc32,64,0.002,151,512,544,3,detectado
crc32,64,0.002,152,512,544,1,detectado
crc32,64,0.002,153,512,544,1,detectado
crc32,64,0.002,154,512,544,1,detectado
crc32,64,0.002,155,512,544,1,detectado
crc32,64,0.002,156,512,544,1,detectado
crc32,64,0.002,157,512,544,1,detectado
crc32,64,0.002,158,512,544,0,exito
crc32,64,0.002,159,512,544,1,detectado
crc32,64,0.002,160,512,544,3,detectado
crc32,64,0.002,161,512,544,0,exito
crc32,64,0.002,162,512,544,2,detectado
crc32,64,0.002,163,512,544,0,exito
crc32,64,0.002,164,512,544,0,exito
crc32,64,0.002,165,512,544,0,exito
crc32,64,0.002,166,512,544,2,detectado
crc32,64,0.002,167,512,544,2,detectado
crc32,64,0.002,168,512,544,2,detectado
crc32,64,0.002,169,512,544,1,detectado
crc32,64,0.002,170,512,544,1,detectado
crc32,64,0.002,171,512,544,0,exito
crc32,64,0.002,172,512,544,2,detectado
crc32,64,0.002,173,512,544,3,detectado
crc32,64,0.002,174,512,544,1,detectado
crc32,64,0.002,175,512,544,0,exito
crc32,64,0.002,176,512,544,2,detectado
crc32,64,0.002,177,512,544,1,detectado
crc32,64,0.002,178,512,544,0,exito
crc32,64,0.002,179,512,544,1,detectado
crc32,64,0.002,180,512,544,2,detectado
crc32,64,0.002,181,512,544,1,detectado
crc32,64,0.002,182,512,544,0,exito
crc32,64,0.002,183,512,544,0,exito
crc32,64,0.002,184,512,544,2,detectado
crc32,64,0.002,185,512,544,2,detectado
crc32,64,0.002,186,512,544,0,exito
crc32,64,0.002,187,512,544,0,exito
crc32,64,0.002,188,512,544,1,detectado
crc32,64,0.002,189,512,544,0,exito
crc32,64,0.002,190,512,544,0,exito
crc32,64,0.002,191,512,544,0,exito
crc32,64,0.002,192,512,544,0,exito
crc32,64,0.002,193,512,544,0,exito
crc32,64,0.002,194,512,544,0,exito
crc32,64,0.002,195,512,544,1,detectado
crc32,64,0.002,196,512,544,1,detectado
crc32,64,0.002,197,512,544,0,exito
crc32,64,0.002,198,512,544,1,detectado
crc32,64,0.002,199,512,544,0,exito
crc32,64,0.005,0,512,544,1,detectado
crc32,64,0.005,1,512,544,4,detectado
crc32,64,0.005,2,512,544,5,detectado
crc32,64,0.005,3,512,544,3,detectado
crc32,64,0.005,4,512,544,2,detectado
crc32,64,0.005,5,512,544,2,detectado
crc32,64,0.005,6,512,544,1,detectado
crc32,64,0.005,7,512,544,1,detectado
crc32,64,0.005,8,512,544,1,detectado
crc32,64,0.005,9,512,544,4,detectado
crc32,64,0.005,10,512,544,0,exito
crc32,64,0.005,11,512,544,4,detectado
crc32,64,0.005,12,512,544,6,detectado
crc32,64,0.005,13,512,544,2,detectado
crc32,64,0.005,14,512,544,6,detectado
crc32,64,0.005,15,512,544,4,detectado
crc32,64,0.005,16,512,544,3,detectado
crc32,64,0.005,17,512,544,4,detectado
crc32,64,0.005,18,512,544,5,detectado
crc32,64,0.005,19,512,544,1,detectado
crc32,64,0.005,20,512,544,4,detectado
crc32,64,0.005,21,512,544,3,detectado
crc32,64,0.005,22,512,544,3,detectado
crc32,64,0.005,23,512,544,4,detectado
crc32,64,0.005,24,512,544,0,exito
crc32,64,0.005,25,512,544,6,detectado
crc32,64,0.005,26,512,544,0,exito
crc32,64,0.005,27,512,544,1,detectado
crc32,64,0.005,28,512,544,1,detectado
crc32,64,0.005,29,512,544,3,detectado
crc32,64,0.005,30,512,544,3,detectado
crc32,64,0.005,31,512,544,3,detectado
crc32,64,0.005,32,512,544,5,detectado
crc32,64,0.005,33,512,544,1,detectado
crc32,64,0.005,34,512,544,1,detectado
crc32,64,0.005,35,512,544,1,detectado
crc32,64,0.005,36,512,544,2,detectado
crc32,64,0.005,37,512,544,0,exito
crc32,64,0.005,38,512,544,2,detectado
crc32,64,0.005,39,512,544,2,detectado
crc32,64,0.005,40,512,544,2,detectado
crc32,64,0.005,41,512,544,3,detectado
crc32,64,0.005,42,512,544,3,detectado
crc32,64,0.005,43,512,544,4,detectado
crc32,64,0.005,44,512,544,2,detectado
crc32,64,0.005,45,512,544,1,detectado
crc32,64,0.005,46,512,544,1,detectado
crc32,64,0.005,47,512,544,3,detectado
crc32,64,0.005,48,512,544,2,detectado
crc32,64,0.005,49,512,544,0,exito
crc32,64,0.005,50,512,544,4,detectado
crc32,64,0.005,51,512,544,5,detectado
crc32,64,0.005,52,512,544,2,detectado
crc32,64,0.005,53,512,544,1,detectado
crc32,64,0.005,54,512,544,1,detectado
crc32,64,0.005,55,512,544,4,detectado
crc32,64,0.005,56,512,544,2,detectado
crc32,64,0.005,57,512,544,4,detectado
crc32,64,0.005,58,512,544,4,detectado
crc32,64,0.005,59,512,544,4,detectado
crc32,64,0.005,60,512,544,4,detectado
crc32,64,0.005,61,512,544,5,detectado
crc32,64,0.005,62,512,544,2,detectado
crc32,64,0.005,63,512,544,2,detectado
crc32,64,0.005,64,512,544,5,detectado
crc32,64,0.005,65,512,544,1,detectado
crc32,64,0.005,66,512,544,1,detectado
crc32,64,0.005,67,512,544,1,detectado
crc32,64,0.005,68,512,544,1,detectado
crc32,64,0.005,69,512,544,1,detectado
crc32,64,0.005,70,512,544,3,detectado
crc32,64,0.005,71,512,544,3,detectado
crc32,64,0.005,72,512,544,3,detectado
crc32,64,0.005,73,512,544,1,detectado
crc32,64,0.005,74,512,544,2,detectado
crc32,64,0.005,75,512,544,0,exito
crc32,64,0.005,76,512,544,5,detectado
crc32,64,0.005,77,512,544,4,detectado
crc32,64,0.005,78,512,544,4,detectado
crc32,64,0.005,79,512,544,1,detectado
crc32,64,0.005,80,512,544,6,detectado
crc32,64,0.005,81,512,544,1,detectado
crc32,64,0.005,82,512,544,1,detectado
crc32,64,0.005,83,512,544,2,detectado
crc32,64,0.005,84,512,544,1,detectado
crc32,64,0.005,85,512,544,2,detectado
crc32,64,0.005,86,512,544,1,detectado
crc32,64,0.005,87,512,544,3,detectado
crc32,64,0.005,88,512,544,1,detectado
crc32,64,0.005,89,512,544,3,detectado
crc32,64,0.005,90,512,544,6,detectado
crc32,64,0.005,91,512,544,2,detectado
crc32,64,0.005,92,512,544,7,detectado
crc32,64,0.005,93,512,544,3,detectado
crc32,64,0.005,94,512,544,4,detectado
crc32,64,0.005,95,512,544,4,detectado
crc32,64,0.005,96,512,544,1,detectado
crc32,64,0.005,97,512,544,4,detectado
crc32,64,0.005,98,512,544,2,detectado
crc32,64,0.005,99,512,544,2,detectado
crc32,64,0.005,100,512,544,2,detectado
crc32,64,0.005,101,512,544,1,detectado
crc32,64,0.005,102,512,544,3,detectado
crc32,64,0.005,103,512,544,1,detectado
crc32,64,0.005,104,512,544,2,detectado
crc32,64,0.005,105,512,544,1,detectado
crc32,64,0.005,106,512,544,4,detectado
crc32,64,0.005,107,512,544,2,detectado
crc32,64,0.005,108,512,544,0,exito
crc32,64,0.005,109,512,544,3,detectado
crc32,64,0.005,110,512,544,4,detectado
crc32,64,0.005,111,512,544,4,detectado
crc32,64,0.005,112,512,544,4,detectado
crc32,64,0.005,113,512,544,3,detectado
crc32,64,0.005,114,512,544,1,detectado
crc32,64,0.005,115,512,544,3,detectado
crc32,64,0.005,116,512,544,1,detectado
crc32,64,0.005,117,512,544,1,detectado
crc32,64,0.005,118,512,544,1,detectado
crc32,64,0.005,119,512,544,1,detectado
crc32,64,0.005,120,512,544,2,detectado
crc32,64,0.005,121,512,544,3,detectado
crc32,64,0.005,122,512,544,4,detectado
crc32,64,0.005,123,512,544,3,detectado
crc32,64,0.005,124,512,544,2,detectado
crc32,64,0.005,125,512,544,1,detectado
crc32,64,0.005,126,512,544,3,detectado
crc32,64,0.005,127,512,544,0,exito
crc32,64,0.005,128,512,544,6,detectado
crc32,64,0.005,129,512,544,1,detectado
crc32,64,0.005,130,512,544,4,detectado
crc32,64,0.005,131,512,544,2,detectado
crc32,64,0.005,132,512,544,1,detectado
crc32,64,0.005,133,512,544,1,detectado
crc32,64,0.005,134,512,544,3,detectado
crc32,64,0.005,135,512,544,2,detectado
crc32,64,0.005,136,512,544,0,exito
crc32,64,0.005,137,512,544,1,detectado
crc32,64,0.005,138,512,544,0,exito
crc32,64,0.005,139,512,544,5,detectado
crc32,64,0.005,140,512,544,1,detectado
crc32,64,0.005,141,512,544,3,detectado
crc32,64,0.005,142,512,544,3,detectado
crc32,64,0.005,143,512,544,2,detectado
crc32,64,0.005,144,512,544,4,detectado
crc32,64,0.005,145,512,544,5,detectado
crc32,64,0.005,146,512,544,4,detectado
crc32,64,0.005,147,512,544,3,detectado
crc32,64,0.005,148,512,544,6,detectado
crc32,64,0.005,149,512,544,2,detectado
crc32,64,0.005,150,512,544,5,detectado
crc32,64,0.005,151,512,544,1,detectado
crc32,64,0.005,152,512,544,4,detectado
crc32,64,0.005,153,512,544,0,exito
crc32,64,0.005,154,512,544,5,detectado
crc32,64,0.005,155,512,544,6,detectado
crc32,64,0.005,156,512,544,3,detectado
crc32,64,0.005,157,512,544,4,detectado
crc32,64,0.005,158,512,544,3,detectado
crc32,64,0.005,159,512,544,3,detectado
crc32,64,0.005,160,512,544,3,detectado
crc32,64,0.005,161,512,544,3,detectado
crc32,64,0.005,162,512,544,4,detectado
crc32,64,0.005,163,512,544,4,detectado
crc32,64,0.005,164,512,544,1,detectado
crc32,64,0.005,165,512,544,2,detectado
crc32,64,0.005,166,512,544,3,detectado
crc32,64,0.005,167,512,544,4,detectado
crc32,64,0.005,168,512,544,5,detectado
crc32,64,0.005,169,512,544,1,detectado
crc32,64,0.005,170,512,544,3,detectado
crc32,64,0.005,171,512,544,3,detectado
crc32,64,0.005,172,512,544,4,detectado
crc32,64,0.005,173,512,544,5,detectado
crc32,64,0.005,174,512,544,7,detectado
crc32,64,0.005,175,512,544,0,exito
crc32,64,0.005,176,512,544,1,detectado
crc32,64,0.005,177,512,544,2,detectado
crc32,64,0.005,178,512,544,3,detectado
crc32,64,0.005,179,512,544,5,detectado
crc32,64,0.005,180,512,544,3,detectado
crc32,64,0.005,181,512,544,2,detectado
crc32,64,0.005,182,512,544,2,detectado
crc32,64,0.005,183,512,544,6,detectado
crc32,64,0.005,184,512,544,3,detectado
crc32,64,0.005,185,512,544,2,detectado
crc32,64,0.005,186,512,544,1,detectado
crc32,64,0.005,187,512,544,0,exito
crc32,64,0.005,188,512,544,2,detectado
crc32,64,0.005,189,512,544,2,detectado
crc32,64,0.005,190,512,544,1,detectado
crc32,64,0.005,191,512,544,3,detectado
crc32,64,0.005,192,512,544,1,detectado
crc32,64,0.005,193,512,544,6,detectado
crc32,64,0.005,194,512,544,5,detectado
crc32,64,0.005,195,512,544,2,detectado
crc32,64,0.005,196,512,544,3,detectado
crc32,64,0.005,197,512,544,0,exito
crc32,64,0.005,198,512,544,4,detectado
crc32,64,0.005,199,512,544,1,detectado
crc32,64,0.01,0,512,544,9,detectado
crc32,64,0.01,1,512,544,4,detectado
crc32,64,0.01,2,512,544,4,detectado
crc32,64,0.01,3,512,544,6,detectado
crc32,64,0.01,4,512,544,3,detectado
crc32,64,0.01,5,512,544,5,detectado
crc32,64,0.01,6,512,544,5,detectado
crc32,64,0.01,7,512,544,7,detectado
crc32,64,0.01,8,512,544,5,detectado
crc32,64,0.01,9,512,544,6,detectado
crc32,64,0.01,10,512,544,9,detectado
crc32,64,0.01,11,512,544,4,detectado
crc32,64,0.01,12,512,544,3,detectado
crc32,64,0.01,13,512,544,6,detectado
crc32,64,0.01,14,512,544,5,detectado
crc32,64,0.01,15,512,544,7,detectado
crc32,64,0.01,16,512,544,4,detectado
crc32,64,0.01,17,512,544,7,detectado
crc32,64,0.01,18,512,544,5,detectado
crc32,64,0.01,19,512,544,6,detectado
crc32,64,0.01,20,512,544,14,detectado
crc32,64,0.01,21,512,544,6,detectado
crc32,64,0.01,22,512,544,4,detectado
crc32,64,0.01,23,512,544,5,detectado
crc32,64,0.01,24,512,544,4,detectado
crc32,64,0.01,25,512,544,5,detectado
crc32,64,0.01,26,512,544,7,detectado
crc32,64,0.01,27,512,544,5,detectado
crc32,64,0.01,28,512,544,6,detectado
crc32,64,0.01,29,512,544,5,detectado
crc32,64,0.01,30,512,544,5,detectado
crc32,64,0.01,31,512,544,7,detectado
crc32,64,0.01,32,512,544,5,detectado
crc32,64,0.01,33,512,544,5,detectado
crc32,64,0.01,34,512,544,8,detectado
crc32,64,0.01,35,512,544,7,detectado
crc32,64,0.01,36,512,544,8,detectado
crc32,64,0.01,37,512,544,4,detectado
crc32,64,0.01,38,512,544,4,detectado
crc32,64,0.01,39,512,544,7,detectado
crc32,64,0.01,40,512,544,8,detectado
crc32,64,0.01,41,512,544,4,detectado
crc32,64,0.01,42,512,544,1,detectado
crc32,64,0.01,43,512,544,7,detectado
crc32,64,0.01,44,512,544,5,detectado
crc32,64,0.01,45,512,544,4,detectado
crc32,64,0.01,46,512,544,5,detectado
crc32,64,0.01,47,512,544,8,detectado
crc32,64,0.01,48,512,544,6,detectado
crc32,64,0.01,49,512,544,5,detectado
crc32,64,0.01,50,512,544,5,detectado
crc32,64,0.01,51,512,544,5,detectado
crc32,64,0.01,52,512,544,4,detectado
crc32,64,0.01,53,512,544,4,detectado
crc32,64,0.01,54,512,544,7,detectado
crc32,64,0.01,55,512,544,2,detectado
crc32,64,0.01,56,512,544,7,detectado
crc32,64,0.01,57,512,544,7,detectado
crc32,64,0.01,58,512,544,6,detectado
crc32,64,0.01,59,512,544,9,detectado
crc32,64,0.01,60,512,544,6,detectado
crc32,64,0.01,61,512,544,5,detectado
crc32,64,0.01,62,512,544,3,detectado
crc32,64,0.01,63,512,544,5,detectado
crc32,64,0.01,64,512,544,5,detectado
crc32,64,0.01,65,512,544,8,detectado
crc32,64,0.01,66,512,544,0,exito
crc32,64,0.01,67,512,544,6,detectado
crc32,64,0.01,68,512,544,8,detectado
crc32,64,0.01,69,512,544,2,detectado
crc32,64,0.01,70,512,544,4,detectado
crc32,64,0.01,71,512,544,3,detectado
crc32,64,0.01,72,512,544,5,detectado
crc32,64,0.01,73,512,544,6,detectado
crc32,64,0.01,74,512,544,3,detectado
crc32,64,0.01,75,512,544,9,detectado
crc32,64,0.01,76,512,544,3,detectado
crc32,64,0.01,77,512,544,9,detectado
crc32,64,0.01,78,512,544,4,detectado
crc32,64,0.01,79,512,544,3,detectado
crc32,64,0.01,80,512,544,5,detectado
crc32,64,0.01,81,512,544,5,detectado
crc32,64,0.01,82,512,544,8,detectado
crc32,64,0.01,83,512,544,8,detectado
crc32,64,0.01,84,512,544,5,detectado
crc32,64,0.01,85,512,544,6,detectado
crc32,64,0.01,86,512,544,2,detectado
crc32,64,0.01,87,512,544,7,detectado
crc32,64,0.01,88,512,544,4,detectado
crc32,64,0.01,89,512,544,7,detectado
crc32,64,0.01,90,512,544,3,detectado
crc32,64,0.01,91,512,544,4,detectado
crc32,64,0.01,92,512,544,4,detectado
crc32,64,0.01,93,512,544,9,detectado
crc32,64,0.01,94,512,544,9,detectado
crc32,64,0.01,95,512,544,1,detectado
crc32,64,0.01,96,512,544,4,detectado
crc32,64,0.01,97,512,544,8,detectado
crc32,64,0.01,98,512,544,7,detectado
crc32,64,0.01,99,512,544,7,detectado
crc32,64,0.01,100,512,544,6,detectado
crc32,64,0.01,101,512,544,5,detectado
crc32,64,0.01,102,512,544,6,detectado
crc32,64,0.01,103,512,544,6,detectado
crc32,64,0.01,104,512,544,4,detectado
crc32,64,0.01,105,512,544,5,detectado
crc32,64,0.01,106,512,544,3,detectado
crc32,64,0.01,107,512,544,3,detectado
crc32,64,0.01,108,512,544,3,detectado
crc32,64,0.01,109,512,544,5,detectado
crc32,64,0.01,110,512,544,7,detectado
crc32,64,0.01,111,512,544,2,detectado
crc32,64,0.01,112,512,544,3,detectado
crc32,64,0.01,113,512,544,4,detectado
crc32,64,0.01,114,512,544,4,detectado
crc32,64,0.01,115,512,544,9,detectado
crc32,64,0.01,116,512,544,6,detectado
crc32,64,0.01,117,512,544,5,detectado
crc32,64,0.01,118,512,544,9,detectado
crc32,64,0.01,119,512,544,6,detectado
crc32,64,0.01,120,512,544,7,detectado
crc32,64,0.01,121,512,544,4,detectado
crc32,64,0.01,122,512,544,1,detectado
crc32,64,0.01,123,512,544,6,detectado
crc32,64,0.01,124,512,544,6,detectado
crc32,64,0.01,125,512,544,5,detectado
crc32,64,0.01,126,512,544,2,detectado
crc32,64,0.01,127,512,544,7,detectado
crc32,64,0.01,128,512,544,4,detectado
crc32,64,0.01,129,512,544,4,detectado
crc32,64,0.01,130,512,544,7,detectado
crc32,64,0.01,131,512,544,10,detectado
crc32,64,0.01,132,512,544,10,detectado
crc32,64,0.01,133,512,544,3,detectado
crc32,64,0.01,134,512,544,9,detectado
crc32,64,0.01,135,512,544,5,detectado
crc32,64,0.01,136,512,544,4,detectado
crc32,64,0.01,137,512,544,5,detectado
crc32,64,0.01,138,512,544,3,detectado
crc32,64,0.01,139,512,544,7,detectado
crc32,64,0.01,140,512,544,3,detectado
crc32,64,0.01,141,512,544,7,detectado
crc32,64,0.01,142,512,544,3,detectado
crc32,64,0.01,143,512,544,3,detectado
crc32,64,0.01,144,512,544,4,detectado
crc32,64,0.01,145,512,544,8,detectado
crc32,64,0.01,146,512,544,9,detectado
crc32,64,0.01,147,512,544,4,detectado
crc32,64,0.01,148,512,544,10,detectado
crc32,64,0.01,149,512,544,5,detectado
crc32,64,0.01,150,512,544,4,detectado
crc32,64,0.01,151,512,544,2,detectado
crc32,64,0.01,152,512,544,3,detectado
crc32,64,0.01,153,512,544,2,detectado
crc32,64,0.01,154,512,544,6,detectado
crc32,64,0.01,155,512,544,11,detectado
crc32,64,0.01,156,512,544,7,detectado
crc32,64,0.01,157,512,544,5,detectado
crc32,64,0.01,158,512,544,6,detectado
crc32,64,0.01,159,512,544,8,detectado
crc32,64,0.01,160,512,544,9,detectado
crc32,64,0.01,161,512,544,6,detectado
crc32,64,0.01,162,512,544,2,detectado
crc32,64,0.01,163,512,544,3,detectado
crc32,64,0.01,164,512,544,7,detectado
crc32,64,0.01,165,512,544,7,detectado
crc32,64,0.01,166,512,544,6,detectado
crc32,64,0.01,167,512,544,4,detectado
crc32,64,0.01,168,512,544,6,detectado
crc32,64,0.01,169,512,544,4,detectado
crc32,64,0.01,170,512,544,4,detectado
crc32,64,0.01,171,512,544,4,detectado
crc32,64,0.01,172,512,544,3,detectado
crc32,64,0.01,173,512,544,8,detectado
crc32,64,0.01,174,512,544,5,detectado
crc32,64,0.01,175,512,544,3,detectado
crc32,64,0.01,176,512,544,7,detectado
crc32,64,0.01,177,512,544,5,detectado
crc32,64,0.01,178,512,544,8,detectado
crc32,64,0.01,179,512,544,8,detectado
crc32,64,0.01,180,512,544,5,detectado
crc32,64,0.01,181,512,544,3,detectado
crc32,64,0.01,182,512,544,5,detectado
crc32,64,0.01,183,512,544,4,detectado
crc32,64,0.01,184,512,544,5,detectado
crc32,64,0.01,185,512,544,5,detectado
crc32,64,0.01,186,512,544,2,detectado
crc32,64,0.01,187,512,544,5,detectado
crc32,64,0.01,188,512,544,5,detectado
crc32,64,0.01,189,512,544,7,detectado
crc32,64,0.01,190,512,544,5,detectado
crc32,64,0.01,191,512,544,5,detectado
crc32,64,0.01,192,512,544,6,detectado
crc32,64,0.01,193,512,544,4,detectado
crc32,64,0.01,194,512,544,5,detectado
crc32,64,0.01,195,512,544,7,detectado
crc32,64,0.01,196,512,544,2,detectado
crc32,64,0.01,197,512,544,4,detectado
crc32,64,0.01,198,512,544,6,detectado
crc32,64,0.01,199,512,544,4,detectado
crc32,64,0.02,0,512,544,13,detectado
crc32,64,0.02,1,512,544,11,detectado
crc32,64,0.02,2,512,544,11,detectado
crc32,64,0.02,3,512,544,16,detectado
crc32,64,0.02,4,512,544,19,detectado
crc32,64,0.02,5,512,544,8,detectado
crc32,64,0.02,6,512,544,12,detectado
crc32,64,0.02,7,512,544,13,detectado
crc32,64,0.02,8,512,544,9,detectado
crc32,64,0.02,9,512,544,9,detectado
crc32,64,0.02,10,512,544,10,detectado
crc32,64,0.02,11,512,544,6,detectado
crc32,64,0.02,12,512,544,10,detectado
crc32,64,0.02,13,512,544,12,detectado
crc32,64,0.02,14,512,544,7,detectado
crc32,64,0.02,15,512,544,13,detectado
crc32,64,0.02,16,512,544,11,detectado
crc32,64,0.02,17,512,544,10,detectado
crc32,64,0.02,18,512,544,18,detectado
crc32,64,0.02,19,512,544,14,detectado
crc32,64,0.02,20,512,544,9,detectado
crc32,64,0.02,21,512,544,19,detectado
crc32,64,0.02,22,512,544,12,detectado
crc32,64,0.02,23,512,544,7,detectado
crc32,64,0.02,24,512,544,4,detectado
crc32,64,0.02,25,512,544,12,detectado
crc32,64,0.02,26,512,544,15,detectado
crc32,64,0.02,27,512,544,11,detectado
crc32,64,0.02,28,512,544,12,detectado
crc32,64,0.02,29,512,544,5,detectado
crc32,64,0.02,30,512,544,8,detectado
crc32,64,0.02,31,512,544,13,detectado
crc32,64,0.02,32,512,544,11,detectado
crc32,64,0.02,33,512,544,8,detectado
crc32,64,0.02,34,512,544,12,detectado
crc32,64,0.02,35,512,544,7,detectado
crc32,64,0.02,36,512,544,11,detectado
crc32,64,0.02,37,512,544,12,detectado
crc32,64,0.02,38,512,544,12,detectado
crc32,64,0.02,39,512,544,9,detectado
crc32,64,0.02,40,512,544,8,detectado
crc32,64,0.02,41,512,544,14,detectado
crc32,64,0.02,42,512,544,15,detectado
crc32,64,0.02,43,512,544,10,detectado
crc32,64,0.02,44,512,544,9,detectado
crc32,64,0.02,45,512,544,11,detectado
crc32,64,0.02,46,512,544,9,detectado
crc32,64,0.02,47,512,544,11,detectado
crc32,64,0.02,48,512,544,11,detectado
crc32,64,0.02,49,512,544,16,detectado
crc32,64,0.02,50,512,544,10,detectado
crc32,64,0.02,51,512,544,19,detectado
crc32,64,0.02,52,512,544,14,detectado
crc32,64,0.02,53,512,544,13,detectado
crc32,64,0.02,54,512,544,12,detectado
crc32,64,0.02,55,512,544,7,detectado
crc32,64,0.02,56,512,544,13,detectado
crc32,64,0.02,57,512,544,13,detectado
crc32,64,0.02,58,512,544,7,detectado
crc32,64,0.02,59,512,544,10,detectado
crc32,64,0.02,60,512,544,6,detectado
crc32,64,0.02,61,512,544,9,detectado
crc32,64,0.02,62,512,544,13,detectado
crc32,64,0.02,63,512,544,7,detectado
crc32,64,0.02,64,512,544,5,detectado
crc32,64,0.02,65,512,544,15,detectado
crc32,64,0.02,66,512,544,6,detectado
crc32,64,0.02,67,512,544,11,detectado
crc32,64,0.02,68,512,544,10,detectado
crc32,64,0.02,69,512,544,7,detectado
crc32,64,0.02,70,512,544,8,detectado
crc32,64,0.02,71,512,544,11,detectado
crc32,64,0.02,72,512,544,12,detectado
crc32,64,0.02,73,512,544,15,detectado
crc32,64,0.02,74,512,544,8,detectado
crc32,64,0.02,75,512,544,9,detectado
crc32,64,0.02,76,512,544,12,detectado
crc32,64,0.02,77,512,544,11,detectado
crc32,64,0.02,78,512,544,10,detectado
crc32,64,0.02,79,512,544,12,detectado
crc32,64,0.02,80,512,544,13,detectado
crc32,64,0.02,81,512,544,8,detectado
crc32,64,0.02,82,512,544,13,detectado
crc32,64,0.02,83,512,544,11,detectado
crc32,64,0.02,84,512,544,6,detectado
crc32,64,0.02,85,512,544,10,detectado
crc32,64,0.02,86,512,544,12,detectado
crc32,64,0.02,87,512,544,9,detectado
crc32,64,0.02,88,512,544,10,detectado
crc32,64,0.02,89,512,544,5,detectado
crc32,64,0.02,90,512,544,10,detectado
crc32,64,0.02,91,512,544,9,detectado
crc32,64,0.02,92,512,544,13,detectado
crc32,64,0.02,93,512,544,21,detectado
crc32,64,0.02,94,512,544,7,detectado
crc32,64,0.02,95,512,544,13,detectado
crc32,64,0.02,96,512,544,6,detectado
crc32,64,0.02,97,512,544,12,detectado
crc32,64,0.02,98,512,544,12,detectado
crc32,64,0.02,99,512,544,6,detectado
crc32,64,0.02,100,512,544,13,detectado
crc32,64,0.02,101,512,544,8,detectado
crc32,64,0.02,102,512,544,11,detectado
crc32,64,0.02,103,512,544,13,detectado
crc32,64,0.02,104,512,544,13,detectado
crc32,64,0.02,105,512,544,10,detectado
crc32,64,0.02,106,512,544,12,detectado
crc32,64,0.02,107,512,544,10,detectado
crc32,64,0.02,108,512,544,11,detectado
crc32,64,0.02,109,512,544,7,detectado
crc32,64,0.02,110,512,544,15,detectado
crc32,64,0.02,111,512,544,9,detectado
crc32,64,0.02,112,512,544,8,detectado
crc32,64,0.02,113,512,544,15,detectado
crc32,64,0.02,114,512,544,9,detectado
crc32,64,0.02,115,512,544,16,detectado
crc32,64,0.02,116,512,544,9,detectado
crc32,64,0.02,117,512,544,12,detectado
crc32,64,0.02,118,512,544,11,detectado
crc32,64,0.02,119,512,544,13,detectado
crc32,64,0.02,120,512,544,13,detectado
crc32,64,0.02,121,512,544,7,detectado
crc32,64,0.02,122,512,544,14,detectado
crc32,64,0.02,123,512,544,15,detectado
crc32,64,0.02,124,512,544,11,detectado
crc32,64,0.02,125,512,544,10,detectado
crc32,64,0.02,126,512,544,11,detectado
crc32,64,0.02,127,512,544,14,detectado
crc32,64,0.02,128,512,544,10,detectado
crc32,64,0.02,129,512,544,7,detectado
crc32,64,0.02,130,512,544,11,detectado
crc32,64,0.02,131,512,544,7,detectado
crc32,64,0.02,132,512,544,13,detectado
crc32,64,0.02,133,512,544,15,detectado
crc32,64,0.02,134,512,544,9,detectado
crc32,64,0.02,135,512,544,12,detectado
crc32,64,0.02,136,512,544,9,detectado
crc32,64,0.02,137,512,544,10,detectado
crc32,64,0.02,138,512,544,12,detectado
crc32,64,0.02,139,512,544,8,detectado
crc32,64,0.02,140,512,544,9,detectado
crc32,64,0.02,141,512,544,8,detectado
crc32,64,0.02,142,512,544,11,detectado
crc32,64,0.02,143,512,544,12,detectado
crc32,64,0.02,144,512,544,11,detectado
crc32,64,0.02,145,512,544,6,detectado
crc32,64,0.02,146,512,544,6,detectado
crc32,64,0.02,147,512,544,7,detectado
crc32,64,0.02,148,512,544,9,detectado
crc32,64,0.02,149,512,544,11,detectado
crc32,64,0.02,150,512,544,11,detectado
crc32,64,0.02,151,512,544,13,detectado
crc32,64,0.02,152,512,544,10,detectado
crc32,64,0.02,153,512,544,8,detectado
crc32,64,0.02,154,512,544,18,detectado
crc32,64,0.02,155,512,544,12,detectado
crc32,64,0.02,156,512,544,7,detectado
crc32,64,0.02,157,512,544,12,detectado
crc32,64,0.02,158,512,544,15,detectado
crc32,64,0.02,159,512,544,10,detectado
crc32,64,0.02,160,512,544,9,detectado
crc32,64,0.02,161,512,544,11,detectado
crc32,64,0.02,162,512,544,12,detectado
crc32,64,0.02,163,512,544,10,detectado
crc32,64,0.02,164,512,544,11,detectado
crc32,64,0.02,165,512,544,16,detectado
crc32,64,0.02,166,512,544,17,detectado
crc32,64,0.02,167,512,544,7,detectado
crc32,64,0.02,168,512,544,13,detectado
crc32,64,0.02,169,512,544,10,detectado
crc32,64,0.02,170,512,544,11,detectado
crc32,64,0.02,171,512,544,13,detectado
crc32,64,0.02,172,512,544,17,detectado
crc32,64,0.02,173,512,544,6,detectado
crc32,64,0.02,174,512,544,14,detectado
crc32,64,0.02,175,512,544,16,detectado
crc32,64,0.02,176,512,544,12,detectado
crc32,64,0.02,177,512,544,9,detectado
crc32,64,0.02,178,512,544,11,detectado
crc32,64,0.02,179,512,544,9,detectado
crc32,64,0.02,180,512,544,6,detectado
crc32,64,0.02,181,512,544,8,detectado
crc32,64,0.02,182,512,544,8,detectado
crc32,64,0.02,183,512,544,12,detectado
crc32,64,0.02,184,512,544,13,detectado
crc32,64,0.02,185,512,544,10,detectado
crc32,64,0.02,186,512,544,11,detectado
crc32,64,0.02,187,512,544,4,detectado
crc32,64,0.02,188,512,544,9,detectado
crc32,64,0.02,189,512,544,10,detectado
crc32,64,0.02,190,512,544,4,detectado
crc32,64,0.02,191,512,544,15,detectado
crc32,64,0.02,192,512,544,6,detectado
crc32,64,0.02,193,512,544,7,detectado
crc32,64,0.02,194,512,544,15,detectado
crc32,64,0.02,195,512,544,15,detectado
crc32,64,0.02,196,512,544,9,detectado
crc32,64,0.02,197,512,544,16,detectado
crc32,64,0.02,198,512,544,8,detectado
crc32,64,0.02,199,512,544,17,detectado
crc32,64,0.05,0,512,544,24,detectado
crc32,64,0.05,1,512,544,30,detectado
crc32,64,0.05,2,512,544,24,detectado
crc32,64,0.05,3,512,544,25,detectado
crc32,64,0.05,4,512,544,36,detectado
crc32,64,0.05,5,512,544,18,detectado
crc32,64,0.05,6,512,544,28,detectado
crc32,64,0.05,7,512,544,25,detectado
crc32,64,0.05,8,512,544,27,detectado
crc32,64,0.05,9,512,544,18,detectado
crc32,64,0.05,10,512,544,23,detectado
crc32,64,0.05,11,512,544,22,detectado
crc32,64,0.05,12,512,544,28,detectado
crc32,64,0.05,13,512,544,34,detectado
crc32,64,0.05,14,512,544,32,detectado
crc32,64,0.05,15,512,544,32,detectado
crc32,64,0.05,16,512,544,35,detectado
crc32,64,0.05,17,512,544,24,detectado
crc32,64,0.05,18,512,544,35,detectado
crc32,64,0.05,19,512,544,27,detectado
crc32,64,0.05,20,512,544,27,detectado
crc32,64,0.05,21,512,544,21,detectado
crc32,64,0.05,22,512,544,21,detectado
crc32,64,0.05,23,512,544,38,detectado
crc32,64,0.05,24,512,544,20,detectado
crc32,64,0.05,25,512,544,27,detectado
crc32,64,0.05,26,512,544,28,detectado
crc32,64,0.05,27,512,544,23,detectado
crc32,64,0.05,28,512,544,30,detectado
crc32,64,0.05,29,512,544,25,detectado
crc32,64,0.05,30,512,544,24,detectado
crc32,64,0.05,31,512,544,31,detectado
crc32,64,0.05,32,512,544,27,detectado
crc32,64,0.05,33,512,544,21,detectado
crc32,64,0.05,34,512,544,33,detectado
crc32,64,0.05,35,512,544,27,detectado
crc32,64,0.05,36,512,544,21,detectado
crc32,64,0.05,37,512,544,21,detectado
crc32,64,0.05,38,512,544,24,detectado
crc32,64,0.05,39,512,544,28,detectado
crc32,64,0.05,40,512,544,22,detectado
crc32,64,0.05,41,512,544,34,detectado
crc32,64,0.05,42,512,544,28,detectado
crc32,64,0.05,43,512,544,20,detectado
crc32,64,0.05,44,512,544,31,detectado
crc32,64,0.05,45,512,544,29,detectado
crc32,64,0.05,46,512,544,15,detectado
crc32,64,0.05,47,512,544,30,detectado
crc32,64,0.05,48,512,544,31,detectado
crc32,64,0.05,49,512,544,29,detectado
crc32,64,0.05,50,512,544,28,detectado
crc32,64,0.05,51,512,544,22,detectado
crc32,64,0.05,52,512,544,26,detectado
crc32,64,0.05,53,512,544,23,detectado
crc32,64,0.05,54,512,544,18,detectado
crc32,64,0.05,55,512,544,22,detectado
crc32,64,0.05,56,512,544,19,detectado
crc32,64,0.05,57,512,544,27,detectado
crc32,64,0.05,58,512,544,32,detectado
crc32,64,0.05,59,512,544,27,detectado
crc32,64,0.05,60,512,544,29,detectado
crc32,64,0.05,61,512,544,37,detectado
crc32,64,0.05,62,512,544,31,detectado
crc32,64,0.05,63,512,544,23,detectado
crc32,64,0.05,64,512,544,28,detectado
crc32,64,0.05,65,512,544,26,detectado
crc32,64,0.05,66,512,544,27,detectado
crc32,64,0.05,67,512,544,32,detectado
crc32,64,0.05,68,512,544,26,detectado
crc32,64,0.05,69,512,544,28,detectado
crc32,64,0.05,70,512,544,24,detectado
crc32,64,0.05,71,512,544,29,detectado
crc32,64,0.05,72,512,544,34,detectado
crc32,64,0.05,73,512,544,29,detectado
crc32,64,0.05,74,512,544,26,detectado
crc32,64,0.05,75,512,544,27,detectado
crc32,64,0.05,76,512,544,25,detectado
crc32,64,0.05,77,512,544,19,detectado
crc32,64,0.05,78,512,544,29,detectado
crc32,64,0.05,79,512,544,25,detectado
crc32,64,0.05,80,512,544,34,detectado
crc32,64,0.05,81,512,544,31,detectado
crc32,64,0.05,82,512,544,21,detectado
crc32,64,0.05,83,512,544,27,detectado
crc32,64,0.05,84,512,544,26,detectado
crc32,64,0.05,85,512,544,27,detectado
crc32,64,0.05,86,512,544,30,detectado
crc32,64,0.05,87,512,544,23,detectado
crc32,64,0.05,88,512,544,34,detectado
crc32,64,0.05,89,512,544,28,detectado
crc32,64,0.05,90,512,544,27,detectado
crc32,64,0.05,91,512,544,26,detectado
crc32,64,0.05,92,512,544,22,detectado
crc32,64,0.05,93,512,544,23,detectado
crc32,64,0.05,94,512,544,21,detectado
crc32,64,0.05,95,512,544,17,detectado
crc32,64,0.05,96,512,544,30,detectado
crc32,64,0.05,97,512,544,32,detectado
crc32,64,0.05,98,512,544,26,detectado
crc32,64,0.05,99,512,544,23,detectado
crc32,64,0.05,100,512,544,24,detectado
crc32,64,0.05,101,512,544,20,detectado
crc32,64,0.05,102,512,544,24,detectado
crc32,64,0.05,103,512,544,28,detectado
crc32,64,0.05,104,512,544,32,detectado
crc32,64,0.05,105,512,544,31,detectado
crc32,64,0.05,106,512,544,26,detectado
crc32,64,0.05,107,512,544,23,detectado
crc32,64,0.05,108,512,544,27,detectado
crc32,64,0.05,109,512,544,23,detectado
crc32,64,0.05,110,512,544,30,detectado
crc32,64,0.05,111,512,544,30,detectado
crc32,64,0.05,112,512,544,26,detectado
crc32,64,0.05,113,512,544,24,detectado
crc32,64,0.05,114,512,544,31,detectado
crc32,64,0.05,115,512,544,26,detectado
crc32,64,0.05,116,512,544,33,detectado
crc32,64,0.05,117,512,544,18,detectado
crc32,64,0.05,118,512,544,28,detectado
crc32,64,0.05,119,512,544,25,detectado
crc32,64,0.05,120,512,544,26,detectado
crc32,64,0.05,121,512,544,22,detectado
crc32,64,0.05,122,512,544,30,detectado
crc32,64,0.05,123,512,544,31,detectado
crc32,64,0.05,124,512,544,29,detectado
crc32,64,0.05,125,512,544,33,detectado
crc32,64,0.05,126,512,544,27,detectado
crc32,64,0.05,127,512,544,23,detectado
crc32,64,0.05,128,512,544,29,detectado
crc32,64,0.05,129,512,544,26,detectado
crc32,64,0.05,130,512,544,24,detectado
crc32,64,0.05,131,512,544,20,detectado
crc32,64,0.05,132,512,544,29,detectado
crc32,64,0.05,133,512,544,29,detectado
crc32,64,0.05,134,512,544,28,detectado
crc32,64,0.05,135,512,544,17,detectado
crc32,64,0.05,136,512,544,21,detectado
crc32,64,0.05,137,512,544,21,detectado
crc32,64,0.05,138,512,544,24,detectado
crc32,64,0.05,139,512,544,29,detectado
crc32,64,0.05,140,512,544,23,detectado
crc32,64,0.05,141,512,544,18,detectado
crc32,64,0.05,142,512,544,22,detectado
crc32,64,0.05,143,512,544,28,detectado
crc32,64,0.05,144,512,544,35,detectado
crc32,64,0.05,145,512,544,25,detectado
crc32,64,0.05,146,512,544,33,detectado
crc32,64,0.05,147,512,544,27,detectado
crc32,64,0.05,148,512,544,34,detectado
crc32,64,0.05,149,512,544,34,detectado
crc32,64,0.05,150,512,544,28,detectado
crc32,64,0.05,151,512,544,35,detectado
crc32,64,0.05,152,512,544,23,detectado
crc32,64,0.05,153,512,544,34,detectado
crc32,64,0.05,154,512,544,28,detectado
crc32,64,0.05,155,512,544,33,detectado
crc32,64,0.05,156,512,544,27,detectado
crc32,64,0.05,157,512,544,28,detectado
crc32,64,0.05,158,512,544,37,detectado
crc32,64,0.05,159,512,544,24,detectado
crc32,64,0.05,160,512,544,21,detectado
crc32,64,0.05,161,512,544,28,detectado
crc32,64,0.05,162,512,544,25,detectado
crc32,64,0.05,163,512,544,41,detectado
crc32,64,0.05,164,512,544,34,detectado
crc32,64,0.05,165,512,544,31,detectado
crc32,64,0.05,166,512,544,26,detectado
crc32,64,0.05,167,512,544,31,detectado
crc32,64,0.05,168,512,544,30,detectado
crc32,64,0.05,169,512,544,22,detectado
crc32,64,0.05,170,512,544,16,detectado
crc32,64,0.05,171,512,544,32,detectado
crc32,64,0.05,172,512,544,21,detectado
crc32,64,0.05,173,512,544,25,detectado
crc32,64,0.05,174,512,544,26,detectado
crc32,64,0.05,175,512,544,41,detectado
crc32,64,0.05,176,512,544,24,detectado
crc32,64,0.05,177,512,544,23,detectado
crc32,64,0.05,178,512,544,29,detectado
crc32,64,0.05,179,512,544,33,detectado
crc32,64,0.05,180,512,544,26,detectado
crc32,64,0.05,181,512,544,25,detectado
crc32,64,0.05,182,512,544,27,detectado
crc32,64,0.05,183,512,544,24,detectado
crc32,64,0.05,184,512,544,26,detectado
crc32,64,0.05,185,512,544,29,detectado
crc32,64,0.05,186,512,544,23,detectado
crc32,64,0.05,187,512,544,32,detectado
crc32,64,0.05,188,512,544,24,detectado
crc32,64,0.05,189,512,544,33,detectado
crc32,64,0.05,190,512,544,24,detectado
crc32,64,0.05,191,512,544,26,detectado
crc32,64,0.05,192,512,544,21,detectado
crc32,64,0.05,193,512,544,32,detectado
crc32,64,0.05,194,512,544,29,detectado
crc32,64,0.05,195,512,544,28,detectado
crc32,64,0.05,196,512,544,27,detectado
crc32,64,0.05,197,512,544,31,detectado
crc32,64,0.05,198,512,544,28,detectado
crc32,64,0.05,199,512,544,28,detectado
crc32,64,0.1,0,512,544,57,detectado
crc32,64,0.1,1,512,544,36,detectado
crc32,64,0.1,2,512,544,54,detectado
crc32,64,0.1,3,512,544,51,detectado
crc32,64,0.1,4,512,544,55,detectado
crc32,64,0.1,5,512,544,54,detectado
crc32,64,0.1,6,512,544,49,detectado
crc32,64,0.1,7,512,544,49,detectado
crc32,64,0.1,8,512,544,51,detectado
crc32,64,0.1,9,512,544,44,detectado
crc32,64,0.1,10,512,544,52,detectado
crc32,64,0.1,11,512,544,54,detectado
crc32,64,0.1,12,512,544,65,detectado
crc32,64,0.1,13,512,544,48,detectado
crc32,64,0.1,14,512,544,63,detectado
crc32,64,0.1,15,512,544,53,detectado
crc32,64,0.1,16,512,544,44,detectado
crc32,64,0.1,17,512,544,45,detectado
crc32,64,0.1,18,512,544,50,detectado
crc32,64,0.1,19,512,544,55,detectado
crc32,64,0.1,20,512,544,51,detectado
crc32,64,0.1,21,512,544,41,detectado
crc32,64,0.1,22,512,544,58,detectado
crc32,64,0.1,23,512,544,50,detectado
crc32,64,0.1,24,512,544,59,detectado
crc32,64,0.1,25,512,544,42,detectado
crc32,64,0.1,26,512,544,56,detectado
crc32,64,0.1,27,512,544,64,detectado
crc32,64,0.1,28,512,544,55,detectado
crc32,64,0.1,29,512,544,45,detectado
crc32,64,0.1,30,512,544,49,detectado
crc32,64,0.1,31,512,544,59,detectado
crc32,64,0.1,32,512,544,57,detectado
crc32,64,0.1,33,512,544,56,detectado
crc32,64,0.1,34,512,544,64,detectado
crc32,64,0.1,35,512,544,63,detectado
crc32,64,0.1,36,512,544,60,detectado
crc32,64,0.1,37,512,544,58,detectado
crc32,64,0.1,38,512,544,53,detectado
crc32,64,0.1,39,512,544,55,detectado
crc32,64,0.1,40,512,544,53,detectado
crc32,64,0.1,41,512,544,55,detectado
crc32,64,0.1,42,512,544,66,detectado
crc32,64,0.1,43,512,544,55,detectado
crc32,64,0.1,44,512,544,51,detectado
crc32,64,0.1,45,512,544,66,detectado
crc32,64,0.1,46,512,544,53,detectado
crc32,64,0.1,47,512,544,55,detectado
crc32,64,0.1,48,512,544,64,detectado
crc32,64,0.1,49,512,544,55,detectado
crc32,64,0.1,50,512,544,55,detectado
crc32,64,0.1,51,512,544,51,detectado
crc32,64,0.1,52,512,544,49,detectado
crc32,64,0.1,53,512,544,47,detectado
crc32,64,0.1,54,512,544,49,detectado
crc32,64,0.1,55,512,544,58,detectado
crc32,64,0.1,56,512,544,55,detectado
crc32,64,0.1,57,512,544,58,detectado
crc32,64,0.1,58,512,544,54,detectado
crc32,64,0.1,59,512,544,51,detectado
crc32,64,0.1,60,512,544,50,detectado
crc32,64,0.1,61,512,544,54,detectado
crc32,64,0.1,62,512,544,54,detectado
crc32,64,0.1,63,512,544,46,detectado
crc32,64,0.1,64,512,544,40,detectado
crc32,64,0.1,65,512,544,61,detectado
crc32,64,0.1,66,512,544,60,detectado
crc32,64,0.1,67,512,544,53,detectado
crc32,64,0.1,68,512,544,53,detectado
crc32,64,0.1,69,512,544,46,detectado
crc32,64,0.1,70,512,544,56,detectado
crc32,64,0.1,71,512,544,54,detectado
crc32,64,0.1,72,512,544,51,detectado
crc32,64,0.1,73,512,544,65,detectado
crc32,64,0.1,74,512,544,38,detectado
crc32,64,0.1,75,512,544,52,detectado
crc32,64,0.1,76,512,544,53,detectado
crc32,64,0.1,77,512,544,50,detectado
crc32,64,0.1,78,512,544,50,detectado
crc32,64,0.1,79,512,544,50,detectado
crc32,64,0.1,80,512,544,51,detectado
crc32,64,0.1,81,512,544,49,detectado
crc32,64,0.1,82,512,544,58,detectado
crc32,64,0.1,83,512,544,49,detectado
crc32,64,0.1,84,512,544,40,detectado
crc32,64,0.1,85,512,544,43,detectado
crc32,64,0.1,86,512,544,57,detectado
crc32,64,0.1,87,512,544,49,detectado
crc32,64,0.1,88,512,544,70,detectado
crc32,64,0.1,89,512,544,46,detectado
crc32,64,0.1,90,512,544,59,detectado
crc32,64,0.1,91,512,544,50,detectado
crc32,64,0.1,92,512,544,52,detectado
crc32,64,0.1,93,512,544,45,detectado
crc32,64,0.1,94,512,544,51,detectado
crc32,64,0.1,95,512,544,65,detectado
crc32,64,0.1,96,512,544,64,detectado
crc32,64,0.1,97,512,544,52,detectado
crc32,64,0.1,98,512,544,58,detectado
crc32,64,0.1,99,512,544,64,detectado
crc32,64,0.1,100,512,544,57,detectado
crc32,64,0.1,101,512,544,62,detectado
crc32,64,0.1,102,512,544,51,detectado
crc32,64,0.1,103,512,544,52,detectado
crc32,64,0.1,104,512,544,58,detectado
crc32,64,0.1,105,512,544,45,detectado
crc32,64,0.1,106,512,544,43,detectado
crc32,64,0.1,107,512,544,64,detectado
crc32,64,0.1,108,512,544,61,detectado
crc32,64,0.1,109,512,544,49,detectado
crc32,64,0.1,110,512,544,68,detectado
crc32,64,0.1,111,512,544,64,detectado
crc32,64,0.1,112,512,544,47,detectado
crc32,64,0.1,113,512,544,50,detectado
crc32,64,0.1,114,512,544,52,detectado
crc32,64,0.1,115,512,544,43,detectado
crc32,64,0.1,116,512,544,52,detectado
crc32,64,0.1,117,512,544,46,detectado
crc32,64,0.1,118,512,544,43,detectado
crc32,64,0.1,119,512,544,60,detectado
crc32,64,0.1,120,512,544,42,detectado
crc32,64,0.1,121,512,544,47,detectado
crc32,64,0.1,122,512,544,50,detectado
crc32,64,0.1,123,512,544,61,detectado
crc32,64,0.1,124,512,544,56,detectado
crc32,64,0.1,125,512,544,46,detectado
crc32,64,0.1,126,512,544,55,detectado
crc32,64,0.1,127,512,544,54,detectado
crc32,64,0.1,128,512,544,55,detectado
crc32,64,0.1,129,512,544,60,detectado
crc32,64,0.1,130,512,544,51,detectado
crc32,64,0.1,131,512,544,65,detectado
crc32,64,0.1,132,512,544,61,detectado
crc32,64,0.1,133,512,544,62,detectado
crc32,64,0.1,134,512,544,60,detectado
crc32,64,0.1,135,512,544,48,detectado
crc32,64,0.1,136,512,544,47,detectado
crc32,64,0.1,137,512,544,43,detectado
crc32,64,0.1,138,512,544,49,detectado
crc32,64,0.1,139,512,544,70,detectado
crc32,64,0.1,140,512,544,65,detectado
crc32,64,0.1,141,512,544,58,detectado
crc32,64,0.1,142,512,544,57,detectado
crc32,64,0.1,143,512,544,58,detectado
crc32,64,0.1,144,512,544,56,detectado
crc32,64,0.1,145,512,544,51,detectado
crc32,64,0.1,146,512,544,59,detectado
crc32,64,0.1,147,512,544,49,detectado
crc32,64,0.1,148,512,544,50,detectado
crc32,64,0.1,149,512,544,61,detectado
crc32,64,0.1,150,512,544,54,detectado
crc32,64,0.1,151,512,544,46,detectado
crc32,64,0.1,152,512,544,58,detectado
crc32,64,0.1,153,512,544,63,detectado
crc32,64,0.1,154,512,544,54,detectado
crc32,64,0.1,155,512,544,49,detectado
crc32,64,0.1,156,512,544,67,detectado
crc32,64,0.1,157,512,544,46,detectado
crc32,64,0.1,158,512,544,63,detectado
crc32,64,0.1,159,512,544,63,detectado
crc32,64,0.1,160,512,544,48,detectado
crc32,64,0.1,161,512,544,54,detectado
crc32,64,0.1,162,512,544,66,detectado
crc32,64,0.1,163,512,544,61,detectado
crc32,64,0.1,164,512,544,55,detectado
crc32,64,0.1,165,512,544,46,detectado
crc32,64,0.1,166,512,544,71,detectado
crc32,64,0.1,167,512,544,61,detectado
crc32,64,0.1,168,512,544,54,detectado
crc32,64,0.1,169,512,544,52,detectado
crc32,64,0.1,170,512,544,57,detectado
crc32,64,0.1,171,512,544,62,detectado
crc32,64,0.1,172,512,544,52,detectado
crc32,64,0.1,173,512,544,53,detectado
crc32,64,0.1,174,512,544,59,detectado
crc32,64,0.1,175,512,544,53,detectado
crc32,64,0.1,176,512,544,63,detectado
crc32,64,0.1,177,512,544,59,detectado
crc32,64,0.1,178,512,544,53,detectado
crc32,64,0.1,179,512,544,60,detectado
crc32,64,0.1,180,512,544,47,detectado
crc32,64,0.1,181,512,544,50,detectado
crc32,64,0.1,182,512,544,58,detectado
crc32,64,0.1,183,512,544,58,detectado
crc32,64,0.1,184,512,544,57,detectado
crc32,64,0.1,185,512,544,48,detectado
crc32,64,0.1,186,512,544,49,detectado
crc32,64,0.1,187,512,544,49,detectado
crc32,64,0.1,188,512,544,38,detectado
crc32,64,0.1,189,512,544,48,detectado
crc32,64,0.1,190,512,544,66,detectado
crc32,64,0.1,191,512,544,45,detectado
crc32,64,0.1,192,512,544,56,detectado
crc32,64,0.1,193,512,544,53,detectado
crc32,64,0.1,194,512,544,59,detectado
crc32,64,0.1,195,512,544,59,detectado
crc32,64,0.1,196,512,544,55,detectado
crc32,64,0.1,197,512,544,45,detectado
crc32,64,0.1,198,512,544,63,detectado
crc32,64,0.1,199,512,544,53,detectado
crc32,256,0.001,0,2048,2080,2,detectado
crc32,256,0.001,1,2048,2080,2,detectado
crc32,256,0.001,2,2048,2080,1,detectado
crc32,256,0.001,3,2048,2080,0,exito
crc32,256,0.001,4,2048,2080,2,detectado
crc32,256,0.001,5,2048,2080,3,detectado
crc32,256,0.001,6,2048,2080,2,detectado
crc32,256,0.001,7,2048,2080,0,exito
crc32,256,0.001,8,2048,2080,3,detectado
crc32,256,0.001,9,2048,2080,1,detectado
crc32,256,0.001,10,2048,2080,3,detectado
crc32,256,0.001,11,2048,2080,2,detectado
crc32,256,0.001,12,2048,2080,3,detectado
crc32,256,0.001,13,2048,2080,0,exito
crc32,256,0.001,14,2048,2080,1,detectado
crc32,256,0.001,15,2048,2080,2,detectado
crc32,256,0.001,16,2048,2080,4,detectado
crc32,256,0.001,17,2048,2080,1,detectado
crc32,256,0.001,18,2048,2080,1,detectado
crc32,256,0.001,19,2048,2080,3,detectado
crc32,256,0.001,20,2048,2080,1,detectado
crc32,256,0.001,21,2048,2080,3,detectado
crc32,256,0.001,22,2048,2080,2,detectado
crc32,256,0.001,23,2048,2080,2,detectado
crc32,256,0.001,24,2048,2080,2,detectado
crc32,256,0.001,25,2048,2080,0,exito
crc32,256,0.001,26,2048,2080,4,detectado
crc32,256,0.001,27,2048,2080,0,exito
crc32,256,0.001,28,2048,2080,2,detectado
crc32,256,0.001,29,2048,2080,1,detectado
crc32,256,0.001,30,2048,2080,2,detectado
crc32,256,0.001,31,2048,2080,4,detectado
crc32,256,0.001,32,2048,2080,0,exito
crc32,256,0.001,33,2048,2080,1,detectado
crc32,256,0.001,34,2048,2080,0,exito
crc32,256,0.001,35,2048,2080,1,detectado
crc32,256,0.001,36,2048,2080,3,detectado
crc32,256,0.001,37,2048,2080,4,detectado
crc32,256,0.001,38,2048,2080,2,detectado
crc32,256,0.001,39,2048,2080,2,detectado
crc32,256,0.001,40,2048,2080,1,detectado
crc32,256,0.001,41,2048,2080,3,detectado
crc32,256,0.001,42,2048,2080,1,detectado
crc32,256,0.001,43,2048,2080,4,detectado
crc32,256,0.001,44,2048,2080,5,detectado
crc32,256,0.001,45,2048,2080,1,detectado
crc32,256,0.001,46,2048,2080,2,detectado
crc32,256,0.001,47,2048,2080,4,detectado
crc32,256,0.001,48,2048,2080,0,exito
crc32,256,0.001,49,2048,2080,3,detectado
crc32,256,0.001,50,2048,2080,0,exito
crc32,256,0.001,51,2048,2080,2,detectado
crc32,256,0.001,52,2048,2080,5,detectado
crc32,256,0.001,53,2048,2080,2,detectado
crc32,256,0.001,54,2048,2080,2,detectado
crc32,256,0.001,55,2048,2080,2,detectado
crc32,256,0.001,56,2048,2080,1,detectado
crc32,256,0.001,57,2048,2080,1,detectado
crc32,256,0.001,58,2048,2080,4,detectado
crc32,256,0.001,59,2048,2080,1,detectado
crc32,256,0.001,60,2048,2080,3,detectado
crc32,256,0.001,61,2048,2080,2,detectado
crc32,256,0.001,62,2048,2080,2,detectado
crc32,256,0.001,63,2048,2080,4,detectado
crc32,256,0.001,64,2048,2080,2,detectado
crc32,256,0.001,65,2048,2080,1,detectado
crc32,256,0.001,66,2048,2080,3,detectado
crc32,256,0.001,67,2048,2080,2,detectado
crc32,256,0.001,68,2048,2080,2,detectado
crc32,256,0.001,69,2048,2080,3,detectado
crc32,256,0.001,70,2048,2080,2,detectado
crc32,256,0.001,71,2048,2080,2,detectado
crc32,256,0.001,72,2048,2080,0,exito
crc32,256,0.001,73,2048,2080,2,detectado
crc32,256,0.001,74,2048,2080,3,detectado
crc32,256,0.001,75,2048,2080,2,detectado
crc32,256,0.001,76,2048,2080,3,detectado
crc32,256,0.001,77,2048,2080,3,detectado
crc32,256,0.001,78,2048,2080,2,detectado
crc32,256,0.001,79,2048,2080,2,detectado
crc32,256,0.001,80,2048,2080,1,detectado
crc32,256,0.001,81,2048,2080,1,detectado
crc32,256,0.001,82,2048,2080,4,detectado
crc32,256,0.001,83,2048,2080,0,exito
crc32,256,0.001,84,2048,2080,0,exito
crc32,256,0.001,85,2048,2080,4,detectado
crc32,256,0.001,86,2048,2080,1,detectado
crc32,256,0.001,87,2048,2080,0,exito
crc32,256,0.001,88,2048,2080,4,detectado
crc32,256,0.001,89,2048,2080,3,detectado
crc32,256,0.001,90,2048,2080,2,detectado
crc32,256,0.001,91,2048,2080,3,detectado
crc32,256,0.001,92,2048,2080,2,detectado
crc32,256,0.001,93,2048,2080,3,detectado
crc32,256,0.001,94,2048,2080,2,detectado
crc32,256,0.001,95,2048,2080,3,detectado
crc32,256,0.001,96,2048,2080,1,detectado
crc32,256,0.001,97,2048,2080,0,exito
crc32,256,0.001,98,2048,2080,7,detectado
crc32,256,0.001,99,2048,2080,1,detectado
crc32,256,0.001,100,2048,2080,3,detectado
crc32,256,0.001,101,2048,2080,1,detectado
crc32,256,0.001,102,2048,2080,2,detectado
crc32,256,0.001,103,2048,2080,0,exito
crc32,256,0.001,104,2048,2080,3,detectado
crc32,256,0.001,105,2048,2080,2,detectado
crc32,256,0.001,106,2048,2080,4,detectado
crc32,256,0.001,107,2048,2080,2,detectado
crc32,256,0.001,108,2048,2080,3,detectado
crc32,256,0.001,109,2048,2080,1,detectado
crc32,256,0.001,110,2048,2080,2,detectado
crc32,256,0.001,111,2048,2080,2,detectado
crc32,256,0.001,112,2048,2080,1,detectado
crc32,256,0.001,113,2048,2080,1,detectado
crc32,256,0.001,114,2048,2080,2,detectado
crc32,256,0.001,115,2048,2080,6,detectado
crc32,256,0.001,116,2048,2080,3,detectado
crc32,256,0.001,117,2048,2080,1,detectado
crc32,256,0.001,118,2048,2080,2,detectado
crc32,256,0.001,119,2048,2080,2,detectado
crc32,256,0.001,120,2048,2080,1,detectado
crc32,256,0.001,121,2048,2080,0,exito
crc32,256,0.001,122,2048,2080,2,detectado
crc32,256,0.001,123,2048,2080,4,detectado
crc32,256,0.001,124,2048,2080,4,detectado
crc32,256,0.001,125,2048,2080,2,detectado
crc32,256,0.001,126,2048,2080,1,detectado
crc32,256,0.001,127,2048,2080,3,detectado
crc32,256,0.001,128,2048,2080,3,detectado
crc32,256,0.001,129,2048,2080,4,detectado
crc32,256,0.001,130,2048,2080,1,detectado
crc32,256,0.001,131,2048,2080,1,detectado
crc32,256,0.001,132,2048,2080,2,detectado
crc32,256,0.001,133,2048,2080,4,detectado
crc32,256,0.001,134,2048,2080,0,exito
crc32,256,0.001,135,2048,2080,1,detectado
crc32,256,0.001,136,2048,2080,2,detectado
crc32,256,0.001,137,2048,2080,1,detectado
crc32,256,0.001,138,2048,2080,3,detectado
crc32,256,0.001,139,2048,2080,2,detectado
crc32,256,0.001,140,2048,2080,1,detectado
crc32,256,0.001,141,2048,2080,4,detectado
crc32,256,0.001,142,2048,2080,2,detectado
crc32,256,0.001,143,2048,2080,3,detectado
crc32,256,0.001,144,2048,2080,1,detectado
crc32,256,0.001,145,2048,2080,2,detectado
crc32,256,0.001,146,2048,2080,1,detectado
crc32,256,0.001,147,2048,2080,1,detectado
crc32,256,0.001,148,2048,2080,0,exito
crc32,256,0.001,149,2048,2080,1,detectado
crc32,256,0.001,150,2048,2080,5,detectado
crc32,256,0.001,151,2048,2080,1,detectado
crc32,256,0.001,152,2048,2080,2,detectado
crc32,256,0.001,153,2048,2080,0,exito
crc32,256,0.001,154,2048,2080,2,detectado
crc32,256,0.001,155,2048,2080,4,detectado
crc32,256,0.001,156,2048,2080,2,detectado
crc32,256,0.001,157,2048,2080,4,detectado
crc32,256,0.001,158,2048,2080,2,detectado
crc32,256,0.001,159,2048,2080,1,detectado
crc32,256,0.001,160,2048,2080,2,detectado
crc32,256,0.001,161,2048,2080,1,detectado
crc32,256,0.001,162,2048,2080,4,detectado
crc32,256,0.001,163,2048,2080,3,detectado
crc32,256,0.001,164,2048,2080,3,detectado
crc32,256,0.001,165,2048,2080,2,detectado
crc32,256,0.001,166,2048,2080,2,detectado
crc32,256,0.001,167,2048,2080,4,detectado
crc32,256,0.001,168,2048,2080,3,detectado
crc32,256,0.001,169,2048,2080,2,detectado
crc32,256,0.001,170,2048,2080,0,exito
crc32,256,0.001,171,2048,2080,1,detectado
crc32,256,0.001,172,2048,2080,1,detectado
crc32,256,0.001,173,2048,2080,2,detectado
crc32,256,0.001,174,2048,2080,1,detectado
crc32,256,0.001,175,2048,2080,6,detectado
crc32,256,0.001,176,2048,2080,0,exito
crc32,256,0.001,177,2048,2080,3,detectado
crc32,256,0.001,178,2048,2080,3,detectado
crc32,256,0.001,179,2048,2080,0,exito
crc32,256,0.001,180,2048,2080,2,detectado
crc32,256,0.001,181,2048,2080,0,exito
crc32,256,0.001,182,2048,2080,1,detectado
crc32,256,0.001,183,2048,2080,1,detectado
crc32,256,0.001,184,2048,2080,1,detectado
crc32,256,0.001,185,2048,2080,2,detectado
crc32,256,0.001,186,2048,2080,2,detectado
crc32,256,0.001,187,2048,2080,1,detectado
crc32,256,0.001,188,2048,2080,3,detectado
crc32,256,0.001,189,2048,2080,2,detectado
crc32,256,0.001,190,2048,2080,2,detectado
crc32,256,0.001,191,2048,2080,1,detectado
crc32,256,0.001,192,2048,2080,2,detectado
crc32,256,0.001,193,2048,2080,3,detectado
crc32,256,0.001,194,2048,2080,2,detectado
crc32,256,0.001,195,2048,2080,3,detectado
crc32,256,0.001,196,2048,2080,1,detectado
crc32,256,0.001,197,2048,2080,2,detectado
crc32,256,0.001,198,2048,2080,3,detectado
crc32,256,0.001,199,2048,2080,1,detectado
crc32,256,0.002,0,2048,2080,2,detectado
crc32,256,0.002,1,2048,2080,9,detectado
crc32,256,0.002,2,2048,2080,3,detectado
crc32,256,0.002,3,2048,2080,7,detectado
crc32,256,0.002,4,2048,2080,6,detectado
crc32,256,0.002,5,2048,2080,6,detectado
crc32,256,0.002,6,2048,2080,6,detectado
crc32,256,0.002,7,2048,2080,4,detectado
crc32,256,0.002,8,2048,2080,4,detectado
crc32,256,0.002,9,2048,2080,2,detectado
crc32,256,0.002,10,2048,2080,5,detectado
crc32,256,0.002,11,2048,2080,5,detectado
crc32,256,0.002,12,2048,2080,4,detectado
crc32,256,0.002,13,2048,2080,3,detectado
crc32,256,0.002,14,2048,2080,6,detectado
crc32,256,0.002,15,2048,2080,2,detectado
crc32,256,0.002,16,2048,2080,2,detectado
crc32,256,0.002,17,2048,2080,8,detectado
crc32,256,0.002,18,2048,2080,3,detectado
crc32,256,0.002,19,2048,2080,2,detectado
crc32,256,0.002,20,2048,2080,7,detectado
crc32,256,0.002,21,2048,2080,4,detectado
crc32,256,0.002,22,2048,2080,3,detectado
crc32,256,0.002,23,2048,2080,1,detectado
crc32,256,0.002,24,2048,2080,2,detectado
crc32,256,0.002,25,2048,2080,1,detectado
crc32,256,0.002,26,2048,2080,3,detectado
crc32,256,0.002,27,2048,2080,3,detectado
crc32,256,0.002,28,2048,2080,4,detectado
crc32,256,0.002,29,2048,2080,4,detectado
crc32,256,0.002,30,2048,2080,2,detectado
crc32,256,0.002,31,2048,2080,4,detectado
crc32,256,0.002,32,2048,2080,7,detectado
crc32,256,0.002,33,2048,2080,3,detectado
crc32,256,0.002,34,2048,2080,8,detectado
crc32,256,0.002,35,2048,2080,2,detectado
crc32,256,0.002,36,2048,2080,3,detectado
crc32,256,0.002,37,2048,2080,7,detectado
crc32,256,0.002,38,2048,2080,4,detectado
crc32,256,0.002,39,2048,2080,3,detectado
crc32,256,0.002,40,2048,2080,4,detectado
crc32,256,0.002,41,2048,2080,6,detectado
crc32,256,0.002,42,2048,2080,4,detectado
crc32,256,0.002,43,2048,2080,1,detectado
crc32,256,0.002,44,2048,2080,3,detectado
crc32,256,0.002,45,2048,2080,5,detectado
crc32,256,0.002,46,2048,2080,3,detectado
crc32,256,0.002,47,2048,2080,1,detectado
crc32,256,0.002,48,2048,2080,2,detectado
crc32,256,0.002,49,2048,2080,3,detectado
crc32,256,0.002,50,2048,2080,3,detectado
crc32,256,0.002,51,2048,2080,4,detectado
crc32,256,0.002,52,2048,2080,3,detectado
crc32,256,0.002,53,2048,2080,4,detectado
crc32,256,0.002,54,2048,2080,6,detectado
crc32,256,0.002,55,2048,2080,2,detectado
crc32,256,0.002,56,2048,2080,0,exito
crc32,256,0.002,57,2048,2080,2,detectado
crc32,256,0.002,58,2048,2080,5,detectado
crc32,256,0.002,59,2048,2080,5,detectado
crc32,256,0.002,60,2048,2080,2,detectado
crc32,256,0.002,61,2048,2080,5,detectado
crc32,256,0.002,62,2048,2080,4,detectado
crc32,256,0.002,63,2048,2080,3,detectado
crc32,256,0.002,64,2048,2080,9,detectado
crc32,256,0.002,65,2048,2080,7,detectado
crc32,256,0.002,66,2048,2080,6,detectado
crc32,256,0.002,67,2048,2080,5,detectado
crc32,256,0.002,68,2048,2080,7,detectado
crc32,256,0.002,69,2048,2080,7,detectado
crc32,256,0.002,70,2048,2080,3,detectado
crc32,256,0.002,71,2048,2080,3,detectado
crc32,256,0.002,72,2048,2080,2,detectado
crc32,256,0.002,73,2048,2080,3,detectado
crc32,256,0.002,74,2048,2080,7,detectado
crc32,256,0.002,75,2048,2080,3,detectado
crc32,256,0.002,76,2048,2080,5,detectado
crc32,256,0.002,77,2048,2080,4,detectado
crc32,256,0.002,78,2048,2080,8,detectado
crc32,256,0.002,79,2048,2080,3,detectado
crc32,256,0.002,80,2048,2080,7,detectado
crc32,256,0.002,81,2048,2080,4,detectado
crc32,256,0.002,82,2048,2080,2,detectado
crc32,256,0.002,83,2048,2080,3,detectado
crc32,256,0.002,84,2048,2080,5,detectado
crc32,256,0.002,85,2048,2080,2,detectado
crc32,256,0.002,86,2048,2080,4,detectado
crc32,256,0.002,87,2048,2080,6,detectado
crc32,256,0.002,88,2048,2080,2,detectado
crc32,256,0.002,89,2048,2080,5,detectado
crc32,256,0.002,90,2048,2080,2,detectado
crc32,256,0.002,91,2048,2080,3,detectado
crc32,256,0.002,92,2048,2080,3,detectado
crc32,256,0.002,93,2048,2080,3,detectado
crc32,256,0.002,94,2048,2080,6,detectado
crc32,256,0.002,95,2048,2080,6,detectado
crc32,256,0.002,96,2048,2080,3,detectado
crc32,256,0.002,97,2048,2080,4,detectado
crc32,256,0.002,98,2048,2080,4,detectado
crc32,256,0.002,99,2048,2080,3,detectado
crc32,256,0.002,100,2048,2080,9,detectado
crc32,256,0.002,101,2048,2080,2,detectado
crc32,256,0.002,102,2048,2080,1,detectado
crc32,256,0.002,103,2048,2080,8,detectado
crc32,256,0.002,104,2048,2080,3,detectado
crc32,256,0.002,105,2048,2080,4,detectado
crc32,256,0.002,106,2048,2080,1,detectado
crc32,256,0.002,107,2048,2080,4,detectado
crc32,256,0.002,108,2048,2080,2,detectado
crc32,256,0.002,109,2048,2080,5,detectado
crc32,256,0.002,110,2048,2080,0,exito
crc32,256,0.002,111,2048,2080,6,detectado
crc32,256,0.002,112,2048,2080,2,detectado
crc32,256,0.002,113,2048,2080,3,detectado
crc32,256,0.002,114,2048,2080,9,detectado
crc32,256,0.002,115,2048,2080,3,detectado
crc32,256,0.002,116,2048,2080,6,detectado
crc32,256,0.002,117,2048,2080,2,detectado
crc32,256,0.002,118,2048,2080,5,detectado
crc32,256,0.002,119,2048,2080,3,detectado
crc32,256,0.002,120,2048,2080,2,detectado
crc32,256,0.002,121,2048,2080,4,detectado
crc32,256,0.002,122,2048,2080,4,detectado
crc32,256,0.002,123,2048,2080,6,detectado
crc32,256,0.002,124,2048,2080,7,detectado
crc32,256,0.002,125,2048,2080,6,detectado
crc32,256,0.002,126,2048,2080,4,detectado
crc32,256,0.002,127,2048,2080,6,detectado
crc32,256,0.002,128,2048,2080,6,detectado
crc32,256,0.002,129,2048,2080,0,exito
crc32,256,0.002,130,2048,2080,2,detectado
crc32,256,0.002,131,2048,2080,4,detectado
crc32,256,0.002,132,2048,2080,5,detectado
crc32,256,0.002,133,2048,2080,9,detectado
crc32,256,0.002,134,2048,2080,7,detectado
crc32,256,0.002,135,2048,2080,2,detectado
crc32,256,0.002,136,2048,2080,6,detectado
crc32,256,0.002,137,2048,2080,3,detectado
crc32,256,0.002,138,2048,2080,2,detectado
crc32,256,0.002,139,2048,2080,5,detectado
crc32,256,0.002,140,2048,2080,2,detectado
crc32,256,0.002,141,2048,2080,6,detectado
crc32,256,0.002,142,2048,2080,4,detectado
crc32,256,0.002,143,2048,2080,2,detectado
crc32,256,0.002,144,2048,2080,3,detectado
crc32,256,0.002,145,2048,2080,2,detectado
crc32,256,0.002,146,2048,2080,4,detectado
crc32,256,0.002,147,2048,2080,5,detectado
crc32,256,0.002,148,2048,2080,1,detectado
crc32,256,0.002,149,2048,2080,5,detectado
crc32,256,0.002,150,2048,2080,2,detectado
crc32,256,0.002,151,2048,2080,2,detectado
crc32,256,0.002,152,2048,2080,6,detectado
crc32,256,0.002,153,2048,2080,1,detectado
crc32,256,0.002,154,2048,2080,5,detectado
crc32,256,0.002,155,2048,2080,8,detectado
crc32,256,0.002,156,2048,2080,3,detectado
crc32,256,0.002,157,2048,2080,6,detectado
crc32,256,0.002,158,2048,2080,2,detectado
crc32,256,0.002,159,2048,2080,2,detectado
crc32,256,0.002,160,2048,2080,2,detectado
crc32,256,0.002,161,2048,2080,4,detectado
crc32,256,0.002,162,2048,2080,1,detectado
crc32,256,0.002,163,2048,2080,6,detectado
crc32,256,0.002,164,2048,2080,0,exito
crc32,256,0.002,165,2048,2080,6,detectado
crc32,256,0.002,166,2048,2080,3,detectado
crc32,256,0.002,167,2048,2080,3,detectado
crc32,256,0.002,168,2048,2080,5,detectado
crc32,256,0.002,169,2048,2080,5,detectado
crc32,256,0.002,170,2048,2080,5,detectado
crc32,256,0.002,171,2048,2080,5,detectado
crc32,256,0.002,172,2048,2080,2,detectado
crc32,256,0.002,173,2048,2080,4,detectado
crc32,256,0.002,174,2048,2080,5,detectado
crc32,256,0.002,175,2048,2080,5,detectado
crc32,256,0.002,176,2048,2080,8,detectado
crc32,256,0.002,177,2048,2080,3,detectado
crc32,256,0.002,178,2048,2080,5,detectado
crc32,256,0.002,179,2048,2080,3,detectado
crc32,256,0.002,180,2048,2080,0,exito
crc32,256,0.002,181,2048,2080,2,detectado
crc32,256,0.002,182,2048,2080,7,detectado
crc32,256,0.002,183,2048,2080,6,detectado
crc32,256,0.002,184,2048,2080,6,detectado
crc32,256,0.002,185,2048,2080,4,detectado
crc32,256,0.002,186,2048,2080,9,detectado
crc32,256,0.002,187,2048,2080,5,detectado
crc32,256,0.002,188,2048,2080,5,detectado
crc32,256,0.002,189,2048,2080,3,detectado
crc32,256,0.002,190,2048,2080,5,detectado
crc32,256,0.002,191,2048,2080,7,detectado
crc32,256,0.002,192,2048,2080,4,detectado
crc32,256,0.002,193,2048,2080,3,detectado
crc32,256,0.002,194,2048,2080,2,detectado
crc32,256,0.002,195,2048,2080,4,detectado
crc32,256,0.002,196,2048,2080,4,detectado
crc32,256,0.002,197,2048,2080,2,detectado
crc32,256,0.002,198,2048,2080,4,detectado
crc32,256,0.002,199,2048,2080,2,detectado
crc32,256,0.005,0,2048,2080,5,detectado
crc32,256,0.005,1,2048,2080,9,detectado
crc32,256,0.005,2,2048,2080,8,detectado
crc32,256,0.005,3,2048,2080,12,detectado
crc32,256,0.005,4,2048,2080,14,detectado
crc32,256,0.005,5,2048,2080,9,detectado
crc32,256,0.005,6,2048,2080,8,detectado
crc32,256,0.005,7,2048,2080,17,detectado
crc32,256,0.005,8,2048,2080,14,detectado
crc32,256,0.005,9,2048,2080,19,detectado
crc32,256,0.005,10,2048,2080,14,detectado
crc32,256,0.005,11,2048,2080,10,detectado
crc32,256,0.005,12,2048,2080,10,detectado
crc32,256,0.005,13,2048,2080,12,detectado
crc32,256,0.005,14,2048,2080,7,detectado
crc32,256,0.005,15,2048,2080,12,detectado
crc32,256,0.005,16,2048,2080,10,detectado
crc32,256,0.005,17,2048,2080,14,detectado
crc32,256,0.005,18,2048,2080,14,detectado
crc32,256,0.005,19,2048,2080,6,detectado
crc32,256,0.005,20,2048,2080,11,detectado
crc32,256,0.005,21,2048,2080,19,detectado
crc32,256,0.005,22,2048,2080,13,detectado
crc32,256,0.005,23,2048,2080,7,detectado
crc32,256,0.005,24,2048,2080,7,detectado
crc32,256,0.005,25,2048,2080,13,detectado
crc32,256,0.005,26,2048,2080,11,detectado
crc32,256,0.005,27,2048,2080,13,detectado
crc32,256,0.005,28,2048,2080,16,detectado
crc32,256,0.005,29,2048,2080,14,detectado
crc32,256,0.005,30,2048,2080,12,detectado
crc32,256,0.005,31,2048,2080,8,detectado
crc32,256,0.005,32,2048,2080,10,detectado
crc32,256,0.005,33,2048,2080,13,detectado
crc32,256,0.005,34,2048,2080,21,detectado
crc32,256,0.005,35,2048,2080,14,detectado
crc32,256,0.005,36,2048,2080,10,detectado
crc32,256,0.005,37,2048,2080,11,detectado
crc32,256,0.005,38,2048,2080,14,detectado
crc32,256,0.005,39,2048,2080,17,detectado
crc32,256,0.005,40,2048,2080,14,detectado
crc32,256,0.005,41,2048,2080,13,detectado
crc32,256,0.005,42,2048,2080,6,detectado
crc32,256,0.005,43,2048,2080,13,detectado
crc32,256,0.005,44,2048,2080,7,detectado
crc32,256,0.005,45,2048,2080,10,detectado
crc32,256,0.005,46,2048,2080,6,detectado
crc32,256,0.005,47,2048,2080,12,detectado
crc32,256,0.005,48,2048,2080,16,detectado
crc32,256,0.005,49,2048,2080,7,detectado
crc32,256,0.005,50,2048,2080,12,detectado
crc32,256,0.005,51,2048,2080,11,detectado
crc32,256,0.005,52,2048,2080,10,detectado
crc32,256,0.005,53,2048,2080,8,detectado
crc32,256,0.005,54,2048,2080,8,detectado
crc32,256,0.005,55,2048,2080,11,detectado
crc32,256,0.005,56,2048,2080,11,detectado
crc32,256,0.005,57,2048,2080,13,detectado
crc32,256,0.005,58,2048,2080,9,detectado
crc32,256,0.005,59,2048,2080,7,detectado
crc32,256,0.005,60,2048,2080,8,detectado
crc32,256,0.005,61,2048,2080,11,detectado
crc32,256,0.005,62,2048,2080,8,detectado
crc32,256,0.005,63,2048,2080,13,detectado
crc32,256,0.005,64,2048,2080,19,detectado
crc32,256,0.005,65,2048,2080,12,detectado
crc32,256,0.005,66,2048,2080,6,detectado
crc32,256,0.005,67,2048,2080,7,detectado
crc32,256,0.005,68,2048,2080,14,detectado
crc32,256,0.005,69,2048,2080,12,detectado
crc32,256,0.005,70,2048,2080,7,detectado
crc32,256,0.005,71,2048,2080,5,detectado
crc32,256,0.005,72,2048,2080,10,detectado
crc32,256,0.005,73,2048,2080,8,detectado
crc32,256,0.005,74,2048,2080,12,detectado
crc32,256,0.005,75,2048,2080,13,detectado
crc32,256,0.005,76,2048,2080,11,detectado
crc32,256,0.005,77,2048,2080,11,detectado
crc32,256,0.005,78,2048,2080,8,detectado
crc32,256,0.005,79,2048,2080,9,detectado
crc32,256,0.005,80,2048,2080,13,detectado
crc32,256,0.005,81,2048,2080,11,detectado
crc32,256,0.005,82,2048,2080,7,detectado
crc32,256,0.005,83,2048,2080,9,detectado
crc32,256,0.005,84,2048,2080,11,detectado
crc32,256,0.005,85,2048,2080,13,detectado
crc32,256,0.005,86,2048,2080,15,detectado
crc32,256,0.005,87,2048,2080,13,detectado
crc32,256,0.005,88,2048,2080,16,detectado
crc32,256,0.005,89,2048,2080,16,detectado
crc32,256,0.005,90,2048,2080,5,detectado
crc32,256,0.005,91,2048,2080,10,detectado
crc32,256,0.005,92,2048,2080,12,detectado
crc32,256,0.005,93,2048,2080,14,detectado
crc32,256,0.005,94,2048,2080,13,detectado
crc32,256,0.005,95,2048,2080,9,detectado
crc32,256,0.005,96,2048,2080,20,detectado
crc32,256,0.005,97,2048,2080,11,detectado
crc32,256,0.005,98,2048,2080,8,detectado
crc32,256,0.005,99,2048,2080,9,detectado
crc32,256,0.005,100,2048,2080,12,detectado
crc32,256,0.005,101,2048,2080,16,detectado
crc32,256,0.005,102,2048,2080,11,detectado
crc32,256,0.005,103,2048,2080,13,detectado
crc32,256,0.005,104,2048,2080,11,detectado
crc32,256,0.005,105,2048,2080,6,detectado
crc32,256,0.005,106,2048,2080,17,detectado
crc32,256,0.005,107,2048,2080,9,detectado
crc32,256,0.005,108,2048,2080,13,detectado
crc32,256,0.005,109,2048,2080,9,detectado
crc32,256,0.005,110,2048,2080,7,detectado
crc32,256,0.005,111,2048,2080,12,detectado
crc32,256,0.005,112,2048,2080,10,detectado
crc32,256,0.005,113,2048,2080,14,detectado
crc32,256,0.005,114,2048,2080,5,detectado
crc32,256,0.005,115,2048,2080,16,detectado
crc32,256,0.005,116,2048,2080,15,detectado
crc32,256,0.005,117,2048,2080,7,detectado
crc32,256,0.005,118,2048,2080,8,detectado
crc32,256,0.005,119,2048,2080,7,detectado
crc32,256,0.005,120,2048,2080,14,detectado
crc32,256,0.005,121,2048,2080,12,detectado
crc32,256,0.005,122,2048,2080,15,detectado
crc32,256,0.005,123,2048,2080,13,detectado
crc32,256,0.005,124,2048,2080,13,detectado
crc32,256,0.005,125,2048,2080,10,detectado
crc32,256,0.005,126,2048,2080,10,detectado
crc32,256,0.005,127,2048,2080,12,detectado
crc32,256,0.005,128,2048,2080,9,detectado
crc32,256,0.005,129,2048,2080,5,detectado
crc32,256,0.005,130,2048,2080,8,detectado
crc32,256,0.005,131,2048,2080,15,detectado
crc32,256,0.005,132,2048,2080,11,detectado
crc32,256,0.005,133,2048,2080,18,detectado
crc32,256,0.005,134,2048,2080,8,detectado
crc32,256,0.005,135,2048,2080,10,detectado
crc32,256,0.005,136,2048,2080,6,detectado
crc32,256,0.005,137,2048,2080,9,detectado
crc32,256,0.005,138,2048,2080,18,detectado
crc32,256,0.005,139,2048,2080,15,detectado
crc32,256,0.005,140,2048,2080,7,detectado
crc32,256,0.005,141,2048,2080,13,detectado
crc32,256,0.005,142,2048,2080,10,detectado
crc32,256,0.005,143,2048,2080,10,detectado
crc32,256,0.005,144,2048,2080,13,detectado
crc32,256,0.005,145,2048,2080,6,detectado
crc32,256,0.005,146,2048,2080,11,detectado
crc32,256,0.005,147,2048,2080,10,detectado
crc32,256,0.005,148,2048,2080,11,detectado
crc32,256,0.005,149,2048,2080,5,detectado
crc32,256,0.005,150,2048,2080,9,detectado
crc32,256,0.005,151,2048,2080,9,detectado
crc32,256,0.005,152,2048,2080,13,detectado
crc32,256,0.005,153,2048,2080,7,detectado
crc32,256,0.005,154,2048,2080,7,detectado
crc32,256,0.005,155,2048,2080,12,detectado
crc32,256,0.005,156,2048,2080,11,detectado
crc32,256,0.005,157,2048,2080,10,detectado
crc32,256,0.005,158,2048,2080,7,detectado
crc32,256,0.005,159,2048,2080,6,detectado
crc32,256,0.005,160,2048,2080,14,detectado
crc32,256,0.005,161,2048,2080,11,detectado
crc32,256,0.005,162,2048,2080,21,detectado
crc32,256,0.005,163,2048,2080,6,detectado
crc32,256,0.005,164,2048,2080,13,detectado
crc32,256,0.005,165,2048,2080,12,detectado
crc32,256,0.005,166,2048,2080,13,detectado
crc32,256,0.005,167,2048,2080,3,detectado
crc32,256,0.005,168,2048,2080,12,detectado
crc32,256,0.005,169,2048,2080,13,detectado
crc32,256,0.005,170,2048,2080,9,detectado
crc32,256,0.005,171,2048,2080,9,detectado
crc32,256,0.005,172,2048,2080,9,detectado
crc32,256,0.005,173,2048,2080,10,detectado
crc32,256,0.005,174,2048,2080,10,detectado
crc32,256,0.005,175,2048,2080,10,detectado
crc32,256,0.005,176,2048,2080,8,detectado
crc32,256,0.005,177,2048,2080,15,detectado
crc32,256,0.005,178,2048,2080,7,detectado
crc32,256,0.005,179,2048,2080,10,detectado
crc32,256,0.005,180,2048,2080,5,detectado
crc32,256,0.005,181,2048,2080,7,detectado
crc32,256,0.005,182,2048,2080,9,detectado
crc32,256,0.005,183,2048,2080,7,detectado
crc32,256,0.005,184,2048,2080,10,detectado
crc32,256,0.005,185,2048,2080,8,detectado
crc32,256,0.005,186,2048,2080,19,detectado
crc32,256,0.005,187,2048,2080,8,detectado
crc32,256,0.005,188,2048,2080,12,detectado
crc32,256,0.005,189,2048,2080,12,detectado
crc32,256,0.005,190,2048,2080,19,detectado
crc32,256,0.005,191,2048,2080,9,detectado
crc32,256,0.005,192,2048,2080,11,detectado
crc32,256,0.005,193,2048,2080,12,detectado
crc32,256,0.005,194,2048,2080,11,detectado
crc32,256,0.005,195,2048,2080,10,detectado
crc32,256,0.005,196,2048,2080,10,detectado
crc32,256,0.005,197,2048,2080,8,detectado
crc32,256,0.005,198,2048,2080,9,detectado
crc32,256,0.005,199,2048,2080,7,detectado
crc32,256,0.01,0,2048,2080,17,detectado
crc32,256,0.01,1,2048,2080,15,detectado
crc32,256,0.01,2,2048,2080,7,detectado
crc32,256,0.01,3,2048,2080,23,detectado
crc32,256,0.01,4,2048,2080,23,detectado
crc32,256,0.01,5,2048,2080,23,detectado
crc32,256,0.01,6,2048,2080,30,detectado
crc32,256,0.01,7,2048,2080,16,detectado
crc32,256,0.01,8,2048,2080,21,detectado
crc32,256,0.01,9,2048,2080,25,detectado
crc32,256,0.01,10,2048,2080,20,detectado
crc32,256,0.01,11,2048,2080,11,detectado
crc32,256,0.01,12,2048,2080,31,detectado
crc32,256,0.01,13,2048,2080,27,detectado
crc32,256,0.01,14,2048,2080,20,detectado
crc32,256,0.01,15,2048,2080,15,detectado
crc32,256,0.01,16,2048,2080,25,detectado
crc32,256,0.01,17,2048,2080,26,detectado
crc32,256,0.01,18,2048,2080,26,detectado
crc32,256,0.01,19,2048,2080,9,detectado
crc32,256,0.01,20,2048,2080,18,detectado
crc32,256,0.01,21,2048,2080,28,detectado
crc32,256,0.01,22,2048,2080,22,detectado
crc32,256,0.01,23,2048,2080,28,detectado
crc32,256,0.01,24,2048,2080,21,detectado
crc32,256,0.01,25,2048,2080,24,detectado
crc32,256,0.01,26,2048,2080,33,detectado
crc32,256,0.01,27,2048,2080,18,detectado
crc32,256,0.01,28,2048,2080,20,detectado
crc32,256,0.01,29,2048,2080,27,detectado
crc32,256,0.01,30,2048,2080,18,detectado
crc32,256,0.01,31,2048,2080,20,detectado
crc32,256,0.01,32,2048,2080,19,detectado
crc32,256,0.01,33,2048,2080,18,detectado
crc32,256,0.01,34,2048,2080,21,detectado
crc32,256,0.01,35,2048,2080,27,detectado
crc32,256,0.01,36,2048,2080,25,detectado
crc32,256,0.01,37,2048,2080,22,detectado
crc32,256,0.01,38,2048,2080,21,detectado
crc32,256,0.01,39,2048,2080,27,detectado
crc32,256,0.01,40,2048,2080,16,detectado
crc32,256,0.01,41,2048,2080,25,detectado
crc32,256,0.01,42,2048,2080,15,detectado
crc32,256,0.01,43,2048,2080,15,detectado
crc32,256,0.01,44,2048,2080,26,detectado
crc32,256,0.01,45,2048,2080,22,detectado
crc32,256,0.01,46,2048,2080,27,detectado
crc32,256,0.01,47,2048,2080,20,detectado
crc32,256,0.01,48,2048,2080,18,detectado
crc32,256,0.01,49,2048,2080,23,detectado
crc32,256,0.01,50,2048,2080,24,detectado
crc32,256,0.01,51,2048,2080,14,detectado
crc32,256,0.01,52,2048,2080,21,detectado
crc32,256,0.01,53,2048,2080,21,detectado
crc32,256,0.01,54,2048,2080,16,detectado
crc32,256,0.01,55,2048,2080,32,detectado
crc32,256,0.01,56,2048,2080,21,detectado
crc32,256,0.01,57,2048,2080,30,detectado
crc32,256,0.01,58,2048,2080,29,detectado
crc32,256,0.01,59,2048,2080,15,detectado
crc32,256,0.01,60,2048,2080,23,detectado
crc32,256,0.01,61,2048,2080,22,detectado
crc32,256,0.01,62,2048,2080,22,detectado
crc32,256,0.01,63,2048,2080,28,detectado
crc32,256,0.01,64,2048,2080,21,detectado
crc32,256,0.01,65,2048,2080,17,detectado
crc32,256,0.01,66,2048,2080,21,detectado
crc32,256,0.01,67,2048,2080,27,detectado
crc32,256,0.01,68,2048,2080,28,detectado
crc32,256,0.01,69,2048,2080,26,detectado
crc32,256,0.01,70,2048,2080,21,detectado
crc32,256,0.01,71,2048,2080,18,detectado
crc32,256,0.01,72,2048,2080,24,detectado
crc32,256,0.01,73,2048,2080,11,detectado
crc32,256,0.01,74,2048,2080,30,detectado
crc32,256,0.01,75,2048,2080,30,detectado
crc32,256,0.01,76,2048,2080,11,detectado
crc32,256,0.01,77,2048,2080,22,detectado
crc32,256,0.01,78,2048,2080,21,detectado
crc32,256,0.01,79,2048,2080,24,detectado
crc32,256,0.01,80,2048,2080,25,detectado
crc32,256,0.01,81,2048,2080,18,detectado
crc32,256,0.01,82,2048,2080,21,detectado
crc32,256,0.01,83,2048,2080,22,detectado
crc32,256,0.01,84,2048,2080,10,detectado
crc32,256,0.01,85,2048,2080,16,detectado
crc32,256,0.01,86,2048,2080,23,detectado
crc32,256,0.01,87,2048,2080,24,detectado
crc32,256,0.01,88,2048,2080,18,detectado
crc32,256,0.01,89,2048,2080,23,detectado
crc32,256,0.01,90,2048,2080,17,detectado
crc32,256,0.01,91,2048,2080,16,detectado
crc32,256,0.01,92,2048,2080,22,detectado
crc32,256,0.01,93,2048,2080,20,detectado
crc32,256,0.01,94,2048,2080,23,detectado
crc32,256,0.01,95,2048,2080,24,detectado
crc32,256,0.01,96,2048,2080,17,detectado
crc32,256,0.01,97,2048,2080,21,detectado
crc32,256,0.01,98,2048,2080,33,detectado
crc32,256,0.01,99,2048,2080,18,detectado
crc32,256,0.01,100,2048,2080,21,detectado
crc32,256,0.01,101,2048,2080,23,detectado
crc32,256,0.01,102,2048,2080,20,detectado
crc32,256,0.01,103,2048,2080,22,detectado
crc32,256,0.01,104,2048,2080,26,detectado
crc32,256,0.01,105,2048,2080,24,detectado
crc32,256,0.01,106,2048,2080,15,detectado
crc32,256,0.01,107,2048,2080,18,detectado
crc32,256,0.01,108,2048,2080,17,detectado
crc32,256,0.01,109,2048,2080,14,detectado
crc32,256,0.01,110,2048,2080,21,detectado
crc32,256,0.01,111,2048,2080,22,detectado
crc32,256,0.01,112,2048,2080,17,detectado
crc32,256,0.01,113,2048,2080,22,detectado
crc32,256,0.01,114,2048,2080,24,detectado
crc32,256,0.01,115,2048,2080,23,detectado
crc32,256,0.01,116,2048,2080,18,detectado
crc32,256,0.01,117,2048,2080,21,detectado
crc32,256,0.01,118,2048,2080,22,detectado
crc32,256,0.01,119,2048,2080,15,detectado
crc32,256,0.01,120,2048,2080,25,detectado
crc32,256,0.01,121,2048,2080,18,detectado
crc32,256,0.01,122,2048,2080,30,detectado
crc32,256,0.01,123,2048,2080,26,detectado
crc32,256,0.01,124,2048,2080,20,detectado
crc32,256,0.01,125,2048,2080,16,detectado
crc32,256,0.01,126,2048,2080,24,detectado
crc32,256,0.01,127,2048,2080,20,detectado
crc32,256,0.01,128,2048,2080,20,detectado
crc32,256,0.01,129,2048,2080,25,detectado
crc32,256,0.01,130,2048,2080,25,detectado
crc32,256,0.01,131,2048,2080,22,detectado
crc32,256,0.01,132,2048,2080,26,detectado
crc32,256,0.01,133,2048,2080,18,detectado
crc32,256,0.01,134,2048,2080,23,detectado
crc32,256,0.01,135,2048,2080,24,detectado
crc32,256,0.01,136,2048,2080,21,detectado
crc32,256,0.01,137,2048,2080,23,detectado
crc32,256,0.01,138,2048,2080,20,detectado
crc32,256,0.01,139,2048,2080,31,detectado
crc32,256,0.01,140,2048,2080,17,detectado
crc32,256,0.01,141,2048,2080,23,detectado
crc32,256,0.01,142,2048,2080,18,detectado
crc32,256,0.01,143,2048,2080,13,detectado
crc32,256,0.01,144,2048,2080,24,detectado
crc32,256,0.01,145,2048,2080,21,detectado
crc32,256,0.01,146,2048,2080,18,detectado
crc32,256,0.01,147,2048,2080,19,detectado
crc32,256,0.01,148,2048,2080,23,detectado
crc32,256,0.01,149,2048,2080,24,detectado
crc32,256,0.01,150,2048,2080,17,detectado
crc32,256,0.01,151,2048,2080,22,detectado
crc32,256,0.01,152,2048,2080,23,detectado
crc32,256,0.01,153,2048,2080,19,detectado
crc32,256,0.01,154,2048,2080,19,detectado
crc32,256,0.01,155,2048,2080,26,detectado
crc32,256,0.01,156,2048,2080,15,detectado
crc32,256,0.01,157,2048,2080,19,detectado
crc32,256,0.01,158,2048,2080,13,detectado
crc32,256,0.01,159,2048,2080,25,detectado
crc32,256,0.01,160,2048,2080,18,detectado
crc32,256,0.01,161,2048,2080,23,detectado
crc32,256,0.01,162,2048,2080,27,detectado
crc32,256,0.01,163,2048,2080,17,detectado
crc32,256,0.01,164,2048,2080,17,detectado
crc32,256,0.01,165,2048,2080,18,detectado
crc32,256,0.01,166,2048,2080,18,detectado
crc32,256,0.01,167,2048,2080,22,detectado
crc32,256,0.01,168,2048,2080,18,detectado
crc32,256,0.01,169,2048,2080,29,detectado
crc32,256,0.01,170,2048,2080,22,detectado
crc32,256,0.01,171,2048,2080,22,detectado
crc32,256,0.01,172,2048,2080,25,detectado
crc32,256,0.01,173,2048,2080,14,detectado
crc32,256,0.01,174,2048,2080,17,detectado
crc32,256,0.01,175,2048,2080,18,detectado
crc32,256,0.01,176,2048,2080,20,detectado
crc32,256,0.01,177,2048,2080,19,detectado
crc32,256,0.01,178,2048,2080,23,detectado
crc32,256,0.01,179,2048,2080,21,detectado
crc32,256,0.01,180,2048,2080,23,detectado
crc32,256,0.01,181,2048,2080,20,detectado
crc32,256,0.01,182,2048,2080,28,detectado
crc32,256,0.01,183,2048,2080,26,detectado
crc32,256,0.01,184,2048,2080,22,detectado
crc32,256,0.01,185,2048,2080,24,detectado
crc32,256,0.01,186,2048,2080,27,detectado
crc32,256,0.01,187,2048,2080,25,detectado
crc32,256,0.01,188,2048,2080,20,detectado
crc32,256,0.01,189,2048,2080,20,detectado
crc32,256,0.01,190,2048,2080,19,detectado
crc32,256,0.01,191,2048,2080,20,detectado
crc32,256,0.01,192,2048,2080,24,detectado
crc32,256,0.01,193,2048,2080,17,detectado
crc32,256,0.01,194,2048,2080,20,detectado
crc32,256,0.01,195,2048,2080,18,detectado
crc32,256,0.01,196,2048,2080,31,detectado
crc32,256,0.01,197,2048,2080,23,detectado
crc32,256,0.01,198,2048,2080,27,detectado
crc32,256,0.01,199,2048,2080,28,detectado
crc32,256,0.02,0,2048,2080,27,detectado
crc32,256,0.02,1,2048,2080,36,detectado
crc32,256,0.02,2,2048,2080,43,detectado
crc32,256,0.02,3,2048,2080,38,detectado
crc32,256,0.02,4,2048,2080,41,detectado
crc32,256,0.02,5,2048,2080,41,detectado
crc32,256,0.02,6,2048,2080,50,detectado
crc32,256,0.02,7,2048,2080,38,detectado
crc32,256,0.02,8,2048,2080,47,detectado
crc32,256,0.02,9,2048,2080,40,detectado
crc32,256,0.02,10,2048,2080,37,detectado
crc32,256,0.02,11,2048,2080,40,detectado
crc32,256,0.02,12,2048,2080,39,detectado
crc32,256,0.02,13,2048,2080,51,detectado
crc32,256,0.02,14,2048,2080,62,detectado
crc32,256,0.02,15,2048,2080,29,detectado
crc32,256,0.02,16,2048,2080,41,detectado
crc32,256,0.02,17,2048,2080,54,detectado
crc32,256,0.02,18,2048,2080,56,detectado
crc32,256,0.02,19,2048,2080,34,detectado
crc32,256,0.02,20,2048,2080,46,detectado
crc32,256,0.02,21,2048,2080,45,detectado
crc32,256,0.02,22,2048,2080,53,detectado
crc32,256,0.02,23,2048,2080,36,detectado
crc32,256,0.02,24,2048,2080,36,detectado
crc32,256,0.02,25,2048,2080,32,detectado
crc32,256,0.02,26,2048,2080,38,detectado
crc32,256,0.02,27,2048,2080,38,detectado
crc32,256,0.02,28,2048,2080,40,detectado
crc32,256,0.02,29,2048,2080,56,detectado
crc32,256,0.02,30,2048,2080,50,detectado
crc32,256,0.02,31,2048,2080,40,detectado
crc32,256,0.02,32,2048,2080,48,detectado
crc32,256,0.02,33,2048,2080,40,detectado
crc32,256,0.02,34,2048,2080,40,detectado
crc32,256,0.02,35,2048,2080,29,detectado
crc32,256,0.02,36,2048,2080,33,detectado
crc32,256,0.02,37,2048,2080,42,detectado
crc32,256,0.02,38,2048,2080,55,detectado
crc32,256,0.02,39,2048,2080,38,detectado
crc32,256,0.02,40,2048,2080,37,detectado
crc32,256,0.02,41,2048,2080,40,detectado
crc32,256,0.02,42,2048,2080,42,detectado
crc32,256,0.02,43,2048,2080,38,detectado
crc32,256,0.02,44,2048,2080,25,detectado
crc32,256,0.02,45,2048,2080,40,detectado
crc32,256,0.02,46,2048,2080,27,detectado
crc32,256,0.02,47,2048,2080,43,detectado
crc32,256,0.02,48,2048,2080,42,detectado
crc32,256,0.02,49,2048,2080,39,detectado
crc32,256,0.02,50,2048,2080,40,detectado
crc32,256,0.02,51,2048,2080,44,detectado
crc32,256,0.02,52,2048,2080,40,detectado
crc32,256,0.02,53,2048,2080,49,detectado
crc32,256,0.02,54,2048,2080,38,detectado
crc32,256,0.02,55,2048,2080,43,detectado
crc32,256,0.02,56,2048,2080,56,detectado
crc32,256,0.02,57,2048,2080,44,detectado
crc32,256,0.02,58,2048,2080,42,detectado
crc32,256,0.02,59,2048,2080,39,detectado
crc32,256,0.02,60,2048,2080,37,detectado
crc32,256,0.02,61,2048,2080,33,detectado
crc32,256,0.02,62,2048,2080,35,detectado
crc32,256,0.02,63,2048,2080,32,detectado
crc32,256,0.02,64,2048,2080,30,detectado
crc32,256,0.02,65,2048,2080,33,detectado
crc32,256,0.02,66,2048,2080,38,detectado
crc32,256,0.02,67,2048,2080,37,detectado
crc32,256,0.02,68,2048,2080,41,detectado
crc32,256,0.02,69,2048,2080,50,detectado
crc32,256,0.02,70,2048,2080,44,detectado
crc32,256,0.02,71,2048,2080,45,detectado
crc32,256,0.02,72,2048,2080,42,detectado
crc32,256,0.02,73,2048,2080,39,detectado
crc32,256,0.02,74,2048,2080,43,detectado
crc32,256,0.02,75,2048,2080,31,detectado
crc32,256,0.02,76,2048,2080,57,detectado
crc32,256,0.02,77,2048,2080,40,detectado
crc32,256,0.02,78,2048,2080,38,detectado
crc32,256,0.02,79,2048,2080,36,detectado
crc32,256,0.02,80,2048,2080,36,detectado
crc32,256,0.02,81,2048,2080,46,detectado
crc32,256,0.02,82,2048,2080,41,detectado
crc32,256,0.02,83,2048,2080,46,detectado
crc32,256,0.02,84,2048,2080,31,detectado
crc32,256,0.02,85,2048,2080,42,detectado
crc32,256,0.02,86,2048,2080,27,detectado
crc32,256,0.02,87,2048,2080,41,detectado
crc32,256,0.02,88,2048,2080,57,detectado
crc32,256,0.02,89,2048,2080,34,detectado
crc32,256,0.02,90,2048,2080,40,detectado
crc32,256,0.02,91,2048,2080,47,detectado
crc32,256,0.02,92,2048,2080,48,detectado
crc32,256,0.02,93,2048,2080,38,detectado
crc32,256,0.02,94,2048,2080,45,detectado
crc32,256,0.02,95,2048,2080,48,detectado
crc32,256,0.02,96,2048,2080,36,detectado
crc32,256,0.02,97,2048,2080,46,detectado
crc32,256,0.02,98,2048,2080,26,detectado
crc32,256,0.02,99,2048,2080,41,detectado
crc32,256,0.02,100,2048,2080,42,detectado
crc32,256,0.02,101,2048,2080,44,detectado
crc32,256,0.02,102,2048,2080,42,detectado
crc32,256,0.02,103,2048,2080,42,detectado
crc32,256,0.02,104,2048,2080,53,detectado
crc32,256,0.02,105,2048,2080,33,detectado
crc32,256,0.02,106,2048,2080,36,detectado
crc32,256,0.02,107,2048,2080,44,detectado
crc32,256,0.02,108,2048,2080,38,detectado
crc32,256,0.02,109,2048,2080,44,detectado
crc32,256,0.02,110,2048,2080,40,detectado
crc32,256,0.02,111,2048,2080,26,detectado
crc32,256,0.02,112,2048,2080,34,detectado
crc32,256,0.02,113,2048,2080,46,detectado
crc32,256,0.02,114,2048,2080,50,detectado
crc32,256,0.02,115,2048,2080,36,detectado
crc32,256,0.02,116,2048,2080,41,detectado
crc32,256,0.02,117,2048,2080,39,detectado
crc32,256,0.02,118,2048,2080,42,detectado
crc32,256,0.02,119,2048,2080,53,detectado
crc32,256,0.02,120,2048,2080,39,detectado
crc32,256,0.02,121,2048,2080,33,detectado
crc32,256,0.02,122,2048,2080,42,detectado
crc32,256,0.02,123,2048,2080,48,detectado
crc32,256,0.02,124,2048,2080,37,detectado
crc32,256,0.02,125,2048,2080,32,detectado
crc32,256,0.02,126,2048,2080,47,detectado
crc32,256,0.02,127,2048,2080,49,detectado
crc32,256,0.02,128,2048,2080,28,detectado
crc32,256,0.02,129,2048,2080,46,detectado
crc32,256,0.02,130,2048,2080,55,detectado
crc32,256,0.02,131,2048,2080,47,detectado
crc32,256,0.02,132,2048,2080,49,detectado
crc32,256,0.02,133,2048,2080,33,detectado
crc32,256,0.02,134,2048,2080,56,detectado
crc32,256,0.02,135,2048,2080,43,detectado
crc32,256,0.02,136,2048,2080,51,detectado
crc32,256,0.02,137,2048,2080,32,detectado
crc32,256,0.02,138,2048,2080,32,detectado
crc32,256,0.02,139,2048,2080,46,detectado
crc32,256,0.02,140,2048,2080,44,detectado
crc32,256,0.02,141,2048,2080,42,detectado
crc32,256,0.02,142,2048,2080,51,detectado
crc32,256,0.02,143,2048,2080,36,detectado
crc32,256,0.02,144,2048,2080,53,detectado
crc32,256,0.02,145,2048,2080,30,detectado
crc32,256,0.02,146,2048,2080,38,detectado
crc32,256,0.02,147,2048,2080,51,detectado
crc32,256,0.02,148,2048,2080,38,detectado
crc32,256,0.02,149,2048,2080,37,detectado
crc32,256,0.02,150,2048,2080,44,detectado
crc32,256,0.02,151,2048,2080,35,detectado
crc32,256,0.02,152,2048,2080,36,detectado
crc32,256,0.02,153,2048,2080,38,detectado
crc32,256,0.02,154,2048,2080,42,detectado
crc32,256,0.02,155,2048,2080,38,detectado
crc32,256,0.02,156,2048,2080,31,detectado
crc32,256,0.02,157,2048,2080,30,detectado
crc32,256,0.02,158,2048,2080,38,detectado
crc32,256,0.02,159,2048,2080,34,detectado
crc32,256,0.02,160,2048,2080,47,detectado
crc32,256,0.02,161,2048,2080,35,detectado
crc32,256,0.02,162,2048,2080,37,detectado
crc32,256,0.02,163,2048,2080,49,detectado
crc32,256,0.02,164,2048,2080,48,detectado
crc32,256,0.02,165,2048,2080,35,detectado
crc32,256,0.02,166,2048,2080,36,detectado
crc32,256,0.02,167,2048,2080,40,detectado
crc32,256,0.02,168,2048,2080,47,detectado
crc32,256,0.02,169,2048,2080,36,detectado
crc32,256,0.02,170,2048,2080,51,detectado
crc32,256,0.02,171,2048,2080,46,detectado
crc32,256,0.02,172,2048,2080,38,detectado
crc32,256,0.02,173,2048,2080,39,detectado
crc32,256,0.02,174,2048,2080,40,detectado
crc32,256,0.02,175,2048,2080,43,detectado
crc32,256,0.02,176,2048,2080,47,detectado
crc32,256,0.02,177,2048,2080,40,detectado
crc32,256,0.02,178,2048,2080,41,detectado
crc32,256,0.02,179,2048,2080,41,detectado
crc32,256,0.02,180,2048,2080,40,detectado
crc32,256,0.02,181,2048,2080,46,detectado
crc32,256,0.02,182,2048,2080,37,detectado
crc32,256,0.02,183,2048,2080,47,detectado
crc32,256,0.02,184,2048,2080,45,detectado
crc32,256,0.02,185,2048,2080,50,detectado
crc32,256,0.02,186,2048,2080,44,detectado
crc32,256,0.02,187,2048,2080,43,detectado
crc32,256,0.02,188,2048,2080,37,detectado
crc32,256,0.02,189,2048,2080,34,detectado
crc32,256,0.02,190,2048,2080,48,detectado
crc32,256,0.02,191,2048,2080,47,detectado
crc32,256,0.02,192,2048,2080,38,detectado
crc32,256,0.02,193,2048,2080,36,detectado
crc32,256,0.02,194,2048,2080,53,detectado
crc32,256,0.02,195,2048,2080,40,detectado
crc32,256,0.02,196,2048,2080,35,detectado
crc32,256,0.02,197,2048,2080,39,detectado
crc32,256,0.02,198,2048,2080,54,detectado
crc32,256,0.02,199,2048,2080,34,detectado
crc32,256,0.05,0,2048,2080,94,detectado
crc32,256,0.05,1,2048,2080,108,detectado
crc32,256,0.05,2,2048,2080,108,detectado
crc32,256,0.05,3,2048,2080,97,detectado
crc32,256,0.05,4,2048,2080,104,detectado
crc32,256,0.05,5,2048,2080,102,detectado
crc32,256,0.05,6,2048,2080,81,detectado
crc32,256,0.05,7,2048,2080,116,detectado
crc32,256,0.05,8,2048,2080,103,detectado
crc32,256,0.05,9,2048,2080,91,detectado
crc32,256,0.05,10,2048,2080,102,detectado
crc32,256,0.05,11,2048,2080,123,detectado
crc32,256,0.05,12,2048,2080,110,detectado
crc32,256,0.05,13,2048,2080,112,detectado
crc32,256,0.05,14,2048,2080,118,detectado
crc32,256,0.05,15,2048,2080,93,detectado
crc32,256,0.05,16,2048,2080,104,detectado
crc32,256,0.05,17,2048,2080,112,detectado
crc32,256,0.05,18,2048,2080,105,detectado
crc32,256,0.05,19,2048,2080,89,detectado
crc32,256,0.05,20,2048,2080,94,detectado
crc32,256,0.05,21,2048,2080,99,detectado
crc32,256,0.05,22,2048,2080,110,detectado
crc32,256,0.05,23,2048,2080,100,detectado
crc32,256,0.05,24,2048,2080,109,detectado
crc32,256,0.05,25,2048,2080,96,detectado
crc32,256,0.05,26,2048,2080,113,detectado
crc32,256,0.05,27,2048,2080,98,detectado
crc32,256,0.05,28,2048,2080,107,detectado
crc32,256,0.05,29,2048,2080,107,detectado
crc32,256,0.05,30,2048,2080,99,detectado
crc32,256,0.05,31,2048,2080,89,detectado
crc32,256,0.05,32,2048,2080,99,detectado
crc32,256,0.05,33,2048,2080,103,detectado
crc32,256,0.05,34,2048,2080,106,detectado
crc32,256,0.05,35,2048,2080,112,detectado
crc32,256,0.05,36,2048,2080,110,detectado
crc32,256,0.05,37,2048,2080,103,detectado
crc32,256,0.05,38,2048,2080,98,detectado
crc32,256,0.05,39,2048,2080,97,detectado
crc32,256,0.05,40,2048,2080,121,detectado
crc32,256,0.05,41,2048,2080,112,detectado
crc32,256,0.05,42,2048,2080,121,detectado
crc32,256,0.05,43,2048,2080,105,detectado
crc32,256,0.05,44,2048,2080,107,detectado
crc32,256,0.05,45,2048,2080,100,detectado
crc32,256,0.05,46,2048,2080,95,detectado
crc32,256,0.05,47,2048,2080,98,detectado
crc32,256,0.05,48,2048,2080,104,detectado
crc32,256,0.05,49,2048,2080,101,detectado
crc32,256,0.05,50,2048,2080,126,detectado
crc32,256,0.05,51,2048,2080,105,detectado
crc32,256,0.05,52,2048,2080,103,detectado
crc32,256,0.05,53,2048,2080,85,detectado
crc32,256,0.05,54,2048,2080,109,detectado
crc32,256,0.05,55,2048,2080,108,detectado
crc32,256,0.05,56,2048,2080,116,detectado
crc32,256,0.05,57,2048,2080,96,detectado
crc32,256,0.05,58,2048,2080,107,detectado
crc32,256,0.05,59,2048,2080,106,detectado
crc32,256,0.05,60,2048,2080,99,detectado
crc32,256,0.05,61,2048,2080,90,detectado
crc32,256,0.05,62,2048,2080,95,detectado
crc32,256,0.05,63,2048,2080,101,detectado
crc32,256,0.05,64,2048,2080,120,detectado
crc32,256,0.05,65,2048,2080,104,detectado
crc32,256,0.05,66,2048,2080,116,detectado
crc32,256,0.05,67,2048,2080,91,detectado
crc32,256,0.05,68,2048,2080,87,detectado
crc32,256,0.05,69,2048,2080,99,detectado
crc32,256,0.05,70,2048,2080,119,detectado
crc32,256,0.05,71,2048,2080,105,detectado
crc32,256,0.05,72,2048,2080,105,detectado
crc32,256,0.05,73,2048,2080,103,detectado
crc32,256,0.05,74,2048,2080,121,detectado
crc32,256,0.05,75,2048,2080,99,detectado
crc32,256,0.05,76,2048,2080,89,detectado
crc32,256,0.05,77,2048,2080,101,detectado
crc32,256,0.05,78,2048,2080,89,detectado
crc32,256,0.05,79,2048,2080,94,detectado
crc32,256,0.05,80,2048,2080,96,detectado
crc32,256,0.05,81,2048,2080,96,detectado
crc32,256,0.05,82,2048,2080,88,detectado
crc32,256,0.05,83,2048,2080,109,detectado
crc32,256,0.05,84,2048,2080,107,detectado
crc32,256,0.05,85,2048,2080,113,detectado
crc32,256,0.05,86,2048,2080,88,detectado
crc32,256,0.05,87,2048,2080,102,detectado
crc32,256,0.05,88,2048,2080,102,detectado
crc32,256,0.05,89,2048,2080,91,detectado
crc32,256,0.05,90,2048,2080,103,detectado
crc32,256,0.05,91,2048,2080,107,detectado
crc32,256,0.05,92,2048,2080,104,detectado
crc32,256,0.05,93,2048,2080,106,detectado
crc32,256,0.05,94,2048,2080,111,detectado
crc32,256,0.05,95,2048,2080,110,detectado
crc32,256,0.05,96,2048,2080,96,detectado
crc32,256,0.05,97,2048,2080,104,detectado
crc32,256,0.05,98,2048,2080,111,detectado
crc32,256,0.05,99,2048,2080,95,detectado
crc32,256,0.05,100,2048,2080,104,detectado
crc32,256,0.05,101,2048,2080,102,detectado
crc32,256,0.05,102,2048,2080,93,detectado
crc32,256,0.05,103,2048,2080,124,detectado
crc32,256,0.05,104,2048,2080,93,detectado
crc32,256,0.05,105,2048,2080,100,detectado
crc32,256,0.05,106,2048,2080,104,detectado
crc32,256,0.05,107,2048,2080,97,detectado
crc32,256,0.05,108,2048,2080,106,detectado
crc32,256,0.05,109,2048,2080,122,detectado
crc32,256,0.05,110,2048,2080,100,detectado
crc32,256,0.05,111,2048,2080,102,detectado
crc32,256,0.05,112,2048,2080,93,detectado
crc32,256,0.05,113,2048,2080,115,detectado
crc32,256,0.05,114,2048,2080,99,detectado
crc32,256,0.05,115,2048,2080,94,detectado
crc32,256,0.05,116,2048,2080,114,detectado
crc32,256,0.05,117,2048,2080,124,detectado
crc32,256,0.05,118,2048,2080,107,detectado
crc32,256,0.05,119,2048,2080,105,detectado
crc32,256,0.05,120,2048,2080,111,detectado
crc32,256,0.05,121,2048,2080,106,detectado
crc32,256,0.05,122,2048,2080,106,detectado
crc32,256,0.05,123,2048,2080,116,detectado
crc32,256,0.05,124,2048,2080,103,detectado
crc32,256,0.05,125,2048,2080,114,detectado
crc32,256,0.05,126,2048,2080,112,detectado
crc32,256,0.05,127,2048,2080,92,detectado
crc32,256,0.05,128,2048,2080,91,detectado
crc32,256,0.05,129,2048,2080,101,detectado
crc32,256,0.05,130,2048,2080,117,detectado
crc32,256,0.05,131,2048,2080,110,detectado
crc32,256,0.05,132,2048,2080,113,detectado
crc32,256,0.05,133,2048,2080,98,detectado
crc32,256,0.05,134,2048,2080,106,detectado
crc32,256,0.05,135,2048,2080,98,detectado
crc32,256,0.05,136,2048,2080,111,detectado
crc32,256,0.05,137,2048,2080,99,detectado
crc32,256,0.05,138,2048,2080,116,detectado
crc32,256,0.05,139,2048,2080,103,detectado
crc32,256,0.05,140,2048,2080,105,detectado
crc32,256,0.05,141,2048,2080,100,detectado
crc32,256,0.05,142,2048,2080,120,detectado
crc32,256,0.05,143,2048,2080,108,detectado
crc32,256,0.05,144,2048,2080,107,detectado
crc32,256,0.05,145,2048,2080,118,detectado
crc32,256,0.05,146,2048,2080,110,detectado
crc32,256,0.05,147,2048,2080,103,detectado
crc32,256,0.05,148,2048,2080,120,detectado
crc32,256,0.05,149,2048,2080,105,detectado
crc32,256,0.05,150,2048,2080,111,detectado
crc32,256,0.05,151,2048,2080,110,detectado
crc32,256,0.05,152,2048,2080,106,detectado
crc32,256,0.05,153,2048,2080,87,detectado
crc32,256,0.05,154,2048,2080,126,detectado
crc32,256,0.05,155,2048,2080,112,detectado
crc32,256,0.05,156,2048,2080,95,detectado
crc32,256,0.05,157,2048,2080,120,detectado
crc32,256,0.05,158,2048,2080,98,detectado
crc32,256,0.05,159,2048,2080,97,detectado
crc32,256,0.05,160,2048,2080,110,detectado
crc32,256,0.05,161,2048,2080,98,detectado
crc32,256,0.05,162,2048,2080,119,detectado
crc32,256,0.05,163,2048,2080,104,detectado
crc32,256,0.05,164,2048,2080,101,detectado
crc32,256,0.05,165,2048,2080,97,detectado
crc32,256,0.05,166,2048,2080,92,detectado
crc32,256,0.05,167,2048,2080,100,detectado
crc32,256,0.05,168,2048,2080,128,detectado
crc32,256,0.05,169,2048,2080,95,detectado
crc32,256,0.05,170,2048,2080,97,detectado
crc32,256,0.05,171,2048,2080,107,detectado
crc32,256,0.05,172,2048,2080,116,detectado
crc32,256,0.05,173,2048,2080,104,detectado
crc32,256,0.05,174,2048,2080,97,detectado
crc32,256,0.05,175,2048,2080,111,detectado
crc32,256,0.05,176,2048,2080,104,detectado
crc32,256,0.05,177,2048,2080,112,detectado
crc32,256,0.05,178,2048,2080,113,detectado
crc32,256,0.05,179,2048,2080,88,detectado
crc32,256,0.05,180,2048,2080,117,detectado
crc32,256,0.05,181,2048,2080,97,detectado
crc32,256,0.05,182,2048,2080,100,detectado
crc32,256,0.05,183,2048,2080,130,detectado
crc32,256,0.05,184,2048,2080,108,detectado
crc32,256,0.05,185,2048,2080,111,detectado
crc32,256,0.05,186,2048,2080,100,detectado
crc32,256,0.05,187,2048,2080,95,detectado
crc32,256,0.05,188,2048,2080,107,detectado
crc32,256,0.05,189,2048,2080,117,detectado
crc32,256,0.05,190,2048,2080,107,detectado
crc32,256,0.05,191,2048,2080,112,detectado
crc32,256,0.05,192,2048,2080,101,detectado
crc32,256,0.05,193,2048,2080,115,detectado
crc32,256,0.05,194,2048,2080,116,detectado
crc32,256,0.05,195,2048,2080,95,detectado
crc32,256,0.05,196,2048,2080,91,detectado
crc32,256,0.05,197,2048,2080,100,detectado
crc32,256,0.05,198,2048,2080,111,detectado
crc32,256,0.05,199,2048,2080,101,detectado
crc32,256,0.1,0,2048,2080,225,detectado
crc32,256,0.1,1,2048,2080,218,detectado
crc32,256,0.1,2,2048,2080,196,detectado
crc32,256,0.1,3,2048,2080,193,detectado
crc32,256,0.1,4,2048,2080,232,detectado
crc32,256,0.1,5,2048,2080,212,detectado
crc32,256,0.1,6,2048,2080,216,detectado
crc32,256,0.1,7,2048,2080,194,detectado
crc32,256,0.1,8,2048,2080,198,detectado
crc32,256,0.1,9,2048,2080,229,detectado
crc32,256,0.1,10,2048,2080,209,detectado
crc32,256,0.1,11,2048,2080,214,detectado
crc32,256,0.1,12,2048,2080,194,detectado
crc32,256,0.1,13,2048,2080,196,detectado
crc32,256,0.1,14,2048,2080,203,detectado
crc32,256,0.1,15,2048,2080,194,detectado
crc32,256,0.1,16,2048,2080,214,detectado
crc32,256,0.1,17,2048,2080,208,detectado
crc32,256,0.1,18,2048,2080,219,detectado
crc32,256,0.1,19,2048,2080,197,detectado
crc32,256,0.1,20,2048,2080,205,detectado
crc32,256,0.1,21,2048,2080,212,detectado
crc32,256,0.1,22,2048,2080,204,detectado
crc32,256,0.1,23,2048,2080,211,detectado
crc32,256,0.1,24,2048,2080,209,detectado
crc32,256,0.1,25,2048,2080,226,detectado
crc32,256,0.1,26,2048,2080,212,detectado
crc32,256,0.1,27,2048,2080,186,detectado
crc32,256,0.1,28,2048,2080,199,detectado
crc32,256,0.1,29,2048,2080,179,detectado
crc32,256,0.1,30,2048,2080,212,detectado
crc32,256,0.1,31,2048,2080,213,detectado
crc32,256,0.1,32,2048,2080,215,detectado
crc32,256,0.1,33,2048,2080,202,detectado
crc32,256,0.1,34,2048,2080,209,detectado
crc32,256,0.1,35,2048,2080,196,detectado
crc32,256,0.1,36,2048,2080,232,detectado
crc32,256,0.1,37,2048,2080,193,detectado
crc32,256,0.1,38,2048,2080,185,detectado
crc32,256,0.1,39,2048,2080,218,detectado
crc32,256,0.1,40,2048,2080,210,detectado
crc32,256,0.1,41,2048,2080,180,detectado
crc32,256,0.1,42,2048,2080,216,detectado
crc32,256,0.1,43,2048,2080,226,detectado
crc32,256,0.1,44,2048,2080,219,detectado
crc32,256,0.1,45,2048,2080,204,detectado
crc32,256,0.1,46,2048,2080,228,detectado
crc32,256,0.1,47,2048,2080,211,detectado
crc32,256,0.1,48,2048,2080,208,detectado
crc32,256,0.1,49,2048,2080,233,detectado
crc32,256,0.1,50,2048,2080,206,detectado
crc32,256,0.1,51,2048,2080,209,detectado
crc32,256,0.1,52,2048,2080,215,detectado
crc32,256,0.1,53,2048,2080,200,detectado
crc32,256,0.1,54,2048,2080,224,detectado
crc32,256,0.1,55,2048,2080,211,detectado
crc32,256,0.1,56,2048,2080,219,detectado
crc32,256,0.1,57,2048,2080,211,detectado
crc32,256,0.1,58,2048,2080,198,detectado
crc32,256,0.1,59,2048,2080,196,detectado
crc32,256,0.1,60,2048,2080,215,detectado
crc32,256,0.1,61,2048,2080,206,detectado
crc32,256,0.1,62,2048,2080,191,detectado
crc32,256,0.1,63,2048,2080,200,detectado
crc32,256,0.1,64,2048,2080,212,detectado
crc32,256,0.1,65,2048,2080,220,detectado
crc32,256,0.1,66,2048,2080,197,detectado
crc32,256,0.1,67,2048,2080,209,detectado
crc32,256,0.1,68,2048,2080,237,detectado
crc32,256,0.1,69,2048,2080,206,detectado
crc32,256,0.1,70,2048,2080,215,detectado
crc32,256,0.1,71,2048,2080,209,detectado
crc32,256,0.1,72,2048,2080,222,detectado
crc32,256,0.1,73,2048,2080,200,detectado
crc32,256,0.1,74,2048,2080,205,detectado
crc32,256,0.1,75,2048,2080,186,detectado
crc32,256,0.1,76,2048,2080,212,detectado
crc32,256,0.1,77,2048,2080,223,detectado
crc32,256,0.1,78,2048,2080,191,detectado
crc32,256,0.1,79,2048,2080,188,detectado
crc32,256,0.1,80,2048,2080,212,detectado
crc32,256,0.1,81,2048,2080,237,detectado
crc32,256,0.1,82,2048,2080,183,detectado
crc32,256,0.1,83,2048,2080,224,detectado
crc32,256,0.1,84,2048,2080,201,detectado
crc32,256,0.1,85,2048,2080,227,detectado
crc32,256,0.1,86,2048,2080,192,detectado
crc32,256,0.1,87,2048,2080,194,detectado
crc32,256,0.1,88,2048,2080,201,detectado
crc32,256,0.1,89,2048,2080,224,detectado
crc32,256,0.1,90,2048,2080,192,detectado
crc32,256,0.1,91,2048,2080,209,detectado
crc32,256,0.1,92,2048,2080,216,detectado
crc32,256,0.1,93,2048,2080,211,detectado
crc32,256,0.1,94,2048,2080,204,detectado
crc32,256,0.1,95,2048,2080,215,detectado
crc32,256,0.1,96,2048,2080,196,detectado
crc32,256,0.1,97,2048,2080,195,detectado
crc32,256,0.1,98,2048,2080,208,detectado
crc32,256,0.1,99,2048,2080,213,detectado
crc32,256,0.1,100,2048,2080,210,detectado
crc32,256,0.1,101,2048,2080,204,detectado
crc32,256,0.1,102,2048,2080,227,detectado
crc32,256,0.1,103,2048,2080,207,detectado
crc32,256,0.1,104,2048,2080,202,detectado
crc32,256,0.1,105,2048,2080,215,detectado
crc32,256,0.1,106,2048,2080,188,detectado
crc32,256,0.1,107,2048,2080,208,detectado
crc32,256,0.1,108,2048,2080,222,detectado
crc32,256,0.1,109,2048,2080,229,detectado
crc32,256,0.1,110,2048,2080,210,detectado
crc32,256,0.1,111,2048,2080,220,detectado
crc32,256,0.1,112,2048,2080,196,detectado
crc32,256,0.1,113,2048,2080,235,detectado
crc32,256,0.1,114,2048,2080,187,detectado
crc32,256,0.1,115,2048,2080,173,detectado
crc32,256,0.1,116,2048,2080,196,detectado
crc32,256,0.1,117,2048,2080,210,detectado
crc32,256,0.1,118,2048,2080,201,detectado
crc32,256,0.1,119,2048,2080,203,detectado
crc32,256,0.1,120,2048,2080,180,detectado
crc32,256,0.1,121,2048,2080,207,detectado
crc32,256,0.1,122,2048,2080,197,detectado
crc32,256,0.1,123,2048,2080,225,detectado
crc32,256,0.1,124,2048,2080,195,detectado
crc32,256,0.1,125,2048,2080,179,detectado
crc32,256,0.1,126,2048,2080,228,detectado
crc32,256,0.1,127,2048,2080,218,detectado
crc32,256,0.1,128,2048,2080,214,detectado
crc32,256,0.1,129,2048,2080,221,detectado
crc32,256,0.1,130,2048,2080,211,detectado
crc32,256,0.1,131,2048,2080,219,detectado
crc32,256,0.1,132,2048,2080,188,detectado
crc32,256,0.1,133,2048,2080,223,detectado
crc32,256,0.1,134,2048,2080,231,detectado
crc32,256,0.1,135,2048,2080,211,detectado
crc32,256,0.1,136,2048,2080,200,detectado
crc32,256,0.1,137,2048,2080,193,detectado
crc32,256,0.1,138,2048,2080,201,detectado
crc32,256,0.1,139,2048,2080,231,detectado
crc32,256,0.1,140,2048,2080,196,detectado
crc32,256,0.1,141,2048,2080,192,detectado
crc32,256,0.1,142,2048,2080,230,detectado
crc32,256,0.1,143,2048,2080,239,detectado
crc32,256,0.1,144,2048,2080,190,detectado
crc32,256,0.1,145,2048,2080,204,detectado
crc32,256,0.1,146,2048,2080,198,detectado
crc32,256,0.1,147,2048,2080,213,detectado
crc32,256,0.1,148,2048,2080,217,detectado
crc32,256,0.1,149,2048,2080,229,detectado
crc32,256,0.1,150,2048,2080,189,detectado
crc32,256,0.1,151,2048,2080,199,detectado
crc32,256,0.1,152,2048,2080,210,detectado
crc32,256,0.1,153,2048,2080,225,detectado
crc32,256,0.1,154,2048,2080,213,detectado
crc32,256,0.1,155,2048,2080,227,detectado
crc32,256,0.1,156,2048,2080,191,detectado
crc32,256,0.1,157,2048,2080,198,detectado
crc32,256,0.1,158,2048,2080,239,detectado
crc32,256,0.1,159,2048,2080,193,detectado
crc32,256,0.1,160,2048,2080,214,detectado
crc32,256,0.1,161,2048,2080,213,detectado
crc32,256,0.1,162,2048,2080,210,detectado
crc32,256,0.1,163,2048,2080,185,detectado
crc32,256,0.1,164,2048,2080,197,detectado
crc32,256,0.1,165,2048,2080,205,detectado
crc32,256,0.1,166,2048,2080,212,detectado
crc32,256,0.1,167,2048,2080,223,detectado
crc32,256,0.1,168,2048,2080,209,detectado
crc32,256,0.1,169,2048,2080,180,detectado
crc32,256,0.1,170,2048,2080,193,detectado
crc32,256,0.1,171,2048,2080,216,detectado
crc32,256,0.1,172,2048,2080,190,detectado
crc32,256,0.1,173,2048,2080,205,detectado
crc32,256,0.1,174,2048,2080,201,detectado
crc32,256,0.1,175,2048,2080,223,detectado
crc32,256,0.1,176,2048,2080,192,detectado
crc32,256,0.1,177,2048,2080,218,detectado
crc32,256,0.1,178,2048,2080,211,detectado
crc32,256,0.1,179,2048,2080,208,detectado
crc32,256,0.1,180,2048,2080,225,detectado
crc32,256,0.1,181,2048,2080,233,detectado
crc32,256,0.1,182,2048,2080,216,detectado
crc32,256,0.1,183,2048,2080,213,detectado
crc32,256,0.1,184,2048,2080,249,detectado
crc32,256,0.1,185,2048,2080,195,detectado
crc32,256,0.1,186,2048,2080,209,detectado
crc32,256,0.1,187,2048,2080,203,detectado
crc32,256,0.1,188,2048,2080,213,detectado
crc32,256,0.1,189,2048,2080,207,detectado
crc32,256,0.1,190,2048,2080,207,detectado
crc32,256,0.1,191,2048,2080,208,detectado
crc32,256,0.1,192,2048,2080,195,detectado
crc32,256,0.1,193,2048,2080,213,detectado
crc32,256,0.1,194,2048,2080,190,detectado
crc32,256,0.1,195,2048,2080,203,detectado
crc32,256,0.1,196,2048,2080,206,detectado
crc32,256,0.1,197,2048,2080,210,detectado
crc32,256,0.1,198,2048,2080,225,detectado
crc32,256,0.1,199,2048,2080,173,detectado
